ID_REF,215219_at,208245_at,210506_at,220418_at,220622_at,214565_s_at,214244_s_at,207899_at,216373_at,217166_at,206925_at,208601_s_at,211904_x_at,220433_at,217380_s_at,211794_at,217536_x_at,215814_at,213680_at,215663_at,214379_at,202489_s_at,204047_s_at,218454_at,207757_at,219699_at,209788_s_at,203676_at,209156_s_at,204863_s_at,218411_s_at,214283_at,203168_at,216652_s_at,221967_at,201219_at,222217_s_at,52741_at,221715_at,220641_at,219731_at,218075_at,219869_s_at,204557_s_at,210210_at,219530_at,219324_at,221966_at,204391_x_at,209015_s_at,204880_at,211799_x_at,204846_at,206989_s_at,209959_at,222273_at,212238_at,202688_at,209523_at,201866_s_at,202479_s_at,217863_at,205726_at,213900_at,203874_s_at,217961_at,203851_at,209735_at,Group
GSM317398,0.17248909,0.004366813,0.021834062,0.041484717,0.015283844,0.06331878,0.026200876,0.054585155,0.11353712,0.13537118,0.19650656,0.37991267,0.019650655,0.07641922,0.23580788,0.19213976,0.09606988,0.04585153,0.16157207,0.09606988,0.34497818,0.9563319,0.61572057,0.15502185,0.22270744,1.187773,0.5786027,1.3296944,0.43668124,0.21397382,0.8493451,0.5895197,0.6353712,1.6746725,1.2510917,0.7969433,1.0960699,1.1790394,0.13537118,0.2074236,1.2117904,0.9650656,1.048035,1.7336246,0.8231442,1.1179041,2.106987,1.3144106,2.0283844,1.0720525,1.5611354,1.8777294,0.34061137,1.7554586,1.7772927,1.4585154,2.7423582,0.91703063,2.4410481,3.6200876,2.574236,2.7663755,1.8689957,1.6724892,2.6157207,2.8296945,2.4213974,6.1484723,control
GSM317402,0.030581038,0.02446483,0.045871556,0.22324158,0.015290519,0.1529052,0.021406727,0.4006116,0.039755348,0.119266056,0.12538226,0.66360855,0.45565745,0.38226297,0.04892966,0.10091743,0.28746176,0.27522933,0.079510696,0.25382262,0.3761468,0.079510696,0.49541286,0.039755348,1.0519878,0.9388379,0.18960243,1.211009,0.5749235,0.26605502,0.82568806,0.9908257,0.50152904,1.4556574,0.9357798,0.79816514,1.2691131,1.556575,0.5045871,1.0764526,1.4801223,1.2262996,1.4954128,1.3486238,1.211009,1.2507645,1.5779816,1.7308867,1.53211,0.9235474,1.3119266,1.6299694,0.16207951,1.0061163,2.058104,1.0214068,2.5504587,1.620795,1.6177369,4.770642,3.8501527,1.2538226,2.7798164,1.2201835,2.8501527,2.9051986,3.7370028,5.7278285,control
GSM317407,0.023738872,0.008902078,0.2982196,0.11721068,0.010385756,0.08456973,0.040059347,0.08160237,0.22106823,0.1439169,0.17507418,0.050445102,0.20474777,0.28635013,0.5281899,0.7759644,0.17507418,0.14985164,0.615727,0.21513352,0.45845696,0.047477745,0.65578634,0.33679524,0.5504451,0.59940654,0.6231454,0.8902077,0.6780415,1.1038575,0.9020771,1.1305637,1.4332343,0.97626114,0.9732937,1.15727,0.6854599,0.80563796,0.53857565,0.68991095,0.9406528,1.5905043,0.60979223,1.5934718,0.51186943,1.12908,1.4569732,2.0103858,1.2893175,0.74629074,1.249258,0.86201775,0.33531156,2.2284865,1.8353114,1.3026706,1.8768545,1.1023738,2.498516,2.3427298,2.15727,2.8175073,2.0222552,2.4703264,3.013353,2.4510384,2.3664687,2.8961422,control
GSM317410,0.01910828,0.08067941,0.042462848,0.07855627,0.02760085,0.17834395,0.02760085,0.24628453,0.16560511,0.24840766,0.23779194,0.070063695,0.22929938,0.5010616,0.07643312,0.11889597,0.2059448,0.19745225,0.34394908,0.3099788,0.59660304,0.14012739,0.656051,0.21868367,0.5456476,1.0360935,0.37579623,0.45222932,0.67303616,0.90870494,0.7643313,1.0764332,1.1252655,1.0318471,0.7112527,0.7940553,1.0743101,1.2292994,0.789809,0.47558388,0.9745224,0.98301494,1.1507432,1.3651806,0.7961784,1.3290871,1.6900213,0.50955415,1.6157113,0.7813164,1.2314225,1.101911,0.5414013,1.5244163,1.6921444,1.6624205,1.774947,1.0976646,1.9639068,2.653928,2.52017,1.8174099,2.1210194,1.4628452,2.0679407,2.1719747,2.1740978,3.1337583,control
GSM317412,0.01775148,0.011834321,0.05128205,0.15581855,0.0295858,0.2366864,0.047337282,0.027613413,0.013806706,0.13806707,0.0591716,0.06903353,0.30177516,0.17159763,0.4122288,0.24457593,0.07692308,0.09072978,0.18145956,0.28796846,0.37869826,0.29980275,0.678501,0.092702165,0.90729785,0.6646943,0.67061144,0.58185405,0.67455626,0.75147927,0.9526627,0.8126233,0.5838264,1.285996,0.84023666,1.0493097,0.98224854,0.8974359,0.27218935,0.4852071,1.2071006,1.3392506,1.0118343,1.923077,0.88757396,0.94280076,1.4378699,1.6607494,1.7455622,0.7218935,1.5917159,1.4930966,0.17159763,2.504931,1.8461539,2.0532544,1.7731756,1.3550296,2.4240632,3.566075,2.948718,2.6548326,2.1755426,1.4595661,2.698225,2.0039449,2.0552268,4.4516764,control
GSM317413,0.024886878,0.20135747,0.040723983,0.05882353,0.036199097,0.25339368,0.18099548,0.28054297,0.12669684,0.18778281,0.19004524,0.05882353,0.4841629,0.10859729,0.59049773,0.6877828,0.3846154,0.1923077,0.18552037,0.08144797,0.5294118,0.06787331,0.300905,0.24660634,0.5565611,0.32126698,0.11764706,0.24886878,0.9932127,1.061086,0.7850679,0.73981905,1.6877828,0.5701358,1.0429864,0.8552036,1.6583711,1.142534,1.3936652,0.9004525,1.0226245,2.4230769,0.69004524,1.8529413,1.545249,1.5022625,1.5950227,1.3076923,1.2466063,0.7692308,1.5701358,1.0588236,0.17420815,1.4977375,1.719457,2.5384614,1.7579185,1.3959277,2.9592762,1.4705883,1.9389141,2.6968327,2.3891404,2.4728508,3.0384617,3.0837104,2.6651585,2.8438914,control
GSM317416,0.019047622,0.0984127,0.06984127,0.15396826,0.02698413,0.057142857,0.058730163,0.03968254,0.10952382,0.22222224,0.18888889,0.1793651,0.23650794,0.31269845,0.34603176,0.12380953,0.06825397,0.45714286,0.50317466,0.21746033,0.49047622,0.16825399,0.61111116,0.5380953,0.53968257,0.16666667,0.24126986,0.4714286,0.89206356,0.58571434,1.3873017,0.7285715,0.21904764,0.8063492,0.97142863,1.1206349,0.9603175,0.78095245,0.6269842,0.7825397,1.3174604,1.3349206,1.0714287,2.3841271,0.87936515,1.352381,1.6317462,1.5682541,2.125397,0.8031746,1.520635,1.0492064,0.104761906,2.9952383,5.246032,2.5603178,1.8444445,0.4587302,3.4634922,2.2904763,2.4539685,3.8539686,2.44127,1.9968256,3.352381,2.877778,1.8095239,3.798413,control
GSM317418,0.11032864,0.016431926,0.02347418,0.058685448,0.03286385,0.086854465,0.17605634,0.079812214,0.02112676,0.06807512,0.23943663,0.29577467,0.12206573,0.3685446,0.37558687,0.13615024,0.058685448,0.049295776,0.443662,0.2746479,0.39201882,0.07042254,0.65023476,0.41314557,0.24413146,0.29812208,0.41079813,0.44835684,0.629108,0.6384977,0.9929578,1.3638498,1.0985916,1.4389671,0.96948355,0.88967144,0.45070425,0.9929578,0.39201882,0.673709,1.5187793,1.2676057,0.98356813,2.1079814,0.730047,1.258216,1.5140846,0.77230054,2.4295776,1.2065729,1.4788733,0.81690145,0.15023474,1.9835682,1.7558687,1.7276995,1.8497654,1.8098592,1.6361502,4.0399065,3.1431925,2.6314554,2.3521128,2.0469484,2.915493,2.0704226,1.6384978,4.6549296,control
GSM317421,0.014830508,0.12288136,0.06567796,0.07838983,0.023305086,0.086864404,0.24364407,0.048728812,0.059322033,0.20127119,0.34533897,0.06355932,0.32627118,0.093220346,0.48728815,0.29449153,0.17372881,0.059322033,0.19703391,0.3495763,0.59322035,0.04025424,0.49152544,0.7161017,0.69491524,0.720339,0.5677966,0.48093224,0.5529661,0.059322033,1.2118645,0.5466102,0.8622882,1.0805085,0.7966102,1.0360171,0.73093224,1.1144068,0.29872882,0.95127124,1.1398305,0.8834746,0.8368644,2.4110172,0.9830509,1.292373,1.5805085,1.0317796,1.8029661,1.1059322,1.6800848,0.9364407,0.27118644,2.4512713,1.4661016,2.4427967,2.006356,1.1271187,3.3686442,4.120763,2.809322,2.6737287,2.1080508,1.881356,3.6822035,2.7394068,2.2372882,3.561441,control
GSM317426,0.024096385,0.13253012,0.03313253,0.0753012,0.03313253,0.4066265,0.054216865,0.20783132,0.10843373,0.4307229,0.24698794,0.06626506,0.30421686,0.4638554,0.0873494,0.12650602,0.012048192,0.15361445,0.7620481,0.24096385,0.40361443,0.093373485,0.3885542,0.5963855,0.66566265,0.22289155,0.37349394,0.5722891,0.65361446,0.71385545,0.5903614,0.93072283,1.0843374,0.813253,1.2319278,0.9096385,1.1837349,1.0301205,0.813253,1.2469879,1.1415663,1.2951807,0.560241,1.2048192,1.0210843,0.9036144,1.2108433,1.0421686,1.7259035,0.7650602,1.0120481,1.5331326,0.14759035,1.5240963,1.8132529,1.4879518,2.0722892,0.7439759,2.2198794,2.3433735,3.1415663,2.2981927,1.9548192,2.2228916,2.9367468,2.563253,2.2379518,3.2319276,control
GSM317432,0.015625,0.065104164,0.21874999,0.15104167,0.033854164,0.15885416,0.026041666,0.033854164,0.046874996,0.29427084,0.5494792,0.078125,0.13541666,0.12239583,0.09374999,0.484375,0.26302084,0.21354166,0.6875,0.4427083,0.2708333,0.065104164,0.7317708,0.9322916,0.7578125,0.5130208,0.5989583,0.87499994,0.30729166,0.8697917,0.51562494,1.1510416,1.0677083,1.1770834,1.1015625,0.6666667,1.3307291,1.296875,1.1276041,0.13020833,1.3489583,1.3385416,1.0546875,1.640625,1.25,1.0312499,1.046875,1.3229166,1.6510416,1.3333334,1.5052083,3.5963542,0.5104167,1.7734374,0.27604166,1.7317708,1.8463541,3.388021,2.1328125,2.8177083,2.8645833,2.1822917,2.5859375,2.7682292,2.3046875,1.6718749,2.1953125,0.484375,control
GSM317434,0.059139784,0.021505376,0.043010753,0.112903215,0.053763438,0.15591398,0.29032257,0.10215053,0.47849458,0.24731182,0.6612903,0.22580643,0.49462363,0.12903225,0.44086018,0.42473117,0.14516129,0.86559135,0.37096772,0.14516129,0.6666666,0.059139784,0.38709673,0.053763438,0.8333333,0.4623656,0.6129032,1.3978494,0.77419347,0.58064514,0.43548387,0.6935483,0.94086015,1.2741935,0.7473118,0.8333333,0.8870967,1.3010752,2.2634406,0.47849458,1.8010752,2.2903223,1.1290323,0.091397844,0.516129,0.7956989,1.736559,3.892473,0.97311825,0.9247312,1.8655913,0.7580645,0.037634406,1.1612903,2.6505375,0.4623656,2.9193547,1.1989247,0.80645156,3.1881719,3.1935482,0.91397846,1.0430107,1.4838709,1.1612903,1.4946235,3.1827955,6.5752687,control
GSM317435,0.016990291,0.12864077,0.048543688,0.053398058,0.029126214,0.0461165,0.053398058,0.07038835,0.12864077,0.15048543,0.47330096,0.44902912,0.40048543,0.036407765,0.14805825,0.13106796,0.097087376,0.19902912,0.7281553,0.097087376,0.35679612,0.45631066,0.737864,0.4538835,0.32038835,0.342233,0.25,0.86165047,0.71359223,0.89805824,1.1310679,1.4635922,1.3883495,1.2087379,1.0461165,0.88349515,1.1359223,1.0242718,0.40776697,0.70873785,1.1990291,1.3276699,0.8713592,1.4029126,0.6140776,1.2524271,1.6262136,1.8373785,1.4635922,0.776699,1.6456311,2.002427,0.368932,1.2791262,1.6674756,1.5728155,2.0631068,1.6796116,1.6941748,3.4490292,4.135922,1.9805825,1.5169903,1.9538834,2.2038834,1.9077669,2.252427,4.1334953,control
GSM317436,0.018018018,0.13288288,0.04954955,0.08558559,0.022522522,0.1036036,0.08108108,0.04954955,0.23198198,0.3873874,0.27702704,0.045045044,0.23648648,0.18018018,0.033783782,0.10585585,0.15765765,0.45045045,0.3873874,0.10810811,0.5315315,0.10135135,0.4054054,0.6869369,0.33783785,0.63738734,0.16891892,0.6554054,0.8265766,0.6261261,0.9211712,1.0765766,1.222973,0.87387383,0.81981987,1,0.8490991,0.7747748,0.4842342,0.6036036,1.259009,1.1621621,0.8423424,1.7995496,1.2522522,1.3873873,1.7545046,2.376126,1.481982,0.759009,1.5405406,1.5337837,0.3671171,1.6644144,1.5067568,1.9436938,2.1734233,1.2387388,1.9144144,3.0405405,2.6914413,2.0608108,1.8288287,1.4527026,3.4346845,2.4234233,2.3873873,3.2995496,control
GSM317438,0.03583062,0.013029316,0.19869706,0.06188925,0.03257329,0.06840391,0.045602605,0.08469055,0.09120521,0.042345274,0.3029316,0.5504886,0.42996743,0.03583062,0.43648207,0.18241042,0.23778503,0.22801304,0.1791531,0.36156353,0.5374593,0.0781759,0.6384365,0.42996743,0.5537459,0.4136808,0.5309446,0.5342019,0.8469055,0.6058632,0.8175896,1.2182411,0.78827363,0.69381106,0.9315961,1.0260587,0.7850163,1.5830618,0.47231272,0.8045603,1.5276873,1.8338763,1.4267101,1.3127036,1.0162867,1.1074919,1.4201955,2.3583062,1.9153094,1.0716614,1.6742672,1.257329,0.39413682,1.1693811,0.7296417,1.6156352,1.8501629,2.801303,1.9153094,2.0912051,2.296417,2.1009772,2.7003257,1.7263844,2.2117264,1.970684,2.2214983,3.1824102,control
GSM317441,0.1097561,0.03658537,0.067073174,0.12195122,0.04878049,0.26219514,0.1097561,0.16463415,0.030487806,0.085365854,0.37804878,0.12195122,0.11585366,0.10365854,0.6707317,0.15853658,0.34756097,0.25609756,0.6707317,0.9207317,0.9268293,0.07926829,0.93292683,0.51829267,0.4390244,0.75609756,1.25,0.6219512,0.9756098,1.7256098,0.6463415,0.5853659,0.6402439,0.84146345,1.7500001,1.6829269,1.7743903,1.8109757,0.9085366,1.9390244,1.6158537,0.8353659,2.3658538,1.1280488,1.3902439,0.93292683,1.3292683,2.0914633,1.7439024,1.25,2.9695122,2.5182927,4.9939027,1.6829269,0.41463417,1.3109757,2.0731707,0.28658536,1.2682927,1.4146342,3.1097562,1.4085367,1.5243902,4.1036587,2.0914633,1.8597561,3.4146342,7.4390244,control
GSM317442,0.03488372,0.005813954,0.027131783,0.062015504,0.032945737,0.40310076,0.20930232,0.20348836,0.13759689,0.31007752,0.21899225,0.050387595,0.12403101,0.07364341,0.058139533,0.37403098,0.20348836,0.251938,0.3352713,0.14341085,0.4127907,0.07364341,0.5581395,0.5116279,0.41666666,0.7635659,0.7151163,0.75581396,0.80813956,0.9437985,0.79457366,1.0775193,1.0891473,0.99999994,1.0329458,0.8856589,0.9011628,1.131783,0.6763566,0.78488374,1.3178295,1.8798449,0.9534884,1.0523256,0.8236434,0.9457364,1.6647288,1.6492248,2.261628,0.7267442,1.507752,1.7073643,0.21705426,1.75,1.2441859,1.9554263,2.003876,0.9748062,1.8449612,3.0387597,2.498062,1.8817829,2.015504,1.5930232,2.2093024,2.2170544,2.3217056,3.4360466,control
GSM317447,0.054913297,0.17341042,0.03179191,0.06936417,0.03179191,0.0982659,0.06936417,0.0982659,0.017341042,0.15606937,0.3410405,0.31791908,0.36127168,0.11271677,0.40751448,0.1531792,0.19075145,0.20520231,0.682081,0.2630058,0.2716763,0.109826595,0.92485553,0.81502897,0.6473989,0.48554912,0.08092486,0.5433526,0.699422,0.69075143,0.7514451,0.6763006,0.92485553,1.1184971,0.7947977,0.9479769,0.69653183,0.79190755,0.56358385,0.46820813,1.1791908,1.6965319,1.0895954,1.2716763,0.7601156,0.92485553,1.6589596,1.4942198,1.6300579,1.3670521,1.4624277,1.7254336,0.50867057,1.632948,0.8526012,1.4104047,1.947977,1.3294798,1.83237,2.7052023,3.3208094,1.4595376,1.6618497,1.7947978,2.8410406,1.9855491,2.1965318,4.294798,control
GSM317449,0.05741627,0.028708136,0.045454547,0.28708136,0.0215311,0.055023924,0.059808612,0.05741627,0.20813397,0.215311,0.36363637,0.16746412,0.215311,0.07177034,0.13636364,0.08373206,0.11004785,0.16267943,0.06459331,0.2631579,0.49282297,0.059808612,0.430622,0.46411484,0.8444976,0.4712919,0.430622,0.5263158,0.64593303,0.6698565,0.5382775,0.8564593,1.2105263,1.3181818,0.92583734,1.2535886,0.83253586,0.64593303,0.34210527,0.3062201,1.3923446,1.6052631,0.95933014,2.0382774,0.9832536,1.5598086,1.8851676,1.8660288,1.9976077,1.0861244,1.354067,1.9736843,0.1770335,2.3803828,2.3732057,2.035885,2.2057416,1.5550239,2.4066985,3.0956936,3.5263157,2.744019,2.5311005,1.5119618,2.368421,2.88756,3.3923447,4.949761,control
GSM317452,0.03253796,0.036876358,0.047722343,0.06290673,0.04338395,0.12364425,0.06507592,0.060737528,0.09544469,0.20824297,0.093275495,0.5010846,0.2364425,0.0867679,0.29501086,0.39696312,0.06941432,0.17787418,0.46637744,0.35357916,0.43167028,0.06507592,0.7483731,0.106290676,0.5900217,1.0173537,0.38611713,0.73969626,0.83947945,0.362256,1.1518438,0.29934925,0.8872018,0.9587853,0.7809111,1.2169198,0.813449,1.1301519,0.4360087,0.5097614,1.1301519,0.99132323,1.4295012,2.373102,0.99132323,1.1062907,1.5683298,1.0737528,1.6399132,1.438178,1.6312364,1.5314534,0.54013014,1.7939262,1.6420823,1.4707159,1.3557484,1.4967462,3.427332,2.6117136,1.6529284,3.308026,2.394794,1.1084598,3.8937094,2.7396965,2.9978309,4.9501085,control
GSM317453,0.18715084,0.10055866,0.31843576,0.17039107,0.039106146,0.32122907,0.2960894,0.11452515,0.12290504,0.31005588,0.24581008,0.027932962,0.66480446,0.18994415,0.10893855,0.13687152,0.17318437,0.19832402,0.5921788,0.2932961,0.78770953,0.11173185,0.5837989,0.19273745,0.07821229,0.081005596,0.56703913,0.86312854,0.86592185,0.67877096,0.5167598,1.3743018,0.8072626,1.0083799,0.9748604,0.4664805,1.5586593,1.5111732,0.19832402,0.31843576,1.8798884,1.6675979,1.5139666,1.611732,1.0698324,0.7932961,1.4106146,0.5167598,1.2513967,0.77653635,1.1229051,1.3631285,0.10055866,1.9189944,0.77653635,1.5810056,1.6843576,1.9441341,2.1899443,2.8324025,2.5586593,1.7262571,1.4106146,0.70391065,2.1173186,2.3212292,2.7486036,6.307263,control
GSM317459,0.076712325,0.25753424,0.043835618,0.12054795,0.02739726,0.0849315,0.27123287,0.073972605,0.07123287,0.3068493,0.37534246,0.30958906,0.16712329,0.33150685,0.6109589,0.101369865,0.36438358,0.39452052,0.7315069,0.06849315,0.5287671,0.049315065,0.8383562,0.91780823,0.31780824,0.83013695,1.060274,1.1726027,1.6876712,1.690411,0.7863014,1.3232876,1.1835617,1.3342466,0.5890411,1.0356164,0.29041097,1.5178082,0.36438358,0.8219178,1.0465753,1.2328767,1.5452055,1.2794521,1.969863,1.2383562,1.6958904,0.4109589,1.1150686,3.7506847,1.4712329,1.6273973,1.3369863,3.0739725,2.2219179,1.1972603,2.5589042,0.96986306,2.6,2.5589042,2.3123288,1.090411,1.3753425,2.9835618,2.2109587,1.6794521,1.830137,3.7342467,control
GSM317461,0.011441647,0.009153318,0.04576659,0.36155605,0.26773453,0.06864988,0.03432494,0.11441647,0.03661327,0.26086953,0.15789473,0.057208236,0.08009153,0.13272311,0.052631576,0.0778032,0.194508,0.041189928,0.48283753,0.0389016,0.201373,0.086956516,0.7391304,0.51716244,0.38215104,0.48741415,0.43935928,0.9496567,0.5652174,0.8260869,0.7528604,1.7185353,1.2494278,0.5743707,1.1029748,1.0022882,1.1762013,0.8512586,0.68192214,0.36842105,1.1693363,0.9748283,1.0778031,1.9199084,0.7002288,1.5652174,1.4874141,1.4141876,1.361556,1.0137299,1.5789473,1.6979403,0.07322654,1.7070937,1.0526315,2.347826,2.0686498,1.501144,2.1967962,2.8169334,2.7345536,2.340961,2.340961,1.8100685,2.9679632,2.5812356,2.0389016,3.5263157,control
GSM317462,0.07676348,0.10580912,0.04356846,0.03319502,0.099585064,0.29668048,0.06639004,0.1078838,0.14315352,0.19917013,0.2365145,0.30290455,0.022821575,0.14315352,0.051867217,0.31535268,0.014522821,0.2551867,0.88796675,0.4087137,0.44605806,0.056016594,0.5311203,0.22821575,0.3838174,1.0746887,0.1825726,0.64730287,0.6867219,0.5456431,0.66182566,0.5248962,0.75311196,0.946058,0.66597503,1.1348547,0.93153524,1.3278008,0.16182572,0.67634845,1.1887966,0.7033195,1.2448132,1.6307052,1.1265559,1.5726141,1.4917012,1.2759335,1.8506222,0.8049792,1.2406638,1.3609958,0.23029046,1.9585061,1.6286306,1.5912862,1.8941908,0.9419087,2.9688797,2.7468877,1.8983401,1.9232364,1.8319502,1.0456431,2.244813,2.2489626,2.3941908,4.9149375,control
GSM317465,0.019379845,0.013565891,0.04069767,0.116279066,0.031007752,0.26550388,0.12015504,0.08139534,0.1744186,0.2112403,0.12403101,0.05232558,0.27131784,0.2383721,0.34108528,0.37015504,0.17829457,0.31589144,0.49224806,0.09108527,0.5271318,0.10852713,0.6317829,0.5251938,0.7131783,0.3527132,0.32364342,0.5736434,0.53100777,0.8992248,0.65891474,1.5387597,0.75581396,1.2945737,1.0310078,1.1182171,0.9011628,1.1337209,0.7054264,0.8352713,1.2926356,1.507752,0.625969,1.7480619,0.9709302,1.242248,1.618217,1.5813953,1.8003876,0.7616279,1.2131783,0.89728683,1.1724806,2.0174417,0.7151163,2.4554262,1.7596899,0.37790698,2.389535,2.2170544,1.874031,2.625969,2.0697675,2.4418604,2.6957366,1.8837209,1.864341,2.102713,control
GSM317466,0.019851116,0.079404466,0.074441686,0.042183623,0.05955335,0.13895781,0.05707196,0.079404466,0.21091811,0.13151366,0.044665013,0.3126551,0.30521092,0.46650124,0.34987596,0.32754344,0.20099257,0.12655087,0.33995038,0.14888337,0.5235732,0.079404466,0.67493796,1.0148884,0.3870968,0.6253102,0.7444169,0.6674938,1.3275435,0.6327543,0.4764268,0.83870965,1.0148884,1.1315136,1.1811414,1.0248139,1,1.0272954,0.91067,0.7468983,1.3176179,1.7171215,0.9751861,1.5086849,0.8039703,1.223325,1.6997519,1.9379653,1.471464,0.8263027,0.97270477,2.126551,0.121588096,1.8684864,0.9454094,1.8957816,1.8858562,2.223325,1.7717122,2.0372207,1.6426798,1.8163772,2.027295,1.9379653,2.7146404,1.8436725,2.573201,3.0942929,control
GSM317468,0.015521065,0.09977828,0.028824834,0.015521065,0.09534369,0.05764967,0.13747229,0.06430156,0.082039915,0.29268295,0.055432376,0.32150778,0.2660754,0.4013304,0.46563196,0.1396896,0.19512196,0.23059867,0.25720623,0.028824834,0.368071,0.055432376,0.64966744,0.54545456,0.42572066,0.4079823,0.49445677,0.51219517,0.34589803,0.8980045,0.46563196,1.044346,0.8780488,0.86031044,1.044346,0.95343685,0.89578724,1.1175168,0.5166297,0.3192905,1.3614192,2.0709536,1.1308205,1.3104213,1.1906874,1.2017739,2.2527716,2.1019957,1.1441242,0.9933482,1.3658537,1.6230599,0.34811532,1.7317073,1.8625278,1.2638582,1.9866964,2.2017741,2.7184036,2.4988914,2.1773837,1.3547672,1.7450111,1.6097561,2.4390244,2.0975611,2.2217295,4.758315,control
GSM317471,0.03791469,0.06398104,0.03554502,0.023696681,0.014218009,0.033175353,0.18246444,0.056872036,0.11374407,0.25592417,0.19905211,0.24170615,0.07109004,0.13507108,0.20616113,0.1563981,0.40521327,0.20616113,0.18720378,0.20616113,0.4905213,0.18483412,0.39099523,0.33649287,0.5094786,0.6113744,0.21800947,0.8909952,0.6611374,0.3554502,0.94549763,0.66587675,1.2535545,1.4265403,0.74170613,1.0260663,0.91469187,1.5758293,0.116113745,0.3862559,1.1800947,1.2819904,1.0734596,1.5023696,0.6445497,1.2345971,1.6090047,1.663507,1.6658767,1.2156397,1.6090047,1.4478672,0.13981043,2.0521326,1.8151658,1.8933649,1.9075829,1.2559241,1.985782,2.4526064,2.7251184,2.4952607,2.4028435,1.6729857,2.156398,2.2180092,2.1303318,4.6161137,control
GSM317472,0.016528925,0.14049587,0.03719008,0.041322313,0.024793388,0.07438016,0.03305785,0.049586777,0.028925618,0.09504132,0.22727272,0.024793388,0.2768595,0.028925618,0.016528925,0.15702479,0.29338843,0.06198347,0.057851236,0.03719008,0.55785125,0.1735537,0.59090906,0.38429752,0.60743797,0.30578512,0.3305785,0.62809914,0.76033056,0.11570247,0.5165289,0.98760325,1.3305786,1.4710743,0.6694215,0.8719008,1.0454545,1.2314049,0.4628099,0.80991733,1.7892561,1.838843,0.6859504,0.77685946,1.2024794,1.2396694,1.5867769,3.2479339,1.177686,1.0454545,1.7644628,1.5619835,0.057851236,0.80165285,1.4132231,0.9421487,2.0826447,1.2438016,1.8884298,2.6157024,2.677686,1.177686,2.4421487,1.9338843,2.0950413,2.268595,2.6033058,4.268595,control
GSM317476,0.021818181,0.014545455,0.05818182,0.087272726,0.10545455,0.3272727,0.03272727,0.0690909,0.38181818,0.05818182,0.38181818,0.5854545,0.38545454,0.15272726,0.43272725,0.19272727,0.21818182,0.05818182,0.21818182,0.021818181,0.48,0.17454545,0.45454544,0.09454545,0.3490909,0.13090909,0.11636364,0.84,0.79272723,0.05818182,0.91999996,1.36,0.9090909,1.2145455,1.0727272,1.3090909,1.4145454,1.5854545,0.17454545,0.76363635,1.4727272,1.4399999,1.9272727,1.5236363,0.71636367,1.3018181,1.9745454,2.1636362,2.1490908,1.92,1.9636363,2.6545453,0.3090909,2.0945454,0.17818181,2.3999999,1.8036362,5.690909,2.821818,1.4690909,1.1454545,1.7345455,2.0836363,3.050909,2.421818,2.0690908,2.1636362,8.752727,control
GSM317477,0.05585106,0.14361703,0.061170213,0.082446806,0.21010639,0.077127665,0.05319149,0.1356383,0.32978722,0.22606383,0.13031915,0.058510642,0.3138298,0.21808511,0.5,0.2712766,0.09574468,0.16489361,0.4920213,0.13297872,0.122340426,0.082446806,0.6728723,0.84042555,0.64893615,0.46542555,0.3643617,0.71010643,0.8111702,0.9547873,0.50265956,0.57978725,0.5771277,1.0372341,0.981383,1.0558511,1.1861702,0.8643617,0.13031915,0.3324468,1.2180852,1.9893619,0.5771277,1.2021277,0.78723407,1.2260638,1.4494681,2.0292554,1.4521277,1.0664893,1.4388298,1.675532,0.18617022,2.2154257,1.7154256,2.0292554,1.787234,1.0638298,2.0744681,1.9920213,2.4468086,2.2606382,1.9069148,2.4787233,3.2127662,2.4547873,1.9547873,3.0851064,control
GSM317480,0.014285715,0.17857143,0.07619048,0.05714286,0.061904762,0.0952381,0.15476191,0.1904762,0.13571428,0.092857145,0.104761906,0.6452381,0.2904762,0.34285715,0.3404762,0.20238096,0.19761905,0.06904762,0.3357143,0.37142858,0.6357143,0.083333336,0.7642857,0.33095238,0.3,0.7857143,0.56904763,0.77142864,0.45238096,0.7595238,0.7357143,0.9404762,1.1761905,0.9880953,0.8333334,0.8857143,0.7595238,1.2690476,1.0380952,0.8214286,1.2380953,1.757143,0.7619048,1.502381,1.4404762,1.1880953,1.4666667,1.4928572,1.4404762,0.5857143,1.4238095,1.395238,0.41190475,1.3690476,0.53571427,2.0928571,2.2214286,2.6785715,2.4904761,2.3214285,1.9023811,2.3690476,2.2619047,1.1190476,2.904762,1.9452381,3.2666667,4.354762,control
GSM317484,0.18918918,0.02027027,0.027027026,0.10135135,0.04054054,0.13513513,0.033783782,0.45270267,0.33783782,0.64189184,0.5405405,0.5135135,0.47297296,0.074324325,0.24324323,0.3716216,0.16216215,0.13513513,0.121621616,0.49324325,0.5608108,0.18243243,0.9864865,0.121621616,0.09459459,1.1689188,0.24324323,1.081081,1.2905405,0.09459459,0.24324323,1.1418918,0.5202702,1.3648648,1.1891892,0.83108103,0.99999994,1.4054053,1.1756756,2.4256756,1.1756756,1.1148648,1.1283784,0.44594592,0.87837833,1.554054,1.5135134,2.2567568,1.3243243,1.0337838,2.5540538,2.2364862,0.28378376,1.2094594,0.6283784,0.9189189,2.3175673,1.027027,1.2094594,2.52027,2.8175676,0.93918914,1.5337838,1.4391891,1.7297297,2.6756754,3.5337837,5.027027,control
GSM317486,0.018518519,0.013888889,0.032407407,0.08333333,0.04861111,0.05787037,0.1412037,0.03472222,0.12268519,0.5393518,0.13888888,0.5810185,0.6782407,0.15277778,0.4212963,0.14583333,0.8055555,0.3726852,0.7615741,0.21527778,0.51620364,0.7199074,0.4537037,0.08333333,0.6481481,0.1736111,0.7222222,0.85648143,1.4930555,1.0717592,0.6203703,0.49768516,0.57638884,0.724537,0.6504629,1.2013888,0.56249994,1.7685184,1.0462962,0.5509259,1.5416666,1.761574,1.7199074,1.1388888,1.361111,1.800926,1.4953703,2.4027777,1.8541666,1.4768518,1.824074,3.6203701,0.2708333,1.4907408,1.2824074,2.101852,2.085648,3.0324073,3.1203704,1.6759259,2.3634257,1.2453703,1.486111,4.4560184,2.5648148,1.8958333,2.4953704,11.958332,control
GSM317387,0.034666665,0.208,0.018666666,0.026666667,0.034666665,0.15466668,0.23733333,0.055999998,0.30666667,0.2,0.29333335,0.034666665,0.25066665,0.192,0.5466667,0.79733336,0.09866667,0.050666668,0.4826667,0.061333332,0.39733332,0.82933336,0.34666666,0.6186667,0.40800002,0.120000005,0.784,0.25333333,0.7546667,0.75200003,1.2080001,0.464,0.44,0.67733335,0.8986667,1.5386667,1.2773334,1.2133334,0.122666664,0.08533334,1.2346667,0.25866666,0.7626667,3.144,0.83466667,1.5653334,1.5786667,0.30933335,1.4773334,0.49066666,1.5120001,0.8640001,0.3866667,1.2720001,1.2373334,1.5306667,1.904,0.7866667,3.0106668,1.5013334,2.7706668,3.104,3.9786668,2.832,2.5226667,2.512,2.104,1.4986668,schizophrenia
GSM317390,0.018237082,0.012158054,0.05471124,0.04255319,0.045592703,0.13677812,0.3525836,0.04255319,0.015197568,0.3161094,0.115501516,0.17325227,0.06382978,0.21276595,0.38905773,0.18844983,0.16413373,0.045592703,0.57750756,0.012158054,0.38601822,0.93920964,0.27355623,0.21580546,0.3130699,0.449848,0.8784194,0.5410334,0.73860174,0.8449847,1.0030395,0.71124613,1.2948327,0.93920964,0.8297872,1.443769,1.8723403,1.5075986,0.775076,0.32522795,1.1033434,1.012158,1.0425531,1.8753799,1.1550151,1.367781,1.3191489,1.8297871,2.617021,0.793313,1.5258359,2.1641335,1.0334346,2.100304,0.6291793,1.7082067,1.8966565,0.44376898,2.9817626,1.7325227,1.911854,2.4012158,3.006079,5.2887535,3.3890576,2.9574468,1.9604862,1.6048632,schizophrenia
GSM317392,0.020775624,0.088642664,0.037396125,0.033241,0.16481994,0.06786704,0.02631579,0.029085873,0.02493075,0.17867036,0.11634349,0.01800554,0.2534626,0.49030474,0.40443215,0.12465374,0.32963988,0.009695292,0.5180056,0.07479225,0.35457066,0.06094183,0.62049866,0.61357343,0.54847646,0.4459834,0.35180056,0.6218837,0.50415516,1.2299169,1.0429363,0.20775624,1.1038781,1.0083103,0.85734075,1.3864266,0.6842106,0.7216067,0.090027705,0.24099724,1.034626,1.1163435,0.95429367,1.7770084,1.1454294,0.92243767,1.4722992,1.6108035,1.4653741,1.095568,1.1523546,1.2243768,0.367036,2.2686982,0.7631579,1.9515235,2.0872576,1.398892,2.296399,2.9168978,3.023546,2.7174516,1.9252079,2.2908587,3.4058173,2.094183,1.7271469,3.4182827,schizophrenia
GSM317393,0.030107526,0.006451613,0.025806453,0.021505376,0.036559142,0.034408603,0.098924726,0.040860213,0.058064517,0.3956989,0.16774194,0.043010753,0.17634408,0.22365591,0.49462366,0.08817204,0.45376346,0.14408602,0.38709676,0.2,0.33333334,0.53548384,0.39784947,1.0752689,0.55698925,0.21935484,0.3956989,0.74623656,0.15698925,1.6236559,1.1956989,1.1548387,1.5892473,0.916129,0.81935483,1.5204301,1.4860215,0.6494624,0.8043011,0.3139785,1.0215054,1.1913979,0.88387096,2.8387096,0.89462364,1.6301076,1.1892473,1.2129033,2.292473,1.1741935,0.93763435,1.567742,0.9247312,3.1096776,0.6537634,2.5698924,1.8473119,1.1677419,3.5505378,1.5741935,1.6494623,2.8,2.9462366,3.1333332,3.5612905,2.5311828,1.5655915,2.8774195,schizophrenia
GSM317394,0.042410716,0.04017857,0.035714287,0.017857144,0.017857144,0.035714287,0.27232143,0.049107146,0.23883928,0.49107143,0.058035713,0.071428575,0.03794643,0.37723213,0.29017857,0.051339287,0.53348213,0.024553573,0.37053573,0.25,0.20312501,0.03794643,0.3549107,0.62053573,0.6294643,0.4508929,0.8660714,0.71875006,0.5491072,1.375,0.87500006,0.8303572,1.1852678,0.9285714,0.49776787,1.1339285,1.375,1.0825893,0.14062501,0.15401787,1.1250001,1.7812501,0.86160713,1.7566963,0.95312506,1.3147322,1.9754465,1.578125,1.7165179,0.9241072,0.95312506,1.2566965,0.45535713,1.9665179,1.140625,2.5379465,1.2522322,2.0691965,2.9486609,2.21875,1.8281251,1.8816966,2.3549109,1.7924109,3.2098215,2.5200894,2.107143,4.8125005,schizophrenia
GSM317395,0.03757829,0.073068894,0.020876827,0.029227557,0.07098121,0.0605428,0.19832985,0.05427975,0.008350731,0.302714,0.36534446,0.035490606,0.10438413,0.3862213,0.36951986,0.08977036,0.39874738,0.19415449,0.3841336,0.029227557,0.4091858,0.64926934,0.65344465,0.4947808,0.55114824,0.3131524,1.045929,0.4676409,0.23590815,1.3006263,1.0208769,0.5615866,1.4050105,1.2192067,1,1.0125262,0.822547,0.87473905,0.54488516,0.31732777,1.4551147,0.565762,1.177453,2.1816285,0.9937369,1.5093946,1.1795408,0.43632567,1.9728601,1.1858038,1.3549061,0.82045925,0.3736952,2.749478,0.65762,2.914405,1.4425887,0.59498954,3.4780796,2.7098122,2.2588725,3.6534448,3.045929,1.2254697,3.1753654,2.7327764,2.5448852,3.6805847,schizophrenia
GSM317400,0.019642858,0.08035715,0.025,0.12142858,0.030357145,0.042857148,0.17142859,0.07678572,0.28392857,0.33035716,0.13928573,0.13214287,0.021428574,0.3482143,0.2107143,0.5517857,0.15357144,0.47678575,0.8214286,0.34107146,0.4875,0.1,0.6946429,0.30892858,0.75535715,0.41250002,0.8607143,0.9339286,0.08928572,1.1339287,0.9142858,0.8607143,0.9053572,0.9464286,0.5089286,1.3178573,1.125,0.86428577,0.50178576,0.11964286,1.0714287,1.3732144,0.80357146,1.8660715,1.3000001,1.3642858,1.2517858,0.31428573,1.894643,0.69107145,1.325,1.2857144,0.62857145,2.0964286,0.58214283,2.1053572,2.0964286,0.74285716,2.325,2.544643,2.8035715,2.5035715,1.7964287,1.594643,2.9482145,1.9678571,1.5250001,2.9625,schizophrenia
GSM317405,0.024475524,0.13986014,0.03146853,0.027972028,0.02097902,0.1013986,0.3881119,0.05944056,0.01048951,0.32517484,0.36363634,0.21678321,0.13986014,0.42307693,0.7832168,0.066433564,0.2062937,0.44405594,0.37062937,0.15734266,0.42657343,0.520979,0.53496504,0.18881118,0.6433566,0.67832166,1.048951,0.67132866,0.37762237,1.6293706,0.8496503,0.2027972,1.5314685,1.0734266,0.6433566,1.7167832,1.2832168,0.6678322,0.43356642,0.4055944,1.0559441,0.2832168,0.6433566,2.2867134,1.3321677,1.7587413,1.1678323,0.33566433,2.1783216,1.0734266,1.1643356,0.6433566,0.6888112,2.125874,2.1853147,2.2167833,1.4545454,0.6503497,3.653846,2.409091,3.2342658,3.1398602,2.339161,1.9580419,3.493007,2.7272727,2.132867,2.3006995,schizophrenia
GSM317408,0.013333334,0.08,0.024,0.08,0.032,0.064,0.029333334,0.064,0.25066665,0.24533333,0.010666668,0.35733333,0.368,0.24266668,0.70933336,0.11466668,0.29066667,0.037333332,0.6026667,0.050666668,0.38133335,0.21333334,0.616,0.78933334,0.55200005,0.65866673,0.6986667,0.35466668,0.8906667,1.176,1.6906668,1,1.3653334,0.6613333,1.168,0.89599997,0.9386667,1.016,0.184,0.33066666,1.3893334,1.1866667,1.0293334,1.8773334,0.8586667,1.3866667,1.8826667,1.2453334,1.7253333,0.96266663,1.7733334,1.2186667,0.34133336,2.5733335,0.22133334,1.8373334,1.488,2.1253333,3.1013334,1.9413334,1.5546666,3.432,2.3706667,2.5333333,2.5253334,2.072,2.28,4.3333335,schizophrenia
GSM317409,0.033519555,0.18156426,0.03631285,0.32960895,0.05027933,0.12569833,0.23463687,0.09776537,0.005586593,0.4469274,0.083798885,0.05027933,0.39106148,0.37709498,0.301676,0.17318437,0.56983244,0.055865925,0.8072626,0.41899443,0.3072626,0.57262576,0.2905028,0.5111732,0.6061453,0.18156426,1.2318436,0.6675978,0.37150842,1.0363128,0.75418997,0.53351957,1.6759777,0.9608939,0.7988827,1.1201117,1.1675978,1.2569833,0.12569833,0.49441347,1.2234638,1.6089386,0.5055866,1.3966482,1.2178771,1.5474862,1.0167599,0.5363129,1.9832404,0.6815643,1.3491621,1.6452515,0.91340786,2.8212292,0.8324022,2.5586593,1.8184358,0.5837989,2.6648047,2.0614526,1.5391061,1.7374303,2.1731846,2.405028,3.1620111,2.3128493,1.4581007,3.2681565,schizophrenia
GSM317414,0.010928962,0.101092905,0.024590164,0.024590164,0.019125683,0.04371585,0.41530058,0.046448093,0.23224045,0.36065575,0.065573774,0.035519127,0.027322406,0.32513663,0.39890712,0.07923498,0.27322406,0.010928962,0.521858,0.010928962,0.34699455,0.18579237,0.42076504,0.61202186,0.8415301,0.77595633,1.0300547,0.31147543,0.43169403,1.1830602,1.680328,0.19945356,1.0819672,0.58196723,0.5874317,1.6775957,1.1721313,0.9180328,0.092896186,1.6502733,0.9945356,0.74590164,1.0136613,2.2677598,1.1229508,1.7103826,1.6256832,1.6612023,2.5601094,0.7814208,1.2841531,1.5983608,0.63387984,2.5382516,0.98360664,3.169399,1.3633881,0.9180328,3.65847,1.5519127,1.3087432,3.9207652,3.1721313,2.6065576,3.1065574,3.0491805,1.6775957,2.9344265,schizophrenia
GSM317420,0.018099548,0.10859729,0.020361992,0.04751131,0.15837105,0.056561086,0.17420815,0.03846154,0.024886878,0.24886878,0.056561086,0.036199097,0.06787331,0.3529412,0.37556562,0.15158372,0.2963801,0.011312217,0.35520363,0.3484163,0.42986426,0.35746607,0.6085973,0.64705884,0.7081448,0.699095,0.39819005,0.59049773,0.260181,0.77375567,0.7692308,0.8552036,1.3031675,1.1470588,0.5972851,1.1493213,1.2692307,0.7556562,0.3122172,0.16515838,1.1357466,0.42307696,0.9162896,1.9592761,1.2171946,1.5950227,1.6085973,0.3280543,2.2285068,0.35746607,0.9298642,0.58371043,0.42081448,2.1085973,1.1176472,1.9389141,1.9162896,0.40497738,3.2375567,1.6877828,2.6900454,3.0633483,2.459276,2.1402714,3.2330315,2.7285068,1.780543,1.7714933,schizophrenia
GSM317422,0.011396012,0.12250713,0.06552707,0.011396012,0.11111112,0.022792025,0.051282052,0.04558405,0.022792025,0.5099715,0.025641026,0.06267807,0.03988604,0.47008547,0.4615385,0.042735044,0.1823362,0.037037037,0.41310543,0.025641026,0.25925928,0.2991453,0.74358976,0.3133903,0.49002853,0.16239317,1.2991453,0.960114,0.8860399,1.0968661,1.1851852,0.55270654,1.2336183,0.951567,0.68091166,1.0370371,1.019943,0.9287749,0.44159546,0.10541311,1.1025641,0.64387465,1.3675214,1.8148149,0.98005706,1.6809118,1.0085471,0.17094018,1.9601141,0.3903134,1.1111112,1.3504274,0.12535614,2.3874645,0.85470086,1.6581197,1.6153847,0.8860399,2.6039886,2.6980057,2.5213675,2.891738,2.2250712,2.0883193,3.042735,2.7378917,1.846154,3.1396012,schizophrenia
GSM317423,0.020408165,0.16666667,0.034013607,0.08163266,0.034013607,0.06462585,0.04081633,0.08163266,0.013605443,0.28231293,0.05102041,0.057823133,0.24149661,0.5850341,0.27891156,0.09183674,0.3537415,0.07142857,0.70408165,0.3877551,0.4727891,0.098639466,0.30952382,0.49659866,0.6938776,0.207483,0.1122449,0.19387755,0.8061225,1.0918367,0.81292516,0.20068029,1.3537415,0.7721089,0.8605442,1.2789116,1.1326531,1.0476191,0.48299322,1.112245,0.94217694,1.5408163,0.7755102,1.829932,1.0408164,1.2551022,1.1904762,0.4931973,1.4115647,0.57823133,1.122449,0.48299322,0.27551022,1.7142859,1.3367348,1.9217688,1.8537415,1.2244898,3.1360545,2.2278912,2.261905,2.0816329,3.1054423,2.4013605,2.3231294,2.2006803,2.5680273,3.5408163,schizophrenia
GSM317424,0.024657533,0.043835618,0.049315065,0.043835618,0.36712328,0.13150686,0.37260276,0.101369865,0.008219179,0.24657534,0.01369863,0.07945206,0.24931508,0.13972603,0.539726,0.05479452,0.30958906,0.09589041,0.7205479,0.021917809,0.28493148,0.101369865,0.43013698,0.4219178,0.46849316,0.11232876,0.10958904,0.14520548,0.9616438,0.9561644,0.9808219,0.6082192,1.7863013,0.539726,0.6109589,0.63835615,1.3178082,0.6739726,0.55342466,0.1780822,1.2657534,1.090411,0.6356165,1.5616438,0.7780822,1.4082192,1.230137,0.6821918,1.9315069,0.69315064,1.079452,1.9917808,0.6356165,2.1616437,0.34794518,1.6054794,1.6356164,1.210959,2.9068491,2.079452,1.9397261,2.2684932,1.5369862,3.2547946,2.980822,1.5178082,1.7205479,2.3123288,schizophrenia
GSM317427,0.02078522,0.09237876,0.030023096,0.039260972,0.1039261,0.09468822,0.15242495,0.06466513,0.011547345,0.32101616,0.09468822,0.15011548,0.24018477,0.1709007,0.2309469,0.090069294,0.24249424,0.3117783,0.6859123,0.036951505,0.42956123,0.1039261,0.59815246,0.6004619,0.67667437,0.26097,0.5450347,0.5935335,0.57736725,0.8706698,1.2794459,0.2817552,1.1016167,0.9607391,1.004619,1.5681294,0.97921485,1.0069284,0.1039261,0.17321017,1.364896,0.5011548,1.0877599,1.8498846,1.2771363,1.1616628,1.1362587,0.51732105,1.7043881,0.6443418,1.2124712,0.45958433,0.6466513,2.556582,0.92147815,1.4665128,2.1847575,1.1778291,2.3163974,3.2263281,3,2.5196307,2.4503465,2.2286375,3.5034642,2.5242496,1.9491918,3.9815242,schizophrenia
GSM317428,0.017175572,0.19656488,0.047709923,0.04389313,0.27862597,0.091603056,0.28435114,0.08778626,0.030534351,0.055343512,0.15076336,0.1793893,0.026717557,0.11832061,0.3053435,0.16603053,0.28053436,0.22137405,0.4980916,0.03816794,0.27290076,0.6946565,0.73282444,0.7251908,0.8301527,0.35687023,0.7614504,0.70610684,0.6087786,1.0572519,0.86259544,0.7958015,1.019084,0.8454198,0.97709924,1.2538167,1.0133587,1.1125954,0.08396947,0.21183206,1.0458015,1.3053435,0.81870234,2.3683205,1.0801526,1.2328244,1.0858779,1.4770993,2.5610685,0.6240458,1.1068702,0.769084,1.4694656,1.648855,0.16793893,2.591603,2.0229008,0.28816795,2.0973282,1.7652671,1.7270992,3.4580152,1.8187023,4.4942746,3.7290075,2.5305345,2.110687,1.2557253,schizophrenia
GSM317430,0.021505376,0.12365591,0.06451613,0.06451613,0.24193548,0.10215053,0.3548387,0.0672043,0.01344086,0.17473118,0.24999999,0.059139784,0.07526881,0.6182795,0.3548387,0.09677418,0.34677416,0.01344086,0.5268817,0.037634406,0.13978493,0.10483871,0.20430106,0.4301075,0.81182796,0.47580644,0.6935483,0.06451613,0.6989247,1.0510752,1.0806451,0.7768817,1.6317204,0.5618279,0.59677416,0.95698917,1.0564516,1.422043,0.09946236,0.33602148,1.048387,1.0645161,1.0107526,2.4301074,2.5887096,1.155914,1.6532257,2.174731,1.6989247,1.1290323,1.2661289,1.0725806,0.42741933,1.5940859,1.4892473,1.9596773,1.4623655,0.4677419,2.973118,1.8575268,1.5672042,2.0483868,2.8494623,2.9354837,2.317204,2.5403225,1.846774,2.8091397,schizophrenia
GSM317437,0.015280135,0.07640068,0.02886248,0.027164686,0.21222411,0.08658744,0.21731749,0.052631576,0.020373516,0.2393888,0.06451613,0.16298813,0.24617997,0.27164686,0.237691,0.17147708,0.20203735,0.23429541,0.3599321,0.22920203,0.34125638,0.06960951,0.26994905,0.5874363,1.0916809,0.13242784,0.6519525,0.05942275,0.5331069,0.9932088,0.99830216,0.7792869,0.69439733,0.44312394,0.58404076,1.4091681,1.5925298,0.93887943,0.08998302,0.21901527,1.0220714,1.6774194,0.43293718,1.7334465,1.5908319,1.6943973,1.556876,1.7062818,2.4516127,0.6095077,0.80475384,1.6315789,1.229202,2.4448218,0.49915108,4.2003393,2.4957554,0.77249575,3.9134126,1.5993208,1.0186757,3.312394,2.3225806,3.9626484,3.222411,3.4634974,1.8421053,0.66213924,schizophrenia
GSM317448,0.019230768,0.25274724,0.030219778,0.07692307,0.13736263,0.1565934,0.07142857,0.10714285,0.101648346,0.22802196,0.2664835,0.06593406,0.038461536,0.13461538,0.45329666,0.15934065,0.14560439,0.25274724,0.48901093,0.0576923,0.4285714,0.079670325,0.2307692,0.3763736,1.0467032,0.35714284,0.68131864,0.11813187,0.7307692,0.8461538,1.3928571,0.36263734,1.304945,1.0604395,0.5384615,1.304945,1.1016482,0.70879114,0.45604393,0.18131867,1.1181319,0.5054945,0.9560439,1.576923,1.6785713,1.4010988,1.1043955,0.59340656,2.0494504,0.6263736,1.1428571,0.49725273,0.68131864,2.3406591,0.36263734,1.5412086,1.653846,1.0357143,1.8928571,2.4093404,2.4230766,2.304945,2.6153843,2.1263735,2.8681316,2.6620877,2.4835165,3.3434062,schizophrenia
GSM317450,0.012224939,0.31295845,0.019559903,0.058679707,0.112469435,0.06601467,0.20782396,0.10024449,0.007334963,0.23716381,0.19804402,0.080684595,0.2591687,0.3007335,0.36674815,0.16381417,0.25183374,0.034229826,0.68215156,0.056234717,0.19315404,0.08557457,0.4816626,0.75061125,0.55256724,0.24694377,0.35207823,0.04400978,0.2836186,0.71149147,1.2982885,0.3178484,1.2249389,1.0880195,0.7555012,1.0684596,1.0293398,1.0195599,0.3789731,1.2469437,1.2469437,1.4229829,0.804401,1.6063569,1.2738385,1.2420537,1.396088,0.8484108,2.2542787,0.6259169,1.2860636,0.9657702,0.2176039,1.96088,1.3349633,2.1051345,2.1882641,1.4400978,2.9242053,2.4303179,2.572127,2.374083,3.0880196,1.5427872,2.6992664,2.1198044,2.0929096,3.1246943,schizophrenia
GSM317455,0.010570825,0.09725159,0.025369981,0.32980976,0.061310787,0.09725159,0.25158563,0.06342495,0.048625793,0.21353067,0.07610994,0.061310787,0.38689217,0.03382664,0.39534888,0.12262157,0.31501058,0.3509514,0.5327696,0.35306558,0.11627907,0.95137423,0.640592,0.71458775,0.8731501,0.14164905,0.78224105,0.33403808,0.42706135,0.7970402,1.1585624,0.8012686,1.2325581,0.845666,0.9682876,1.4587739,1.1860466,0.9238901,0.45877382,0.48837212,0.9492601,1.6152221,0.35940805,2.2071884,1.1649048,1.139535,1.8583511,2.729387,2.6194506,0.84989434,1.2917548,0.64482033,0.11205075,1.8118393,1.5877379,2.7843552,1.4228331,0.28752646,3.1057084,1.577167,1.8985202,2.8245246,2.727273,2.17759,3.3805497,3.2579284,1.5581396,1.7188163,schizophrenia
GSM317457,0.022222223,0.06944445,0.025,0.07777778,0.2,0.15833333,0.2388889,0.03611111,0.005555556,0.41944447,0.06111111,0.044444446,0.019444445,0.11944445,0.4,0.11388889,0.18888889,0.31666666,0.6,0.28611112,0.28888887,0.08055556,0.55,0.47222224,0.8833333,0.3,0.70277774,0.4027778,0.21111111,0.9277778,1.138889,0.7388889,0.92222226,0.9166667,0.89444447,1.5694444,1.2138889,0.68888885,0.1388889,0.20277779,1.1861111,0.81388885,0.95000005,2.7305558,1.625,2.375,1.1861111,0.39166668,1.9527779,1.0611111,1.4555556,1.2361112,0.82500005,2.325,0.22222222,2.2583334,1.8000001,1.8083333,3.8277779,2,1.3527778,4.1916666,2.7055557,2.6777778,4.1694446,2.6111112,2.2361112,4.802778,schizophrenia
GSM317460,0.042895444,0.3163539,0.06702413,0.056300264,0.053619303,0.11260053,0.24664879,0.053619303,0.024128685,0.28150135,0.06970509,0.04825737,0.018766755,0.6809651,0.38605896,0.14209116,0.23056301,0.034852546,0.58176947,0.04557641,0.37533513,0.12600535,0.5067024,0.9436998,0.9490617,0.18230563,0.7426274,0.8659517,0.6300268,0.53887403,0.72922254,0.7104558,1.300268,1.1930295,0.53351206,0.95174265,1.0107238,0.6756032,0.86058974,1.1447722,1.4772117,1.233244,0.86863273,1.7640752,0.96514744,1.1742628,1.5174263,0.6193029,1.61126,0.39410186,1.0777481,1.4209116,1.3726542,2.0563002,0.2680965,1.5254692,1.8873996,0.7587131,1.9731903,2.6997318,2.3431635,1.9758712,2.455764,2.3967829,2.8284183,2.2412868,1.6541555,3.1126006,schizophrenia
GSM317463,0.01754386,0.13596492,0.039473683,0.105263166,0.039473683,0.078947365,0.039473683,0.06140351,0.030701755,0.20614034,0.5964913,0.07456141,0.07017544,0.55701756,0.7017544,0.20614034,0.28070176,0.057017542,0.6973684,0.27192983,0.50438595,0.12280702,0.04385965,0.7763158,0.79385966,0.10087719,0.6885965,0.3377193,0.95614034,0.6929825,0.754386,0.25438598,0.92543864,0.82456136,0.85087717,1.5307019,1.7192982,1.0394738,0.118421055,0.44298247,1.1929826,1.2938596,1.122807,1.6754386,1.5833333,1.385965,1.4649124,1.3377193,2.5263157,1.0263158,1.4692982,1.1096491,0.50438595,1.6666666,2.377193,1.9912281,1.9342104,0.7631579,2.885965,0.75,0.97807014,2.5964913,1.6666666,2.4780703,2.0394738,2.6973684,1.872807,3.3289475,schizophrenia
GSM317464,0.020114942,0.17528735,0.048850577,0.03448276,0.025862068,0.06896552,0.33333334,0.04597701,0.048850577,0.21551724,0.08908046,0.09195402,0.31896552,0.6149425,0.07183908,0.13793103,0.28448275,0.15804598,0.59195405,0.04597701,0.22988506,0.06896552,0.6034483,0.73275864,0.5804598,0.14367816,0.52586204,0.94827586,0.7126437,0.61206895,0.95689654,1.2528735,1.3735632,0.6293103,0.9281609,0.93390805,1.4913794,1.1321839,0.79885054,0.7385058,0.95977014,1.1005747,1.0977012,1.4022988,1.4281609,1.0172415,1.5057472,0.4770115,2.1925287,0.48563218,1.3678161,0.7586207,0.5603448,1.4051725,1.7068965,1.387931,1.8017242,1.4597701,2.2327585,2.4425287,2.3994253,2.0201151,2.2270114,1.2758621,2.5,2.3563218,2.5804598,2.913793,schizophrenia
GSM317467,0.013937282,0.20383276,0.040069688,0.022648083,0.04181185,0.2804878,0.108013935,0.071428575,0.087108016,0.2996516,0.2909408,0.040069688,0.20034844,0.20905924,0.3205575,0.08885018,0.1585366,0.031358887,0.5313589,0.071428575,0.39198607,0.46167248,0.43379793,0.47735193,0.5592334,0.5209059,0.31358886,0.728223,0.66376305,0.78048784,0.7735192,1.1062717,1.1428572,1.0243902,0.85888505,0.81533104,1.2630663,0.72648084,0.2543554,0.36585367,0.9773519,1.0853659,1.0627178,1.8728223,1.2108014,1.1933799,1.2073171,1.7526133,1.4651568,0.78048784,1.3658537,1.1027875,1.0034844,2.2125435,0.17247386,2.6567945,1.8519164,1.2247387,2.2560976,2.2891986,1.6968641,3.1393728,3.0958188,4.0034842,3.3344948,2.8292682,2.28223,2.4703834,schizophrenia
GSM317469,0.014028056,0.09418837,0.018036071,0.024048097,0.046092182,0.036072142,0.13827655,0.03807615,0.26853707,0.34068137,0.042084165,0.042084165,0.3026052,0.5290581,0.39478958,0.21643287,0.33266532,0.024048097,0.2985972,0.18436873,0.35270542,0.38677353,0.49699396,0.8076152,1.0200402,0.12825651,0.5150301,0.5450902,0.6132265,0.76352704,0.99198395,0.71142286,1.1482966,1.1082164,0.7715431,1.3887776,1.2284569,1.0961924,0.33466935,0.10621243,0.83767533,1.1482966,0.73547095,2.9819639,1.4509019,1.6452905,1.5531062,1.9338677,2.0220442,1.1683366,1.0661323,1.1282564,0.2785571,2.9699397,0.98998,2.6533065,1.3126253,1.5110221,4.3607216,2.1963928,1.2805611,4.346693,2.224449,2.6533065,3.719439,2.8436873,2.0701404,3.1763527,schizophrenia
GSM317470,0.020289855,0.17681159,0.028985508,0.08695652,0.07536232,0.1884058,0.17391305,0.46086955,0.060869563,0.34492752,0.07536232,0.089855075,0.14202899,0.22608696,0.3362319,0.19130436,0.4405797,0.060869563,0.8028986,0.023188407,0.42028987,0.20289856,0.6173913,0.60289854,0.53333336,0.13333334,0.57391304,0.47246376,0.36811593,0.6753623,1.0463768,0.28985506,1.452174,0.91884065,1,0.90724635,1.2521739,1.1072464,0.11884058,0.6,1.4666667,0.81159425,0.9942029,1.1884059,1.4666667,0.90434784,1.1797101,1.0521739,1.4202899,0.87826085,1.4173914,1.2144928,0.10144928,2.5478263,0.6724638,1.9913043,2.0057971,1.0463768,1.5333334,2.4985507,2.0637681,1.4956522,1.947826,2.1797101,3,2.2086957,1.6376812,3.5594203,schizophrenia
GSM317473,0.013752456,0.106090374,0.015717093,0.01178782,0.09823182,0.033398822,0.102161095,0.041257367,0.17288801,0.3968566,0.13948919,0.17288801,0.03929273,0.21414538,0.35756385,0.09430256,0.15324165,0.035363458,0.41650295,0.029469548,0.2848723,0.30058938,0.42239684,0.28290766,0.6561886,0.41257367,0.58939093,0.7229862,0.388998,0.83497053,1.0294696,0.7485265,1.2200392,0.9548133,0.37131628,1.3575639,1.1335952,1.3143419,0.106090374,0.4518664,1.1178782,1.0589391,0.77013755,2.237721,0.7229862,1.5599214,1.4184675,0.7249509,1.9724951,1.5638506,1.0039293,1.5520629,0.3104126,1.935167,0.87033397,2.021611,2.005894,1.210216,4.129666,2.345776,2.5442042,2.8565814,1.8487229,2.3163066,3.2495086,2.5245578,1.891945,3.6188605,schizophrenia
GSM317474,0.015332197,0.015332197,0.028960818,0.028960818,0.03236797,0.069846675,0.02725724,0.039182283,0.005110733,0.28279388,0.04940375,0.056218058,0.06473594,0.24361159,0.4770017,0.09028961,0.21635434,0.09369676,0.6201022,0.14650767,0.29812607,0.26235092,0.72231686,0.62350935,0.59625214,0.7955707,0.5383305,0.4020443,0.8858603,0.66950595,0.67461663,0.7086882,0.85689944,1.1175468,1.1056218,1.1652471,1.374787,1.0817717,0.94548553,0.13969335,1.1294719,0.88415676,0.48040888,2.0902896,0.8415673,1.4957411,1.7751276,1.5059625,1.3543441,0.69335604,1.4531517,2.1788757,1.3662691,1.971039,0.71550256,1.6149915,1.7546848,0.5349233,2.398637,2.4173763,2.1192505,1.6609881,1.8228279,2.2316866,2.4974446,2.741056,2.0783646,2.1311755,schizophrenia
GSM317475,0.019277109,0.04337349,0.024096385,0.016867468,0.053012047,0.036144577,0.06024096,0.0313253,0.17108433,0.30602407,0.04337349,0.5156626,0.29879516,0.12048192,0.5686747,0.118072286,0.28915662,0.15180723,0.38313252,0.014457831,0.31084335,0.11566265,0.2939759,0.74698794,0.60481924,0.9445783,0.513253,0.7012048,1.1759036,0.7590361,0.5879518,1.626506,1.4024096,0.6963855,1.0289156,1.0313252,0.8,0.9927711,0.35421684,0.4891566,1.0457832,1.4433734,0.6626506,1.2819277,1.5807228,1.4361445,1.5807228,2.33253,1.4939759,1.2144579,1.3783132,1.7879517,0.3566265,1.8433734,1.1084337,2.2674696,1.5349398,0.939759,2.7710843,2.207229,2.3855422,1.5951806,2.7084336,2.019277,2.3879516,2.9975903,2.7012048,2.7783132,schizophrenia
GSM317478,0.020253165,0.16962025,0.027848102,0.24303798,0.06329114,0.043037977,0.22278482,0.025316456,0.010126582,0.34430382,0.1164557,0.35443038,0.11392406,0.24810128,0.21518987,0.08101266,0.3164557,0.24050634,0.4,0.278481,0.4506329,0.07341772,0.3721519,0.3873418,1.0253165,0.43797466,0.47848102,0.77215195,0.17468356,0.8050633,1.0278481,1.1772152,0.7898735,0.93670887,0.643038,1.086076,1.521519,0.77721524,0.26329115,0.2,0.9746836,0.5822785,0.5367089,1.9569621,1.1088607,1.4126582,0.929114,1.8835444,2.678481,0.5113924,1.5443039,1.121519,1.7468355,1.7772151,0.2987342,2.2405064,1.8708862,0.82025325,2.4177215,1.8253164,1.7898734,2.8658228,2.8759494,2.0379748,2.6987343,2.8151898,1.9696203,1.5316457,schizophrenia
GSM317481,0.023346303,0.08949416,0.031128405,0.038910504,0.13229571,0.054474704,0.3929961,0.058365755,0.12451362,0.28793773,0.07392996,0.06614786,0.027237352,0.22568093,0.43579763,0.058365755,0.3696498,0.06225681,0.39688712,0.15175097,0.41634238,0.20233461,0.31906614,0.9105058,0.38910505,0.540856,0.78210115,1.1361867,0.66536963,0.8988327,0.44357973,1.3229572,1.3579767,0.71984434,0.5252918,1.2062256,1.1906614,0.84435797,0.79766536,0.6536964,1.6420233,1.7976654,0.80544746,2.1789882,1.0155642,1.5330739,1.7315174,2.1050582,2.1400778,1.0700389,2.3774319,0.922179,1.5642023,1.5175097,0.6459144,1.4708171,1.3112841,0.33463034,2.322957,2.241245,1.5175097,1.3424124,2.245136,2.8443577,2.3540854,2.8249025,2.003891,3.4319065,schizophrenia
GSM317482,0.019578312,0.094879515,0.06325301,0.04066265,0.034638554,0.031626504,0.14006025,0.052710842,0.20933734,0.29668674,0.072289154,0.034638554,0.16114457,0.22289155,0.30421686,0.3207831,0.49548194,0.24849397,0.3207831,0.08283132,0.44728914,0.6701807,0.3313253,0.86295176,0.39307228,0.3072289,0.79066265,0.4834337,0.0813253,1.0888554,0.5391566,0.43975905,1.191265,0.8012048,0.6340361,0.8975903,1.8945783,1.5602409,0.69578314,0.6370482,0.91867465,1.8313252,0.4578313,2.5316265,1.4759035,1.7183734,1.2936747,2.1069276,2.1581326,0.8795181,1.0271083,1.7665663,0.7665663,2.6204817,0.6129518,2.4578311,1.6762048,0.8524096,3.0210843,1.6415662,1.566265,1.5391566,2.0271084,3.2138553,3.313253,2.951807,2.3915663,2.7515059,schizophrenia
