216334_s_at,215516_at,AFFX-ThrX-5_at,208538_at,206488_s_at,201882_x_at,205699_at,218186_at,207656_s_at,220876_at,220766_at,216498_at,215943_at,215653_at,202608_s_at,216905_s_at,221380_at,209821_at,212769_at,213098_at,204014_at,214826_at,214441_at,209035_at,47105_at,209698_at,206102_at,220082_at,211966_at,217617_at,207571_x_at,215977_x_at,220323_at,206721_at,221581_s_at,213523_at,47530_at,212589_at,210127_at,209542_x_at,207172_s_at,219231_at,214785_at,208893_s_at,207180_s_at,219260_s_at,220335_x_at,214686_at,216375_s_at,221249_s_at,201354_s_at,202414_at,201363_s_at,208894_at,209688_s_at,202867_s_at,217981_s_at,205695_at,216457_s_at,219377_at,Group
0.050955415,0.3280255,0.21656051,0.12101911,0.50318474,0.4012739,0.37261146,0.098726116,0.06687898,0.035031848,0.37261146,0.31210193,0.31210193,0.53503186,0.07324841,0.3152866,0.22292994,0.2356688,0.4713376,0.5573248,0.38853502,0.6210191,0.21974523,0.90127385,0.9076433,0.82802546,0.5509554,1.1273886,0.67834395,1.1050956,0.53503186,0.5700637,0.45541403,1.289809,0.72292995,0.4968153,1.0732485,1.5605096,1.5541401,0.14649682,0.96496814,1.2929935,1.3535032,1.5031848,1.4267516,2.0286624,1.0828025,2.1114652,1.8821656,1.1974522,1.0923567,2.6433122,2.5700636,0.589172,2.1401274,1.6560509,2.0509555,1.0127388,2.9140127,1.6910828,bipolar
0.022452503,0.3074266,0.20725389,0.07772021,0.037996545,0.17271158,0.33678758,0.33678758,0.21243525,0.08117443,0.27979276,0.110535406,0.034542315,0.20207253,0.112262525,0.21243525,0.06908463,0.39205527,0.17789292,0.7081174,0.8963731,0.31606215,0.78411055,0.4507772,0.54404145,0.7253886,1.0397236,1.3022453,0.746114,1.1260794,0.44559586,0.9689119,1.2642486,1.0500864,0.164076,1.1364422,1.0604491,1.4749569,2.2469776,1.8566494,1.4870466,1.3678756,2.2797928,1.775475,1.4680483,2.8445597,1.5319515,1.6027634,2.7374785,1.6632125,2.043178,2.4542315,2.2521589,0.77202076,2.0414507,2.0241797,1.986183,0.58721936,2.4853194,2.0949914,bipolar
0.03736264,0.14065935,0.114285715,0.06373627,0.2769231,0.41318682,0.45934066,0.26373628,0.052747257,0.026373629,0.18241759,0.14285715,0.21758242,0.3802198,0.52087915,0.23516484,0.046153843,0.7032967,0.30989012,0.5912088,0.36483517,0.4087912,0.3802198,0.42197806,0.8857143,0.53626376,0.978022,0.8813187,0.745055,0.8219781,0.84175825,0.7032967,0.73626375,1.567033,0.2769231,1.0153847,1.3428571,1.1274725,1.2043957,0.52087915,1.7318683,1.1252748,1.7758243,2.356044,1.1516484,1.49011,1.8395604,2.3736265,1.5186813,1.7164835,3.2351649,1.9120879,2.4263737,0.2923077,1.923077,2.167033,1.3912088,1.301099,2.591209,2.3032968,bipolar
0.018018018,0.24099098,0.09684685,0.04954955,0.074324325,0.3581081,0.35135135,0.067567565,0.09009009,0.038288288,0.0990991,0.09684685,0.29054052,0.26576576,0.12162162,0.1036036,0.056306306,0.5540541,0.2972973,1.045045,0.4617117,0.5923423,0.6509009,0.8265766,0.7072072,0.5427928,0.8851351,1.0067568,0.536036,0.5608108,0.98198193,1.0135134,0.89639634,1.5585585,0.15765765,0.7477478,1.1216216,1.2094594,1.581081,0.87387383,1.259009,1.2882882,1.4459459,1.4549549,2.2432432,2.1846848,1.3603604,1.8671172,2.7815316,1.7927927,1.3716216,1.4999999,2.5495493,0.9572072,2.0608108,1.376126,2.7117116,0.9279279,2.8851352,3.2927926,bipolar
0.13974358,0.057692308,0.020512821,0.21923077,0.11794872,0.1653846,0.2551282,0.2153846,0.16794872,0.028205128,0.2846154,0.02948718,0.07564103,0.28333333,0.13461539,0.15384616,0.12179487,0.57051283,0.33589745,0.6769231,1.0205128,0.45128205,0.94871795,0.46153846,0.67564106,0.83717954,1.075641,0.6717949,0.73333335,0.9525642,1.0461538,0.7935898,0.48846152,1.1679487,0.48589745,1.0269231,1.1871794,1.1243589,1.024359,1.3153846,1.3269231,1.1397436,1.9384615,1.9910257,1.821795,2.5782053,1.0897436,2.6166668,2.3846154,1.4551282,1.8397436,1.6807693,2.8371797,1.5256411,2.325641,1.801282,2.2128205,0.9,2.5435896,2.5166667,bipolar
0.0982906,0.15811966,0.1837607,0.32478634,0.055555556,0.15384616,0.25641027,0.5,0.3846154,0.034188036,0.47863248,0.482906,0.50427353,0.52136755,0.055555556,0.52136755,0.31196582,0.84615386,0.6367521,0.4529915,0.0982906,0.6837607,0.24786326,1.2264957,0.99572647,1.0854701,0.6965812,0.508547,1.017094,1.931624,0.49572653,0.55128205,1.4358975,1.2008548,0.25213677,1.2393162,1.0128206,1.2393162,1.2307693,0.05982906,1.0897436,1.7735044,1.8589745,0.20940171,1.965812,1.2564102,2.1452992,1.7264959,1.7863249,2,2.2692308,2.8931623,2.0811968,0.17521368,1.8504274,1.0470086,1.6794872,2.2564104,2.3504274,1.8376069,bipolar
0.009779952,0.15158923,0.11491442,0.041564792,0.034229826,0.06356968,0.20537896,0.42298287,0.24938874,0.024449877,0.017114913,0.075794615,0.40097797,0.20537896,0.05378973,0.07823961,0.09535453,0.53056234,0.30317846,0.4816626,0.44498777,0.24449877,1.0880195,0.5794621,0.55256724,0.78728604,0.34474328,1.0195599,0.9022005,0.75061125,1.0391198,0.9388753,0.85330075,1.0513448,0.45721272,0.9535452,0.7237164,1.1320293,0.87286067,0.53056234,1.6454768,1.8973105,1.4792175,1.6943766,2.2860634,1.376528,1.5183374,2.782396,1.589242,2.0831294,2.2347188,1.396088,2.5647922,0.74816626,1.8899755,1.5256724,1.806846,7.7261615,2.4327629,3.3154035,bipolar
0.016513761,0.14128439,0.049541283,0.023853209,0.036697246,0.06972477,0.22568807,0.3302752,0.06238532,0.011009174,0.078899086,0.033027522,0.047706418,0.4330275,0.21651375,0.044036698,0.078899086,0.8183486,0.2880734,0.7302752,1.157798,0.36697245,0.9284403,0.30458716,0.64403665,0.6330275,0.97798157,0.7743119,0.4770642,0.5688073,0.7889908,0.77064216,0.640367,1.2110091,0.19999999,1.025688,0.9706422,1.5247705,1.2348624,0.029357797,1.3045871,1.6605504,2.3009174,1.8825687,1.9155962,2.3339448,0.99999994,2.6348624,2.7669723,1.4880733,1.9247706,2.411009,2.517431,1.0752293,1.5009174,2.1651375,2.7302752,1.4587156,2.7229354,2.546789,bipolar
0.09767442,0.018604651,0.037209302,0.027906977,0.007751938,0.27751938,0.29147285,0.15503876,0.024806201,0.03255814,0.23255813,0.05736434,0.351938,0.21860465,0.24806201,0.031007752,0.17674418,0.32093024,0.24341086,0.5271318,0.53643405,0.45736435,0.54573643,0.53023255,0.56589144,0.751938,0.83875966,0.27596897,0.77984494,1.0139536,1.0604651,0.6108527,0.91782945,1.5736434,0.48372093,1.0294573,1.1193798,1.3937985,1.275969,0.62015504,1.1038759,1.2697674,1.6511627,1.3674418,1.5162791,1.8930233,1.751938,3.308527,1.620155,1.5875969,1.8852713,2.3472867,2.4744186,0.7209302,1.8356589,2.448062,2.6759691,1.2434108,2.8387597,2.7891471,bipolar
0.02197802,0.20329669,0.034340657,0.24313186,0.3186813,0.0576923,0.5892857,0.26785713,0.22390108,0.023351647,0.25961536,0.10851648,0.3502747,0.39972526,0.22527471,0.1153846,0.04807692,0.15521978,0.260989,1.1126373,0.146978,0.1098901,1.0425824,0.40521976,0.6456044,0.73901093,1.4780219,1.0810438,0.67307687,0.56730765,1.9271977,0.82554936,0.60851645,1.7554945,0.55219775,2.0590658,0.60164833,1.3392856,1.043956,0.19230768,1.1318681,2.1991758,2.1071427,0.06730769,0.7843406,1.2596153,1.35989,2.6675823,1.1991758,2.7870877,3.690934,2.5384614,2.767857,0.760989,2.2335165,0.907967,2.0590658,0.85439557,1.811813,2.656593,bipolar
0.055072464,0.017391305,0.055072464,0.04057971,0.36231884,0.057971016,0.5217391,0.5536232,0.62028986,0.055072464,0.42028987,0.1884058,0.19710146,0.44927537,0.09275363,0.31594202,0.089855075,0.17391305,0.43188405,1.168116,0.27246377,0.089855075,0.51594204,0.5565218,0.8898551,1.4927536,1.6927537,1.4434782,0.9652174,0.742029,0.8666667,0.8521739,0.81739134,1.826087,0.32173914,1.5913044,0.62318844,1.1913043,0.95942026,0.69855076,1.1246377,2.3217392,1.8057971,0.08405797,0.6144928,1.8202899,1.0318841,3.1275363,1.2376812,2.5913045,1.9188405,2.310145,2.1768117,0.4289855,2.2695653,1.0724638,2.4173913,0.73333335,2.110145,2.42029,bipolar
0.036199097,0.24660634,0.04751131,0.43438917,0.4321267,0.3529412,0.3529412,0.32126698,0.35067874,0.042986427,0.1719457,0.28959277,0.27149323,0.40950227,0.08371041,0.5972851,0.7126697,0.47058824,0.60181,0.9117647,0.80995476,0.22624435,0.15837105,1.0746607,0.9592761,0.46832582,0.85067874,1.7760181,0.7850679,1.2058823,0.51357466,0.9343892,0.5565611,1.4049773,0.71945703,1.7126696,0.69004524,1.3959277,1.1923077,0.28054297,1.5203619,1.0837104,1.6606336,0.19004524,1.1877829,0.87104076,1.7126696,2.5633485,2.10181,2.1176472,2.1085973,2.178733,1.7036201,0.65384614,1.540724,1.20362,1.321267,1.4411765,1.6877828,1.861991,bipolar
0.060465112,0.31627908,0.27906978,0.49302328,0.2837209,0.40930232,0.21860464,0.34418604,0.26976746,0.037209302,0.7348837,0.28837207,0.84651166,0.85116273,0.2,0.17674418,0.23255813,0.40465117,1.1860465,0.572093,0.18604651,0.5860465,0.5116279,0.87441856,0.63255817,0.67906976,0.6744186,1.172093,1.3302326,1.7488371,1.0232558,1.1209302,1.4465116,0.85116273,0.32093024,1.4558139,0.84651166,1.5395348,0.77674425,0.13953489,0.8976744,1.9069767,1.2511628,0.21860464,1.0418605,1.1999999,2.2,2.4232557,0.6232558,1.6651162,3.3581393,2.9534883,1.7255813,0.38139534,1.6232558,1.4976745,1.1999999,1.5906976,1.6511627,1.5395348,bipolar
0.057192374,0.19930676,0.110918544,0.0779896,0.055459272,0.28076258,0.26169845,0.16291161,0.28249565,0.064124785,0.26516464,0.3812825,0.06065858,0.41421145,0.14038129,0.083188914,0.3587522,0.74523395,0.42634317,0.26169845,0.05199307,0.48353553,0.42807627,0.61698437,1.1091855,1.422877,1.1369151,0.8960139,0.6551126,1.8093588,1.0970538,0.7036395,1.0294628,1.388215,0.15077989,0.897747,1.0051993,1.3743502,0.932409,0.13171577,0.9705373,1.3292894,2.2062392,0.17331022,1.0138649,0.7677643,1.9740036,3.081456,1.1802427,2.3639514,2.3760834,3.7833624,1.4939342,0.71923745,2.1785095,1.7105719,1.5337955,1.6204506,1.1819757,0.87001735,bipolar
0.097165994,0.12550607,0.08097166,0.026315788,0.12348178,0.08502024,0.3016194,0.2834008,0.07692307,0.030364372,0.08097166,0.02834008,0.24898785,0.3502024,0.09919028,0.3704453,0.07489879,0.3562753,0.22874494,0.6295546,0.55263156,0.354251,0.34008095,0.68218625,0.6497975,0.7408906,0.7044534,0.8117408,0.7004048,1.3461539,1.5323886,0.83198375,0.7672065,1.1194332,0.38259107,1.2773279,0.8643725,1.3279352,0.8663967,0.44129553,1.0242914,0.95141697,2.1032388,0.8279352,2.1619434,1.3157895,1.5769231,1.9574897,1.7570851,1.4939271,2.2044535,2.291498,3.0728745,0.9068826,2.5445342,1.9493927,2.0647774,0.9089069,2.8218622,3.1497977,bipolar
0.016997168,0.22096318,0.22096318,0.045325782,0.045325782,0.29461756,0.22096318,0.19546743,0.388102,0.016997168,0.033994336,0.022662891,0.3286119,0.34560907,0.3371105,0.048158642,0.096317284,0.34844193,0.2634561,0.41076487,0.033994336,0.2776204,0.48725215,0.5807366,0.5807366,0.8498584,1.121813,0.8498584,0.88951844,0.9348442,0.9858357,0.74787533,0.9121813,1.3201133,0.7138811,0.9575071,1.0566572,1.1529746,1.4957507,0.7422097,0.694051,1.082153,2,0.42776206,1.470255,1.1926346,1.9490086,2.9093485,1.5949008,1.7847025,1.4844193,2.4532578,2.189802,0.8045326,2.03966,1.6685553,2.0056658,2.3172805,2.7563741,1.858357,bipolar
0.056603774,0.32830188,0.354717,0.41132075,0.064150944,0.12830189,0.018867925,0.079245284,0.39245284,0.056603774,0.53962266,0.12830189,0.29811323,0.23396227,0.086792454,0.46792454,0.4301887,0.3735849,0.44150943,0.24528302,0.026415095,1.0226415,0.13207547,1.1584907,0.46037737,1.5660378,0.8113208,0.9358491,0.8566038,0.9056604,1.1509434,0.72075474,0.5924528,1.1245283,0.19622642,1.5132076,1,1.1773585,1.1924529,0.09056604,0.9056604,1.3698113,0.76981133,0.39245284,1.7358491,0.554717,2.0075471,2.1471698,0.7622642,2.4867926,3.0867927,1.637736,1.4113208,0.12075472,1.909434,1.883019,2.064151,1.4415095,2.3471699,3.3132076,bipolar
0.02547771,0.006369427,0.16985139,0.08280256,0.023354568,0.13375798,0.38641194,0.32908708,0.23566881,0.07643312,0.28874737,0.38641194,0.4246285,0.2208068,0.32696393,0.05095542,0.3609342,0.28237796,0.3842888,0.60721874,0.1804671,0.35244164,0.37154993,0.40976647,0.60934186,1.774947,1.1974523,0.29936308,0.53927815,0.8811041,1.2484077,0.66454357,0.7707007,1.3779194,0.4161359,1.477707,0.92356694,1.5180469,0.6921444,0.42038217,0.65817416,1.4734609,2.025478,0.34394908,1.6454353,1.7983016,1.8386413,1.997877,1.549894,2.2611465,2.2462847,3.1613588,2.4479833,0.5414013,2.1295118,1.3439491,2.2208068,1.626327,2.1422508,1.9469215,bipolar
0.04639175,0.28350514,0.45360824,0.077319585,0.05670103,0.48453605,0.19587629,0.6082474,0.20618556,0.20103092,0.2989691,0.7886598,0.072164945,0.48453605,0.19072165,0.4175258,0.5412371,1.1649485,0.23195876,0.35051546,0.8350516,0.8505154,0.12886597,0.7010309,0.6185567,1.1082474,0.78350514,1.1030928,1.1082474,1.6701032,0.2216495,0.9226804,1.1185567,1.314433,0.23195876,1.1494845,0.82474226,0.9072165,0.077319585,0.7525773,0.29381442,1.4329896,1.3092784,0.087628864,0.5463918,1.6340207,2.3402061,1.5412371,2.1597939,2.329897,3.185567,3.1134021,2.1907215,0.9536082,2.072165,1.2061856,1.4381443,4.0360827,1.6907216,2.7216494,bipolar
0.030567687,0.4410481,0.29257643,0.1048035,0.23580788,0.12227075,0.57641923,0.30131006,0.19650656,0.061135374,0.2838428,0.53275114,0.7248909,0.2445415,0.13537118,0.68122274,0.16157207,0.5633188,0.8558953,0.15720524,0.069869004,1.3406115,1.069869,0.90393025,0.9868996,0.35807863,1.3056769,1.4672489,1.2663757,1.0524018,1.1921397,2,2.231441,0.97379917,0.5895197,1.4410481,1.1091703,1.069869,0.61572057,0.11790394,0.35807863,1.3231442,1.2358079,0.07860262,1.4410481,0.51091707,3.358079,1.7161573,1.6375546,1.5458517,2.0349345,2.144105,0.8864629,1.5065503,1.0349346,1.1310045,1.3406115,1.5545852,0.8515284,1.279476,bipolar
0.12416107,0.16442953,0.2818792,0.08724832,0.077181205,0.0704698,0.2852349,0.32885906,0.08389261,0.05033557,0.590604,0.23489933,0.2818792,0.3154362,0.13087249,0.37248322,0.10067114,0.40604028,0.3758389,0.6308724,0.27516776,0.6409396,0.5872483,0.5637584,1.090604,0.6140939,0.69798654,1.2583892,0.7483221,0.80536914,0.8590604,0.64765096,1.6442952,1.0201342,0.09731544,1.1644295,1.3154362,1.2281878,1.2248322,0.053691275,0.32885906,0.93624157,2.0503354,0.27181208,1.466443,1.8355705,1.7818791,1.8456376,2.261745,1.885906,1.5503355,1.8825502,2.0973153,1.0067114,2.1174495,1.7214764,1.5838926,1.4127516,1.9261745,2.9832215,bipolar
0.01986755,0.2615894,0.13576159,0.026490066,0.07284768,0.5033112,0.205298,0.27814567,0.052980132,0.026490066,0.31456953,0.10927152,0.31456953,0.26821193,0.29801324,0.49337745,0.08609271,0.37417218,0.28145695,0.81125826,0.64238405,0.13907284,0.15562913,0.6192053,0.8907284,0.78807944,0.7615894,1.4337747,0.75496686,0.8245033,0.8543046,0.5397351,1.0430464,1.4139073,0.9569536,1.3509933,1.0695363,1.0463576,1.0298012,0.39735097,0.6192053,1.0860927,1.2715232,0.90066224,1.0033112,1.7715231,1.6390728,2.0596025,1.7880794,1.8973509,1.5298012,1.9701986,1.678808,1.9569535,1.7483443,2.2350993,2.281457,1.2748344,1.7218542,1.9470198,bipolar
0.022222223,0.21851853,0.044444446,0.29259259,0.14074074,0.33703706,0.24814814,0.08148149,0.074074075,0.11481481,0.15925927,0.23703705,0.15925927,0.24444444,0.15555555,0.4666667,0.6666667,0.2962963,0.37777779,0.37777779,0.5777778,0.8185185,0.15555555,1.6703703,0.6740741,0.8444444,0.9481482,1.1555556,0.8148148,1.6148148,0.9888889,0.4,1.2259259,1.488889,0.3814815,1.3074074,1.0407407,1.5962963,0.937037,0.27407408,0.22962962,1.1333333,1.7481482,0.7777778,1.1629629,0.8333333,2.0148149,2.5592592,1.2777778,2.0222223,3.5962963,3.2962964,1.3518518,1.1666666,2.0259259,1.9962964,1.337037,1.3481482,1.2222222,2.0037036,bipolar
0.042222224,0.10666668,0.08888889,0.05111111,0.097777784,0.37333333,0.14222223,0.29111114,0.060000002,0.042222224,0.6622222,0.21555556,0.32666668,0.3688889,0.12444445,0.26222223,0.46666667,0.4,0.3466667,0.68222225,0.21555556,0.42,0.12444445,1.14,0.6266667,1.08,1.0177778,1.3533334,0.46000004,0.31777778,1.1844444,0.7666667,0.9533334,1.4866667,0.7911111,1.1222223,0.6622222,1.3244444,1.34,0.5822223,1.2377778,1.3777778,1.5422223,0.6666667,1.8088889,1.0111111,1.0511111,2.1311111,2.1933334,2.06,2.1244445,2.728889,1.4511112,1.0200001,1.9666667,1.5622224,2.02,1.2755556,1.9555556,2.7822223,bipolar
0.035989713,0.07969151,0.19794343,0.113110535,0.31362465,0.071979426,0.5758354,0.51156807,0.09511568,0.05398457,0.19280204,0.28534704,0.37532133,0.4241645,0.08226221,0.34961438,0.056555267,0.28277633,0.52956295,0.41645244,0.09511568,1.1850898,0.5912596,0.48843184,0.6041131,0.5938303,0.61439586,1.3007711,0.92544985,0.6735218,1.0514139,0.8123393,1.3110539,1.3419023,0.3470437,1.0771208,1.0642673,0.6426735,1.4884318,0.089974284,0.8354755,1.4473007,1.3059125,0.18251927,1.2879176,1.763496,1.7660667,2.125964,1.6143957,2.0514138,2.215938,2.5758352,2.1799486,1.6169665,2.1516707,1.5655526,2.082262,1.1645243,1.7069408,2.1131103,bipolar
0.008528785,0.09168444,0.03411514,0.053304903,0.10660981,0.08955224,0.25799575,0.13219616,0.3944563,0.031982943,0.03411514,0.042643923,0.15138593,0.21748401,0.26652452,0.08955224,0.09808102,0.15351813,0.16204691,0.52665246,1.0852879,0.55650324,0.60554373,0.36460555,0.7953091,0.80383795,0.9339019,0.8550106,0.52238804,1.3176972,1.0895522,0.5159915,0.72281456,0.90191895,0.6012793,1.3944563,1.1364605,1.0511727,1.0277185,0.9936034,0.793177,1.1876333,1.859275,1.6673774,1.4754797,1.4733475,1.7270789,2.9594884,2.5671642,1.8422176,1.9211087,2.5522387,2.3283582,0.91684437,1.7185501,2.0362473,2.0788913,1.2196162,3.326226,2.82516,bipolar
0.20111732,0.20111732,0.04469274,0.027932962,0.027932962,0.37430167,0.41899443,0.35195532,0.106145255,0.06145252,0.5921788,0.027932962,0.083798885,0.150838,0.54748607,0.9162012,0.106145255,0.41340786,0.2290503,0.71508384,0.06145252,0.2960894,0.98882693,0.2178771,0.70391065,1.5418996,0.64245814,0.64804476,0.7709498,1.0335196,0.97206706,1.055866,0.83798885,1.3743018,0.18435755,0.98882693,0.726257,1.4078213,1.1899441,0.13407822,0.5139665,1.2793297,1.4916202,0.18435755,0.76536316,1.3519554,1.5530727,1.452514,1.5865922,2.290503,1.3743018,2.7597768,2.4189944,0.25139666,2.2569835,1.5586593,2.2569835,1.0446929,2.0055869,1.5977654,bipolar
0.011173185,0.09776537,0.039106146,0.03072626,0.11731844,0.1480447,0.4441341,0.31284916,0.12569833,0.025139665,0.4581006,0.05027933,0.35754192,0.31284916,0.10055866,0.15921788,0.16759777,0.5,0.40223464,0.7011174,0.033519555,0.28491622,0.6871509,1.5111732,0.9162012,1.5083799,0.8882682,0.9748604,0.5055866,1.6703911,1.0167599,0.5139665,0.54469275,1.3491621,0.61731845,0.8184358,1.865922,1.3826816,1.3296089,0.3687151,0.55307263,1.206704,1.1564246,0.06983241,1.8351955,1.659218,1.877095,2.1256983,1.4776537,1.7178771,2.2122905,3.5279331,1.9357544,0.42178774,1.4469274,2.1424582,1.5251397,2.0111732,2.3910615,2.726257,bipolar
0.019607842,0.019607842,0.032679737,0.22222222,0.010893246,0.1503268,0.1590414,0.18736385,0.119825706,0.35729846,0.16993465,0.061002176,0.30718955,0.19825709,0.26797387,0.16557734,0.05664488,0.40958604,0.3093682,0.4880174,1.1546841,0.57516336,0.6296296,0.5163399,0.62309366,0.62091506,0.72549015,1.1808279,0.6165577,0.90631807,1.0108932,0.6383442,0.7276689,1.1895424,0.7320261,1.0718955,1.3594772,1.4836601,0.5185185,0.6056645,1.2222222,0.90631807,0.993464,2.372549,1.9346405,2.2875817,1.2461873,2.5163398,3.3703704,1.7973856,2.43573,2.4553375,2.3376906,0.708061,1.9215685,1.875817,2.0479302,1.1808279,2.1960785,3.0544662,bipolar
0.15413533,0.34962404,0.13909774,0.086466156,0.12030075,0.07142857,0.59774435,0.16917293,0.09022556,0.052631576,0.06390978,0.04511278,0.13157894,0.46992478,0.10150376,0.27067667,0.2406015,0.481203,0.33834586,0.47744358,0.056390975,0.5488722,0.78947365,0.5451127,0.7180451,1.1541353,1.1992481,0.924812,1.1578946,0.83834577,0.09398496,0.97368413,0.9586466,1.1428571,0.15789472,1.3120301,1.0338346,1.6842104,0.73308265,0.06390978,1.2255638,2.1240602,2.3195488,0.09398496,1.7067668,0.8458646,2.7706764,2.3759398,1.3646616,3.0451126,2.3571427,2.9398494,1.8796991,1.1503758,2.0037594,1.6428571,2.218045,2.142857,2.086466,1.3270676,bipolar
0.055999998,0.04,0.252,0.136,0.22,0.28,0.372,0.592,0.12399999,0.036,0.18399999,0.048,0.188,0.212,0.08399999,0.39599997,0.19999999,0.408,0.32799998,1.16,0.072,0.31599998,0.96,0.77199996,1.5799999,1.2759999,0.684,1.132,0.664,0.7,1.7919999,0.50799996,0.204,0.57199997,0.74,1.54,1.048,1.0919999,1.024,0.308,0.98800004,1.0719999,0.67199993,0.864,1.828,2.448,1.436,2.8799999,2.1239998,2.096,2.156,2.456,1.188,1.104,2.4199998,2.156,2.04,1.436,2.816,3.024,bipolar
0.015337424,0.121165656,0.16104296,0.088957064,0.121165656,0.27300614,0.17177916,0.19631903,0.2131902,0.01840491,0.16564418,0.16871166,0.2852761,0.22239265,0.08588958,0.26226997,0.25,0.42177916,0.4371166,0.964724,0.83282214,0.41104296,0.5567485,0.6349694,0.4877301,0.8435583,0.9907976,0.57668716,0.43558285,0.85429454,1.0858897,0.58435583,1.5153376,1.185583,0.23312885,1.1763804,0.7254602,1.4493866,1.559816,0.5935583,1.27454,1.1180983,1.7438651,2.555215,1.5690186,2.483129,1.888037,2.9509203,1.834356,2.1395707,2.7070553,2.0828223,2.2730062,1.9861964,2.381902,2.4984663,2.4616566,1.6303682,3.1119633,2.650307,bipolar
0.021897811,0.11678833,0.2189781,0.43065697,0.047445256,0.310219,0.27372265,0.29562047,0.076642334,0.025547447,0.17518249,0.2591241,0.49270076,0.48540148,0.25182483,0.1240876,0.40510952,0.6094891,0.42700732,0.54379565,0.20437957,0.17518249,0.4562044,0.86131394,0.79562044,1.321168,1.3321168,0.850365,0.6788322,1.0766424,0.86131394,0.3248175,0.8686132,1.4270073,0.55474454,1.1131388,1.1459855,1.970803,0.660584,0.26277372,0.45985407,1.2518249,2,0.21167885,1.1240876,0.7591241,2.2408762,2.6277373,1.2518249,2.5693433,3.4160585,2.551095,2.1678834,0.6131387,3.613139,1.1970804,1.5182482,2.1934307,1.7262775,2.1532848,bipolar
0.019650655,0.13318779,0.026200876,0.030567687,0.12227075,0.07641922,0.27729258,0.4257642,0.050218344,0.25764194,0.10262009,0.061135374,0.2467249,0.16157207,0.55895203,0.06331878,0.02838428,0.23580788,0.037117906,0.95851535,1.1353712,0.054585155,1.1703057,0.65065503,0.6593887,0.57641923,0.75327516,0.7139739,0.28602624,0.8449782,1.6266377,0.89737993,1.128821,1.478166,0.38646293,0.80567694,0.6724891,1.0633188,1.5938866,0.97379917,1.268559,1.1703057,1.1899564,3.5174675,1.8427949,1.9061137,1.1462883,2.0458515,3.2838428,1.1637555,1.7030568,2.7314413,3.2205243,0.72270745,1.7423582,2.956332,2.4192142,0.78602624,3.0742362,3.3449783,control
0.015290519,0.021406727,0.033639144,0.25993884,0.08562691,0.10703363,0.20795107,0.27828747,0.064220175,0.6911315,0.28746176,0.25076452,0.027522935,0.20489295,0.051987767,0.17737003,0.05810397,0.23853211,0.07033639,0.66360855,0.68501526,0.09174311,1.149847,0.24464831,0.77370024,0.20489295,0.9388379,0.9510703,0.50764525,0.29357797,1.2201835,0.795107,0.9510703,0.98470944,0.4831804,1.562691,0.9357798,0.94189596,1.0214068,1.3944952,2.3975534,0.53211004,0.81345564,2.5871558,1.5076451,2.1314983,1.0795107,2.795107,2.7828746,1.9847095,1.8990824,1.2324158,2.5137613,1.6636086,1.9021406,2.4525993,2.889908,0.9755351,5.3577976,1.9541284,control
0.03264095,0.2240356,0.15727003,0.028189909,0.2818991,0.39762607,0.21513352,0.23293768,0.043026704,0.062314536,0.19732937,0.02670623,0.08456973,0.18842728,0.3308605,0.115727,0.068249255,0.347181,0.17655785,0.8916913,0.5074184,0.3234421,0.7551929,0.45697325,0.48961422,0.29080117,0.7670623,0.615727,0.23738872,0.7893175,1.0727003,0.82047474,0.60089016,1.1172106,0.8605341,0.76557857,1.4272996,0.96735895,1.7997032,0.56973296,1.2744807,1.087537,1.2759644,0.73145396,1.9896142,2.0994065,0.9955489,1.3620178,1.9421363,1.5474777,1.9272995,2.037092,2.6246288,1.3175074,1.5074183,2.3887239,2.2715135,1.0637982,2.2566767,3.0534124,control
0.010615712,0.021231424,0.057324845,0.033970278,0.35244164,0.09766455,0.25902337,0.20806795,0.09341827,0.084925696,0.16772825,0.059447985,0.07855627,0.2144374,0.31847137,0.11677283,0.10191084,0.08280256,0.34819534,0.7261147,0.715499,0.087048836,0.92993635,0.46496817,0.66242045,0.64755845,0.8216561,1.0382167,0.8237792,1.0297241,1.2866243,0.9171975,0.6602973,1.2420382,0.57961786,1.1443738,0.8917198,0.92569005,2.0106158,0.58174103,0.90445864,1.1698514,1.3014863,1.6581742,1.4033971,2.0106158,1.4033971,1.5583866,2.203822,1.4394906,2.0191083,2.7452233,2.2717624,1.0318471,2.0360937,2.161359,2.0509555,0.7940553,1.819533,2.29724,control
0.011834321,0.027613413,0.013806706,0.06311637,0.19132149,0.11439843,0.2820513,0.2524655,0.18343195,0.041420117,0.2071006,0.039447732,0.16568047,0.25641027,0.2504931,0.055226825,0.05325444,0.2820513,0.09664695,0.8461539,1.0650887,0.54043394,0.9270217,0.4852071,0.5029586,0.9191321,0.8106509,0.3688363,0.3846154,0.58579886,1.1696253,0.5424063,0.68441814,1.1459566,0.83629197,0.83629197,1.5088757,1.0276134,1.6291913,1.3155818,1.7100592,0.87376726,1.1972387,1.923077,1.5798817,2.861933,1.0019724,2.270217,3.035503,1.5029585,1.9447732,2.4201183,3.1045363,1.7061144,1.6666667,1.8086785,2.5285995,0.71005917,2.366864,3.4260354,control
0.015837105,0.013574662,0.19683258,0.07013574,0.23981902,0.042986427,0.022624435,0.10859729,0.03167421,0.21266969,0.26244345,0.027149323,0.29185522,0.46832582,0.5045249,0.07692308,0.08597285,0.520362,0.28733033,0.94570136,1.3280543,0.33710408,0.40950227,0.42081448,0.5520362,1.1108598,0.71040726,0.44117647,0.48190045,1.1515838,0.8642534,0.21719459,1.1945702,1.0701357,0.4479638,0.9751131,0.93891406,1.2262443,1.4457015,0.14027148,0.8438914,0.5972851,1.6380091,0.8936652,0.9253394,1.5384616,1.5067873,2.199095,1.8371041,1.6764706,2.6312218,1.617647,1.7692307,0.88235295,1.7873304,2.3642535,1.7579185,2.1153846,2.5769231,3.6244345,control
0.007936508,0.0920635,0.19206351,0.08095238,0.031746034,0.114285715,0.21904764,0.21746033,0.0984127,0.29682544,0.031746034,0.17777778,0.23809525,0.60634923,0.4015873,0.23492065,0.052380953,0.41746032,0.26825398,1.2222223,0.6238096,0.25714287,0.4555556,0.10158731,0.5190477,0.5253968,1.0253968,0.6396826,0.45238099,0.69682544,1.4222223,0.6619048,0.16666667,1.8873017,0.4793651,1.020635,1.3317461,1.5000001,1.6095239,0.6333334,1.1190476,1.4920635,2.630159,1.8079367,1.2952381,1.2746032,1.6095239,1.7428573,1.1809524,1.909524,1.8111112,3.509524,2.477778,0.5539683,2.0857143,1.368254,1.8428572,1.1444445,2.4190476,2.888889,control
0.016431926,0.08920188,0.02347418,0.12910798,0.09859155,0.079812214,0.21361504,0.039906107,0.14553991,0.24413146,0.14788733,0.009389672,0.037558686,0.35211268,0.22065727,0.20657279,0.030516433,0.3826291,0.29812208,0.65023476,0.99061036,0.09859155,0.5187794,0.94366205,0.52347416,0.15023474,0.8239437,0.63615024,0.3028169,0.5258216,1.2065729,0.43896717,0.7323944,1.2558686,1.0516433,0.96948355,1.3896714,1.2910799,1.9553992,0.9788733,1.4272301,1.0821596,1.3943663,1.3568076,2.5140846,2.1549296,1.3450705,3.056338,2.57277,1.8192489,1.8098592,1.6455399,3.5140846,1.2511737,1.8521128,1.5399061,2.0985916,1.185446,3.2793427,3.1807513,control
0.016949153,0.038135592,0.059322033,0.038135592,0.038135592,0.13135593,0.13135593,0.012711865,0.06144068,0.084745765,0.08898305,0.1292373,0.036016952,0.39618647,0.31567797,0.06991526,0.22457628,0.24152543,0.21398306,0.5423729,0.4131356,0.565678,0.5572034,0.51059324,0.5805085,0.940678,0.5444915,0.5148305,0.4088983,0.470339,1.1165254,0.7711865,1.1843221,1.1716102,0.57627124,1.0338984,1.720339,1.0381356,1.4237288,0.4894068,1.3008475,1.2436441,1.4618645,1.8241526,1.9957627,2.3432205,1.5911016,1.6906781,1.881356,1.8093221,2.2733052,3.0254238,2.92161,0.99788135,2.2394068,1.1737288,2.2817798,0.90466106,3.118644,3.17161,control
0.024096385,0.14457831,0.042168673,0.0873494,0.07831325,0.15361445,0.21385542,0.11445782,0.036144577,0.045180723,0.12349397,0.027108433,0.03313253,0.21987952,0.10843373,0.036144577,0.19277108,0.2379518,0.30421686,0.48795182,0.71385545,0.25903615,1.4126506,0.66566265,0.53614455,0.8102409,0.71385545,0.83433735,0.43373492,0.4457831,0.95481926,0.105421685,0.98192763,0.93674695,0.61746985,1.4277109,1.0903615,0.9096385,1.5210843,0.5391566,1.4066265,0.9909639,1.3584336,1.1385541,1.5783132,2.810241,1.5030121,1.8042169,2.3915663,1.4879518,1.4518071,1.8072288,1.6746987,1.4186746,1.7740964,2.0873494,1.7349397,0.560241,3.2198794,3.0602407,control
0.010416667,0.005208334,0.14583333,0.052083332,0.3828125,0.041666668,0.25260416,0.203125,0.015625,0.065104164,0.06770833,0.25520834,0.140625,0.24739583,0.072916664,0.054687496,0.052083332,0.3515625,0.3645833,0.7994792,0.5078125,0.140625,0.6223958,0.3671875,0.39322916,0.1796875,0.6848958,1.1067708,0.9895833,0.6432292,1.5286459,0.6067708,0.6848958,0.9244791,2.205729,0.6276042,1.3880208,0.9791666,2.1406248,0.7786458,1.1093749,1.7291666,1.2838541,1.2734375,1.21875,1.640625,1.015625,2.328125,2.3359373,1.4791666,2.2083333,1.5416666,2.2395833,7.4375,1.5989584,3.0234375,1.7083333,1.0130209,2.440104,1.9791666,control
0.07526881,0.069892466,0.032258064,0.032258064,0.091397844,0.053763438,0.23655914,0.016129032,0.6397849,0.021505376,0.107526876,0.032258064,0.12903225,0.12365591,0.5053763,0.037634406,0.069892466,0.33870968,0.16129032,0.89784944,0.6612903,0.9516129,0.5107527,0.14516129,0.80645156,0.12903225,0.48387095,0.55376345,0.45698923,0.27956986,1.3064516,0.5268817,0.27956986,0.5053763,0.6290322,1.4838709,0.89784944,1.2473118,1.8118279,2.5591395,2.3064516,1.1505376,0.7365591,2.5322578,2.3010752,3.4516125,1.7150537,2.112903,2.8225806,1.5967741,1.9301075,0.9032257,1.3172042,2.344086,1.6182795,2.7096775,2.844086,1.672043,3.0376341,3.1827955,control
0.012135922,0.012135922,0.06310679,0.029126214,0.3859223,0.087378636,0.21359223,0.1699029,0.029126214,0.036407765,0.24514563,0.036407765,0.08252427,0.27184466,0.114077665,0.25,0.12864077,0.27427185,0.26456308,0.711165,0.64320385,0.0461165,0.8907767,0.5970874,0.58252424,0.32038835,0.7597087,0.9053398,0.26456308,0.7014563,1.42233,0.6359223,0.106796116,1.0703883,0.5436893,0.72330093,1.2597088,1.0509708,1.7063107,1.0800971,1.5364077,0.8398058,0.97330093,1.487864,1.3640777,2.3592231,1.5849515,1.776699,2.461165,1.4587377,1.5995146,1.6213592,2.9538834,1.7330097,2.012136,2.684466,2.143204,0.8082524,3.0242717,2.514563,control
0.018018018,0.009009009,0.02027027,0.033783782,0.22747748,0.123873875,0.37837836,0.286036,0.06081081,0.04054054,0.09684685,0.022522522,0.33783785,0.074324325,0.7072072,0.22972973,0.072072074,0.17792793,0.38963962,0.5518018,0.5382883,0.40765765,0.8108108,0.8378378,0.7387387,0.2027027,0.7094594,0.7905405,0.3648649,0.6644144,0.9504505,0.5563063,0.36036035,0.8986487,0.16666667,0.7657657,1.385135,0.7477478,2.1013515,0.9932432,1.382883,1.1463964,1.0923424,0.5135135,1.2815316,2.6554053,1.4234234,2.5315316,2.2635136,1.4887387,0.8783784,2.054054,2.9369369,0.5878378,1.8198198,2.6036036,2.009009,0.6801802,2.1193693,2.4572072,control
0.006514658,0.026058633,0.247557,0.03583062,0.14006515,0.1237785,0.016286645,0.055374596,0.06840391,0.03583062,0.06514658,0.06514658,0.42996743,0.42996743,0.22801304,0.3387622,0.09120521,0.23127036,0.042345274,0.7068404,0.4820847,0.052117266,0.6579805,0.54723126,0.6775244,0.80130297,0.78175896,0.4495114,0.84039086,1.6026059,0.9381107,0.64169383,0.247557,1.1986971,0.37459284,1.0814333,1.6449511,1.2149837,0.9381107,0.6319218,1.1791531,1.1172638,1.7719871,0.9055374,2.0781758,0.990228,1.2052118,1.325733,2.3452768,1.7719871,2.348534,2.247557,2.2345276,1.4723127,2.2638438,1.8501629,1.7882737,1.4071661,2.175896,4.019544,control
0.07317074,0.030487806,0.03658537,0.18902439,0.07926829,0.085365854,0.018292684,0.20731708,0.12195122,0.030487806,0.03658537,0.57926834,0.57926834,0.43292683,0.8963415,0.12195122,0.42073172,0.5731707,0.22560976,0.6585366,0.11585366,0.2987805,0.8231708,1.2439024,0.31707317,1.2012196,0.45731708,1.1097561,0.39634147,1.9024391,0.51829267,0.39634147,0.4695122,0.74390244,0.66463417,0.38414636,0.9207317,0.9390244,0.7378049,0.20731708,1.5853659,1.4512196,0.99390244,0.09146342,1.6280489,1.2621952,2.0060978,2.5548782,1.6585367,1.890244,1.3414634,2.682927,1.2804878,1.4634147,1.347561,1.6707318,2.042683,2.640244,2.2500002,1.4390244,control
0.02131783,0.01744186,0.04069767,0.027131783,0.19573644,0.046511628,0.03875969,0.12790698,0.029069766,0.11821705,0.125969,0.09689923,0.10271318,0.18217054,0.116279066,0.046511628,0.036821704,0.22286822,0.2984496,0.57751936,0.57751936,0.37984496,0.5542636,0.5697674,0.36627907,0.7732558,0.9612403,0.9224806,0.627907,0.8255814,1.3488371,0.6705426,0.14147288,1.2112403,0.3468992,0.91085273,1.0562016,0.8410853,1.2325581,1.1046512,0.6492248,0.8333333,1.2790698,0.875969,2.3275194,1.9127907,1.4089147,2.4089148,1.9108527,1.3197674,1.9282945,1.9050388,2.8914728,1.1976744,1.9244187,1.9302325,1.9670542,0.79457366,2.7558138,2.5717053,control
0.008670521,0.28034684,0.20231214,0.054913297,0.3063584,0.11560694,0.0982659,0.124277465,0.043352604,0.046242777,0.08381504,0.037572253,0.04046243,0.15606937,0.08959538,0.21387285,0.106936425,0.24855493,0.32947978,0.51445085,0.6127168,0.10404625,0.60693645,0.109826595,0.9739885,0.6271677,0.66184974,0.9884394,0.58092487,0.7861272,1.0057803,0.16184972,1.2138729,0.73988444,0.97109824,0.8728324,0.9393064,1.0924855,1.5924855,1.1965319,1.2745665,1.2080926,1.2514452,2.2254336,1.7369943,2.2745664,0.76589596,1.3583815,2.7109828,1.7109828,1.4450867,1.7514452,2.0057805,2.150289,1.6531793,1.7832371,2.5780346,0.6763006,1.8034683,2.9277458,control
0.016746411,0.0215311,0.04784689,0.0430622,0.1076555,0.13636364,0.1985646,0.0861244,0.09569378,0.23444977,0.03588517,0.026315792,0.1555024,0.15311006,0.6148326,0.24401914,0.04784689,0.35167465,0.3110048,0.67942584,0.8684211,0.354067,0.8636364,0.54066986,0.7631579,0.90909094,0.784689,0.5909091,0.7344498,0.9880383,1.1315789,0.5909091,0.5191388,1.409091,0.56937796,0.6100479,1.3875599,1.3229666,1.0550239,1.0143541,1.3875599,1.5598086,1.65311,2.9545455,1.2535886,2.2177033,1.6459332,2.8349283,2.2129188,1.4066986,1.5430622,2.4186604,3.0047848,0.7344498,1.8277513,2.4258375,1.8995216,0.90909094,3.755981,3.2846892,control
0.028199565,0.06941432,0.106290676,0.052060742,0.1713666,0.1713666,0.44034708,0.060737528,0.052060742,0.04338395,0.04338395,0.13232104,0.37310198,0.0824295,0.4229935,0.047722343,0.05639913,0.21691975,0.23210412,0.56832975,0.4143167,0.14967462,0.91540134,1.1019523,0.46420825,0.7635575,0.8286334,0.55748373,0.7505423,0.64859,1.0759219,0.8004339,0.483731,1.1952277,0.24078092,0.79175705,1.0824295,0.91540134,1.0954447,0.44902387,1.5878525,1.1800435,1.8156182,1.6550977,1.5010846,2.5878525,1.8416487,1.6117138,1.8893709,1.835141,1.3817787,1.570499,2.4728851,0.73969626,1.0715835,1.2017354,3.1713665,0.7223427,3.7483733,2.4967463,control
0.053072628,0.019553073,0.2206704,0.04469274,0.48882684,0.09217878,0.033519555,0.31843576,0.16201119,0.055865925,0.05027933,0.13966481,0.053072628,0.11173185,0.57262576,0.19273745,0.11452515,0.23463687,0.0726257,1.0335196,0.86871517,0.05865922,0.61731845,0.12849163,0.77653635,0.15921788,0.7458101,0.4385475,0.6983241,0.3547486,1.1536313,0.932961,0.76815647,0.91061455,0.575419,0.8715084,1.9329609,0.7597766,2.3212292,0.27374303,1.3910615,1.1061453,1.5027933,0.37430167,1.849162,2.3798883,1.4106146,1.7849163,3.0391064,1.3938549,2.4608939,2.4217877,1.6061454,1.1675978,1.5083799,2.1675978,2.5167599,0.55586594,5.103352,2.980447,control
0.057534244,0.21917808,0.12602739,0.035616435,0.21917808,0.12054795,0.3452055,0.26849315,0.057534244,0.09315069,0.038356163,0.04109589,0.08219178,0.057534244,0.12876712,0.1890411,0.05479452,0.52328765,0.18356164,1.1424657,0.66027397,0.31780824,0.7616438,0.8931506,0.34246576,0.21643835,0.4712329,0.8356164,1.8246574,0.22739726,1.3397261,0.69863015,0.9205479,0.8438356,2.2465754,0.48493153,1.2465754,1.369863,1.1123288,0.25753424,1.5013698,1.4520547,1.2465754,1.3671234,3.0630138,1.2958903,1.2328767,1.7643836,2.2246575,2.8246574,1.4164383,2.1890411,2.5808218,1.2547945,1.6465753,1.2849315,2.5150685,2.1972601,2.6027398,4.1424656,control
0.013729977,0.09153318,0.011441647,0.0389016,0.27688786,0.33867276,0.27688786,0.27231118,0.07551487,0.027459955,0.10526315,0.1716247,0.21510296,0.33180776,0.597254,0.0938215,0.082379855,0.40732262,0.28146452,0.49427918,0.27002287,0.61784893,0.6750572,0.34096107,0.4965675,0.26773453,0.6864988,1.0343249,0.41418764,0.36384436,1.2242563,0.5423341,1.0091532,1.2151029,0.13501143,0.83295196,0.9771167,0.8192219,1.2379862,0.6842105,0.9610984,1.1350113,1.7208236,0.76659036,1.8558351,2.3913043,1.3729976,1.7391304,2.208238,1.8032037,1.729977,1.3867276,2.7780318,0.7597254,1.535469,2.2631578,2.231121,1.1647598,2.6064072,2.299771,control
0.035269707,0.1286307,0.035269707,0.029045641,0.20331949,0.08921162,0.3879668,0.085062236,0.08091286,0.039419085,0.056016594,0.08091286,0.051867217,0.15975103,0.32157674,0.04564315,0.10580912,0.26763484,0.15352696,0.9896265,1.1141078,0.43360993,0.66804975,0.5788381,0.76970947,1.0933609,0.6244813,0.5497925,0.659751,0.9377593,1.0228215,0.3858921,0.719917,0.6431535,0.65145224,0.92116183,1.1286306,0.8360995,1.5705392,0.74273854,0.8091286,1.0311203,0.95228213,2.4813275,1.9356846,2.4273858,1.6244813,2.0373442,2.6369293,1.4937758,2.039419,2.033195,2.6078837,1.0269709,1.5663899,1.6556016,1.9585061,0.5103734,2.5290456,2.877593,control
0.015503876,0.06395349,0.03875969,0.029069766,0.31976745,0.062015504,0.20736434,0.08139534,0.031007752,0.029069766,0.031007752,0.027131783,0.29069766,0.2364341,0.29457363,0.3391473,0.032945737,0.30813953,0.2771318,0.87403095,0.25968993,0.16085272,0.5484496,0.16860464,0.58914727,0.41472867,0.8023256,0.6356589,0.46705428,0.8624031,1.9573643,0.29651162,0.40697673,1.2267442,0.58914727,0.92635655,1.9748062,1.2228682,1.2674419,0.74418604,0.9224806,1.1705427,0.9612403,1.6492248,1.9186046,1.622093,1.1143411,1.8217055,1.507752,1.6879845,1.4302326,1.6744186,3.403101,0.7015504,1.6046512,1.6782945,2.3372092,1.0910852,2.9612403,3.7693799,control
0.032258064,0.027295286,0.044665013,0.05210918,0.21339951,0.099255584,0.2853598,0.084367245,0.034739453,0.3076923,0.2878412,0.079404466,0.22828785,0.28039703,0.50124073,0.2828784,0.034739453,0.19602978,0.3101737,0.764268,0.24813896,0.4565757,0.55583125,0.42183623,0.3622829,0.19602978,0.5210918,0.9429281,0.4540943,0.6476427,1.2258065,0.46898264,0.99751866,1.2084367,0.83870965,0.98263025,0.9702233,1.1091812,1.7990074,0.6501241,1.1960298,1.0942928,1.3225807,0.20843671,1.5707196,2.08933,1.0024815,1.4367247,3.240695,1.9404466,1.394541,2.2307694,3.325062,2.8610423,1.394541,2.5210917,2.6451614,1.2109181,2.1364765,2.2952855,control
0.03547672,0.11973393,0.028824834,0.20177385,0.082039915,0.23946786,0.33481157,0.23503327,0.07538803,0.06873614,0.15077606,0.033259425,0.059866965,0.08647451,0.3525499,0.028824834,0.09534369,0.1396896,0.29046565,0.68292683,0.6940133,0.60310423,0.46341464,0.60310423,0.6208426,0.81152993,0.64745015,0.47893572,0.5609756,0.69844794,1.5742794,0.37028828,0.18181819,0.86917967,1.2749447,0.45454547,1.3547672,0.67184037,1.1485589,0.751663,1.1219512,1.2439024,1.1064303,1.7760533,2.337029,1.9512196,1.4345899,2.6186254,2.5099778,1.3170732,1.1995566,2.660754,3.742794,2.2815967,1.5742794,2.179601,1.8403549,0.6119734,2.6186254,3.277162,control
0.021327013,0.011848341,0.021327013,0.06398104,0.20379147,0.32464454,0.2085308,0.059241705,0.030805685,0.07109004,0.25118482,0.101895735,0.36492887,0.13507108,0.17298578,0.16824643,0.23933649,0.25592417,0.27251184,0.5734597,0.81990516,0.39099523,0.56161135,0.1042654,0.5094786,0.76066345,0.5663507,0.43838862,0.56872034,1.1018957,0.9502369,0.91469187,0.02606635,1.5213269,0.53317535,0.5094786,1.2867298,1.1042653,1.514218,1.3578198,1.4241705,0.8436018,1.0758294,1.8056871,2.2417061,1.9715638,0.92890996,1.549763,2.779621,1.8056871,2.0142179,1.5450236,3.5331755,1.0900474,1.5236967,1.9597155,2.5971563,1.0189573,2.5592415,3.5331755,control
0.012396694,0.24793388,0.016528925,0.028925618,0.29338843,0.057851236,0.012396694,0.012396694,0.028925618,0.08264463,0.09504132,0.020661157,0.03305785,0.041322313,0.18181819,0.07851239,0.016528925,0.29752064,0.13636363,0.80991733,0.6776859,0.07024793,0.88842976,0.2231405,0.4504132,1.107438,0.3966942,0.35537192,0.93801653,0.4504132,1.5991735,0.041322313,0.2644628,0.8471074,0.9958678,0.74380165,1.0123967,0.78512394,1.785124,1.6528926,0.9421487,0.9256198,0.58677685,2.198347,2.3347106,2.7561982,1.0495868,2.231405,4.1115704,1.3966942,1.8636363,1.1900826,1.8595041,1.3140495,1.5950413,3.0785124,3.2479339,0.95454544,4.049587,5.392562,control
0.09454545,0.21818182,0.03272727,0.03272727,0.20363635,0.09454545,0.014545455,0.5272727,0.08363636,0.02909091,0.047272723,0.0690909,0.23272727,0.59272724,0.15636364,0.087272726,0.03272727,0.40363637,0.29090908,0.7309091,0.46909088,0.11272726,0.71636367,0.24727273,0.9418181,0.52363634,0.5672727,0.54181814,0.47636363,0.4109091,1.6581817,0.58181816,1.4218181,0.96363634,0.31272727,1.1927272,1.0036364,1.08,0.9309091,0.11636364,1.3672726,1.3127272,0.79272723,0.3090909,2.5636363,0.93454546,1.9381818,1.6181818,2.2072728,2.0545454,1.7963636,3.3163633,2.712727,0.9490909,2.3054545,1.8145454,1.8654544,1.9781818,3.5927272,3.810909,control
0.013297873,0.17819148,0.1356383,0.03989362,0.20744681,0.042553194,0.19414894,0.19414894,0.050531916,0.045212768,0.4175532,0.02393617,0.034574468,0.2925532,0.13031915,0.061170213,0.042553194,0.3856383,0.23404257,0.9175532,1.0026596,0.27925533,0.5505319,0.5611702,0.57446814,0.8164894,1.0265957,0.8590425,0.69414896,1.1622341,1.6117021,0.6356383,0.92287236,0.9787234,0.7819149,1.0292554,1.0797873,1.1117021,0.60372347,0.13829787,1.2180852,1.1356384,1.3351064,2.0452127,1.268617,2.0957448,1.1702127,1.9893619,2.5398936,1.5372341,1.8005319,1.4361702,2.5345745,1.4813831,1.3643618,1.4627659,1.925532,1.5159575,2.6462767,3.3776596,control
0.026190476,0.004761905,0.026190476,0.04047619,0.15238096,0.061904762,0.15238096,0.36666667,0.07619048,0.2404762,0.11904762,0.03809524,0.05714286,0.17619048,0.7,0.04761905,0.11428572,0.1404762,0.23571429,0.81428576,0.052380953,0.33333334,0.4214286,0.12857144,0.74761903,0.24523811,0.5809524,1.2214286,0.6309524,0.74285716,1.1142857,0.45,0.8738096,1.1166667,0.6309524,1.2761905,1.502381,0.98333335,1.9023811,0.95476186,0.9166667,0.7857143,1.5785716,1.0214286,1.8785715,2.2190475,1.4095238,1.9619049,2.3119047,1.6642858,1.9309524,2.0261905,3.252381,0.9619048,1.5595238,1.804762,3.007143,0.3904762,2.0690477,2.3738096,control
0.027027026,0.013513513,0.02027027,0.047297295,0.34459457,0.04054054,0.047297295,0.3243243,0.16216215,0.23648648,0.22297296,0.121621616,0.14864865,0.2027027,0.23648648,0.65540534,1.0135134,0.02027027,0.12837838,0.9527027,0.1081081,0.29054055,1.1554054,0.18243243,0.99999994,0.18243243,0.4797297,0.9729729,1.1891892,0.12837838,1.6756755,0.18918918,0.13513513,0.6081081,0.41216213,1.4256756,1.2364864,1.1283784,2.4797297,1.1418918,0.7094594,0.9864865,0.9594594,1.1824324,2.5743241,3.1216216,1.0675676,0.8986486,3.3445945,1.9999999,2.2229729,0.85810804,2.8716216,0.8175675,0.9527027,3.8648648,3.027027,1.3986486,3.0067565,2.5,control
0.018518519,0.04398148,0.113425925,0.023148147,0.25,0.2847222,0.2847222,0.13888888,0.071759254,0.032407407,0.25,0.025462963,0.4328704,0.46296296,0.5208333,0.06481481,0.08333333,0.6203703,0.28703701,1.1041666,0.2546296,0.5347222,0.48379627,0.537037,0.81249994,1.3935184,0.66898143,0.6527778,0.52777773,1.5046296,1.7731481,0.8541667,0.22453703,0.84722215,0.48148146,1.0162038,1.5185184,1.1273148,0.6967592,0.22685185,1.1828703,1.4027777,1.0046296,0.84027773,2.5277777,2.0208333,1.8356482,1.9166666,0.90509254,1.6458333,2.4583333,2.511574,3.363426,1.375,2.0416665,2.613426,2.0625,1.6365739,2.6550925,2.736111,control
