ID_REF,GSM317398,GSM317402,GSM317407,GSM317410,GSM317412,GSM317413,GSM317416,GSM317418,GSM317421,GSM317426,GSM317432,GSM317434,GSM317435,GSM317436,GSM317438,GSM317441,GSM317442,GSM317447,GSM317449,GSM317452,GSM317453,GSM317459,GSM317461,GSM317462,GSM317465,GSM317466,GSM317468,GSM317471,GSM317472,GSM317476,GSM317477,GSM317480,GSM317484,GSM317486,GSM317387,GSM317390,GSM317392,GSM317393,GSM317394,GSM317395,GSM317400,GSM317405,GSM317408,GSM317409,GSM317414,GSM317420,GSM317422,GSM317423,GSM317424,GSM317427,GSM317428,GSM317430,GSM317437,GSM317448,GSM317450,GSM317455,GSM317457,GSM317460,GSM317463,GSM317464,GSM317467,GSM317469,GSM317470,GSM317473,GSM317474,GSM317475,GSM317478,GSM317481,GSM317482,Calc
215219_at,0.17248909,0.030581038,0.023738872,0.01910828,0.01775148,0.024886878,0.019047622,0.11032864,0.014830508,0.024096385,0.015625,0.059139784,0.016990291,0.018018018,0.03583062,0.1097561,0.03488372,0.054913297,0.05741627,0.03253796,0.18715084,0.076712325,0.011441647,0.07676348,0.019379845,0.019851116,0.015521065,0.03791469,0.016528925,0.021818181,0.05585106,0.014285715,0.18918918,0.018518519,0.034666665,0.018237082,0.020775624,0.030107526,0.042410716,0.03757829,0.019642858,0.024475524,0.013333334,0.033519555,0.010928962,0.018099548,0.011396012,0.020408165,0.024657533,0.02078522,0.017175572,0.021505376,0.015280135,0.019230768,0.012224939,0.010570825,0.022222223,0.042895444,0.01754386,0.020114942,0.013937282,0.014028056,0.020289855,0.013752456,0.015332197,0.019277109,0.020253165,0.023346303,0.019578312,30.75284715
208245_at,0.004366813,0.02446483,0.008902078,0.08067941,0.011834321,0.20135747,0.0984127,0.016431926,0.12288136,0.13253012,0.065104164,0.021505376,0.12864077,0.13288288,0.013029316,0.03658537,0.005813954,0.17341042,0.028708136,0.036876358,0.10055866,0.25753424,0.009153318,0.10580912,0.013565891,0.079404466,0.09977828,0.06398104,0.14049587,0.014545455,0.14361703,0.17857143,0.02027027,0.013888889,0.208,0.012158054,0.088642664,0.006451613,0.04017857,0.073068894,0.08035715,0.13986014,0.08,0.18156426,0.101092905,0.10859729,0.12250713,0.16666667,0.043835618,0.09237876,0.19656488,0.12365591,0.07640068,0.25274724,0.31295845,0.09725159,0.06944445,0.3163539,0.13596492,0.17528735,0.20383276,0.09418837,0.17681159,0.106090374,0.015332197,0.04337349,0.16962025,0.08949416,0.094879515,18.3930856
210506_at,0.021834062,0.045871556,0.2982196,0.042462848,0.05128205,0.040723983,0.06984127,0.02347418,0.06567796,0.03313253,0.21874999,0.043010753,0.048543688,0.04954955,0.19869706,0.067073174,0.027131783,0.03179191,0.045454547,0.047722343,0.31843576,0.043835618,0.04576659,0.04356846,0.04069767,0.074441686,0.028824834,0.03554502,0.03719008,0.05818182,0.061170213,0.07619048,0.027027026,0.032407407,0.018666666,0.05471124,0.037396125,0.025806453,0.035714287,0.020876827,0.025,0.03146853,0.024,0.03631285,0.024590164,0.020361992,0.06552707,0.034013607,0.049315065,0.030023096,0.047709923,0.06451613,0.02886248,0.030219778,0.019559903,0.025369981,0.025,0.06702413,0.039473683,0.048850577,0.040069688,0.018036071,0.028985508,0.015717093,0.028960818,0.024096385,0.027848102,0.031128405,0.06325301,18.26145699
220418_at,0.041484717,0.22324158,0.11721068,0.07855627,0.15581855,0.05882353,0.15396826,0.058685448,0.07838983,0.0753012,0.15104167,0.112903215,0.053398058,0.08558559,0.06188925,0.12195122,0.062015504,0.06936417,0.28708136,0.06290673,0.17039107,0.12054795,0.36155605,0.03319502,0.116279066,0.042183623,0.015521065,0.023696681,0.041322313,0.087272726,0.082446806,0.05714286,0.10135135,0.08333333,0.026666667,0.04255319,0.033241,0.021505376,0.017857144,0.029227557,0.12142858,0.027972028,0.08,0.32960895,0.024590164,0.04751131,0.011396012,0.08163266,0.043835618,0.039260972,0.04389313,0.06451613,0.027164686,0.07692307,0.058679707,0.32980976,0.07777778,0.056300264,0.105263166,0.03448276,0.022648083,0.024048097,0.08695652,0.01178782,0.028960818,0.016867468,0.24303798,0.038910504,0.04066265,16.0859859
220622_at,0.015283844,0.015290519,0.010385756,0.02760085,0.0295858,0.036199097,0.02698413,0.03286385,0.023305086,0.03313253,0.033854164,0.053763438,0.029126214,0.022522522,0.03257329,0.04878049,0.032945737,0.03179191,0.0215311,0.04338395,0.039106146,0.02739726,0.26773453,0.099585064,0.031007752,0.05955335,0.09534369,0.014218009,0.024793388,0.10545455,0.21010639,0.061904762,0.04054054,0.04861111,0.034666665,0.045592703,0.16481994,0.036559142,0.017857144,0.07098121,0.030357145,0.02097902,0.032,0.05027933,0.019125683,0.15837105,0.11111112,0.034013607,0.36712328,0.1039261,0.27862597,0.24193548,0.21222411,0.13736263,0.112469435,0.061310787,0.2,0.053619303,0.039473683,0.025862068,0.04181185,0.046092182,0.07536232,0.09823182,0.03236797,0.053012047,0.06329114,0.13229571,0.034638554,15.84288789
214565_s_at,0.06331878,0.1529052,0.08456973,0.17834395,0.2366864,0.25339368,0.057142857,0.086854465,0.086864404,0.4066265,0.15885416,0.15591398,0.0461165,0.1036036,0.06840391,0.26219514,0.40310076,0.0982659,0.055023924,0.12364425,0.32122907,0.0849315,0.06864988,0.29668048,0.26550388,0.13895781,0.05764967,0.033175353,0.07438016,0.3272727,0.077127665,0.0952381,0.13513513,0.05787037,0.15466668,0.13677812,0.06786704,0.034408603,0.035714287,0.0605428,0.042857148,0.1013986,0.064,0.12569833,0.04371585,0.056561086,0.022792025,0.06462585,0.13150686,0.09468822,0.091603056,0.10215053,0.08658744,0.1565934,0.06601467,0.09725159,0.15833333,0.11260053,0.078947365,0.06896552,0.2804878,0.036072142,0.1884058,0.033398822,0.069846675,0.036144577,0.043037977,0.054474704,0.031626504,14.29035732
214244_s_at,0.026200876,0.021406727,0.040059347,0.02760085,0.047337282,0.18099548,0.058730163,0.17605634,0.24364407,0.054216865,0.026041666,0.29032257,0.053398058,0.08108108,0.045602605,0.1097561,0.20930232,0.06936417,0.059808612,0.06507592,0.2960894,0.27123287,0.03432494,0.06639004,0.12015504,0.05707196,0.13747229,0.18246444,0.03305785,0.03272727,0.05319149,0.15476191,0.033783782,0.1412037,0.23733333,0.3525836,0.02631579,0.098924726,0.27232143,0.19832985,0.17142859,0.3881119,0.029333334,0.23463687,0.41530058,0.17420815,0.051282052,0.04081633,0.37260276,0.15242495,0.28435114,0.3548387,0.21731749,0.07142857,0.20782396,0.25158563,0.2388889,0.24664879,0.039473683,0.33333334,0.108013935,0.13827655,0.17391305,0.102161095,0.02725724,0.06024096,0.22278482,0.3929961,0.14006025,13.99279431
207899_at,0.054585155,0.4006116,0.08160237,0.24628453,0.027613413,0.28054297,0.03968254,0.079812214,0.048728812,0.20783132,0.033854164,0.10215053,0.07038835,0.04954955,0.08469055,0.16463415,0.20348836,0.0982659,0.05741627,0.060737528,0.11452515,0.073972605,0.11441647,0.1078838,0.08139534,0.079404466,0.06430156,0.056872036,0.049586777,0.0690909,0.1356383,0.1904762,0.45270267,0.03472222,0.055999998,0.04255319,0.029085873,0.040860213,0.049107146,0.05427975,0.07678572,0.05944056,0.064,0.09776537,0.046448093,0.03846154,0.04558405,0.08163266,0.101369865,0.06466513,0.08778626,0.0672043,0.052631576,0.10714285,0.10024449,0.06342495,0.03611111,0.053619303,0.06140351,0.04597701,0.071428575,0.03807615,0.46086955,0.041257367,0.039182283,0.0313253,0.025316456,0.058365755,0.052710842,12.60321546
216373_at,0.11353712,0.039755348,0.22106823,0.16560511,0.013806706,0.12669684,0.10952382,0.02112676,0.059322033,0.10843373,0.046874996,0.47849458,0.12864077,0.23198198,0.09120521,0.030487806,0.13759689,0.017341042,0.20813397,0.09544469,0.12290504,0.07123287,0.03661327,0.14315352,0.1744186,0.21091811,0.082039915,0.11374407,0.028925618,0.38181818,0.32978722,0.13571428,0.33783782,0.12268519,0.30666667,0.015197568,0.02493075,0.058064517,0.23883928,0.008350731,0.28392857,0.01048951,0.25066665,0.005586593,0.23224045,0.024886878,0.022792025,0.013605443,0.008219179,0.011547345,0.030534351,0.01344086,0.020373516,0.101648346,0.007334963,0.048625793,0.005555556,0.024128685,0.030701755,0.048850577,0.087108016,0.26853707,0.060869563,0.17288801,0.005110733,0.17108433,0.010126582,0.12451362,0.20933734,12.1582576
217166_at,0.13537118,0.119266056,0.1439169,0.24840766,0.13806707,0.18778281,0.22222224,0.06807512,0.20127119,0.4307229,0.29427084,0.24731182,0.15048543,0.3873874,0.042345274,0.085365854,0.31007752,0.15606937,0.215311,0.20824297,0.31005588,0.3068493,0.26086953,0.19917013,0.2112403,0.13151366,0.29268295,0.25592417,0.09504132,0.05818182,0.22606383,0.092857145,0.64189184,0.5393518,0.2,0.3161094,0.17867036,0.3956989,0.49107143,0.302714,0.33035716,0.32517484,0.24533333,0.4469274,0.36065575,0.24886878,0.5099715,0.28231293,0.24657534,0.32101616,0.055343512,0.17473118,0.2393888,0.22802196,0.23716381,0.21353067,0.41944447,0.28150135,0.20614034,0.21551724,0.2996516,0.34068137,0.34492752,0.3968566,0.28279388,0.30602407,0.34430382,0.28793773,0.29668674,9.024767684
206925_at,0.19650656,0.12538226,0.17507418,0.23779194,0.0591716,0.19004524,0.18888889,0.23943663,0.34533897,0.24698794,0.5494792,0.6612903,0.47330096,0.27702704,0.3029316,0.37804878,0.21899225,0.3410405,0.36363637,0.093275495,0.24581008,0.37534246,0.15789473,0.2365145,0.12403101,0.044665013,0.055432376,0.19905211,0.22727272,0.38181818,0.13031915,0.104761906,0.5405405,0.13888888,0.29333335,0.115501516,0.11634349,0.16774194,0.058035713,0.36534446,0.13928573,0.36363634,0.010666668,0.083798885,0.065573774,0.056561086,0.025641026,0.05102041,0.01369863,0.09468822,0.15076336,0.24999999,0.06451613,0.2664835,0.19804402,0.07610994,0.06111111,0.06970509,0.5964913,0.08908046,0.2909408,0.042084165,0.07536232,0.13948919,0.04940375,0.04337349,0.1164557,0.07392996,0.072289154,8.790469263
208601_s_at,0.37991267,0.66360855,0.050445102,0.070063695,0.06903353,0.05882353,0.1793651,0.29577467,0.06355932,0.06626506,0.078125,0.22580643,0.44902912,0.045045044,0.5504886,0.12195122,0.050387595,0.31791908,0.16746412,0.5010846,0.027932962,0.30958906,0.057208236,0.30290455,0.05232558,0.3126551,0.32150778,0.24170615,0.024793388,0.5854545,0.058510642,0.6452381,0.5135135,0.5810185,0.034666665,0.17325227,0.01800554,0.043010753,0.071428575,0.035490606,0.13214287,0.21678321,0.35733333,0.05027933,0.035519127,0.036199097,0.06267807,0.057823133,0.07945206,0.15011548,0.1793893,0.059139784,0.16298813,0.06593406,0.080684595,0.061310787,0.044444446,0.04825737,0.07456141,0.09195402,0.040069688,0.042084165,0.089855075,0.17288801,0.056218058,0.5156626,0.35443038,0.06614786,0.034638554,8.752384504
211904_x_at,0.019650655,0.45565745,0.20474777,0.22929938,0.30177516,0.4841629,0.23650794,0.12206573,0.32627118,0.30421686,0.13541666,0.49462363,0.40048543,0.23648648,0.42996743,0.11585366,0.12403101,0.36127168,0.215311,0.2364425,0.66480446,0.16712329,0.08009153,0.022821575,0.27131784,0.30521092,0.2660754,0.07109004,0.2768595,0.38545454,0.3138298,0.2904762,0.47297296,0.6782407,0.25066665,0.06382978,0.2534626,0.17634408,0.03794643,0.10438413,0.021428574,0.13986014,0.368,0.39106148,0.027322406,0.06787331,0.03988604,0.24149661,0.24931508,0.24018477,0.026717557,0.07526881,0.24617997,0.038461536,0.2591687,0.38689217,0.019444445,0.018766755,0.07017544,0.31896552,0.20034844,0.3026052,0.14202899,0.03929273,0.06473594,0.29879516,0.11392406,0.027237352,0.16114457,8.562413673
220433_at,0.07641922,0.38226297,0.28635013,0.5010616,0.17159763,0.10859729,0.31269845,0.3685446,0.093220346,0.4638554,0.12239583,0.12903225,0.036407765,0.18018018,0.03583062,0.10365854,0.07364341,0.11271677,0.07177034,0.0867679,0.18994415,0.33150685,0.13272311,0.14315352,0.2383721,0.46650124,0.4013304,0.13507108,0.028925618,0.15272726,0.21808511,0.34285715,0.074324325,0.15277778,0.192,0.21276595,0.49030474,0.22365591,0.37723213,0.3862213,0.3482143,0.42307693,0.24266668,0.37709498,0.32513663,0.3529412,0.47008547,0.5850341,0.13972603,0.1709007,0.11832061,0.6182795,0.27164686,0.13461538,0.3007335,0.03382664,0.11944445,0.6809651,0.55701756,0.6149425,0.20905924,0.5290581,0.22608696,0.21414538,0.24361159,0.12048192,0.24810128,0.22568093,0.22289155,8.517923288
217380_s_at,0.23580788,0.04892966,0.5281899,0.07643312,0.4122288,0.59049773,0.34603176,0.37558687,0.48728815,0.0873494,0.09374999,0.44086018,0.14805825,0.033783782,0.43648207,0.6707317,0.058139533,0.40751448,0.13636364,0.29501086,0.10893855,0.6109589,0.052631576,0.051867217,0.34108528,0.34987596,0.46563196,0.20616113,0.016528925,0.43272725,0.5,0.3404762,0.24324323,0.4212963,0.5466667,0.38905773,0.40443215,0.49462366,0.29017857,0.36951986,0.2107143,0.7832168,0.70933336,0.301676,0.39890712,0.37556562,0.4615385,0.27891156,0.539726,0.2309469,0.3053435,0.3548387,0.237691,0.45329666,0.36674815,0.39534888,0.4,0.38605896,0.7017544,0.07183908,0.3205575,0.39478958,0.3362319,0.35756385,0.4770017,0.5686747,0.21518987,0.43579763,0.30421686,7.414498883
211794_at,0.19213976,0.10091743,0.7759644,0.11889597,0.24457593,0.6877828,0.12380953,0.13615024,0.29449153,0.12650602,0.484375,0.42473117,0.13106796,0.10585585,0.18241042,0.15853658,0.37403098,0.1531792,0.08373206,0.39696312,0.13687152,0.101369865,0.0778032,0.31535268,0.37015504,0.32754344,0.1396896,0.1563981,0.15702479,0.19272727,0.2712766,0.20238096,0.3716216,0.14583333,0.79733336,0.18844983,0.12465374,0.08817204,0.051339287,0.08977036,0.5517857,0.066433564,0.11466668,0.17318437,0.07923498,0.15158372,0.042735044,0.09183674,0.05479452,0.090069294,0.16603053,0.09677418,0.17147708,0.15934065,0.16381417,0.12262157,0.11388889,0.14209116,0.20614034,0.13793103,0.08885018,0.21643287,0.19130436,0.09430256,0.09028961,0.118072286,0.08101266,0.058365755,0.3207831,7.256728533
217536_x_at,0.09606988,0.28746176,0.17507418,0.2059448,0.07692308,0.3846154,0.06825397,0.058685448,0.17372881,0.012048192,0.26302084,0.14516129,0.097087376,0.15765765,0.23778503,0.34756097,0.20348836,0.19075145,0.11004785,0.06941432,0.17318437,0.36438358,0.194508,0.014522821,0.17829457,0.20099257,0.19512196,0.40521327,0.29338843,0.21818182,0.09574468,0.19761905,0.16216215,0.8055555,0.09866667,0.16413373,0.32963988,0.45376346,0.53348213,0.39874738,0.15357144,0.2062937,0.29066667,0.56983244,0.27322406,0.2963801,0.1823362,0.3537415,0.30958906,0.24249424,0.28053436,0.34677416,0.20203735,0.14560439,0.25183374,0.31501058,0.18888889,0.23056301,0.28070176,0.28448275,0.1585366,0.33266532,0.4405797,0.15324165,0.21635434,0.28915662,0.3164557,0.3696498,0.49548194,7.212911255
215814_at,0.04585153,0.27522933,0.14985164,0.19745225,0.09072978,0.1923077,0.45714286,0.049295776,0.059322033,0.15361445,0.21354166,0.86559135,0.19902912,0.45045045,0.22801304,0.25609756,0.251938,0.20520231,0.16267943,0.17787418,0.19832402,0.39452052,0.041189928,0.2551867,0.31589144,0.12655087,0.23059867,0.20616113,0.06198347,0.05818182,0.16489361,0.06904762,0.13513513,0.3726852,0.050666668,0.045592703,0.009695292,0.14408602,0.024553573,0.19415449,0.47678575,0.44405594,0.037333332,0.055865925,0.010928962,0.011312217,0.037037037,0.07142857,0.09589041,0.3117783,0.22137405,0.01344086,0.23429541,0.25274724,0.034229826,0.3509514,0.31666666,0.034852546,0.057017542,0.15804598,0.031358887,0.024048097,0.060869563,0.035363458,0.09369676,0.15180723,0.24050634,0.06225681,0.24849397,6.71415404
213680_at,0.16157207,0.079510696,0.615727,0.34394908,0.18145956,0.18552037,0.50317466,0.443662,0.19703391,0.7620481,0.6875,0.37096772,0.7281553,0.3873874,0.1791531,0.6707317,0.3352713,0.682081,0.06459331,0.46637744,0.5921788,0.7315069,0.48283753,0.88796675,0.49224806,0.33995038,0.25720623,0.18720378,0.057851236,0.21818182,0.4920213,0.3357143,0.121621616,0.7615741,0.4826667,0.57750756,0.5180056,0.38709676,0.37053573,0.3841336,0.8214286,0.37062937,0.6026667,0.8072626,0.521858,0.35520363,0.41310543,0.70408165,0.7205479,0.6859123,0.4980916,0.5268817,0.3599321,0.48901093,0.68215156,0.5327696,0.6,0.58176947,0.6973684,0.59195405,0.5313589,0.2985972,0.8028986,0.41650295,0.6201022,0.38313252,0.4,0.39688712,0.3207831,6.496567406
215663_at,0.09606988,0.25382262,0.21513352,0.3099788,0.28796846,0.08144797,0.21746033,0.2746479,0.3495763,0.24096385,0.4427083,0.14516129,0.097087376,0.10810811,0.36156353,0.9207317,0.14341085,0.2630058,0.2631579,0.35357916,0.2932961,0.06849315,0.0389016,0.4087137,0.09108527,0.14888337,0.028824834,0.20616113,0.03719008,0.021818181,0.13297872,0.37142858,0.49324325,0.21527778,0.061333332,0.012158054,0.07479225,0.2,0.25,0.029227557,0.34107146,0.15734266,0.050666668,0.41899443,0.010928962,0.3484163,0.025641026,0.3877551,0.021917809,0.036951505,0.03816794,0.037634406,0.22920203,0.0576923,0.056234717,0.35306558,0.28611112,0.04557641,0.27192983,0.04597701,0.071428575,0.18436873,0.023188407,0.029469548,0.14650767,0.014457831,0.278481,0.15175097,0.08283132,6.310245621
214379_at,0.34497818,0.3761468,0.45845696,0.59660304,0.37869826,0.5294118,0.49047622,0.39201882,0.59322035,0.40361443,0.2708333,0.6666666,0.35679612,0.5315315,0.5374593,0.9268293,0.4127907,0.2716763,0.49282297,0.43167028,0.78770953,0.5287671,0.201373,0.44605806,0.5271318,0.5235732,0.368071,0.4905213,0.55785125,0.48,0.122340426,0.6357143,0.5608108,0.51620364,0.39733332,0.38601822,0.35457066,0.33333334,0.20312501,0.4091858,0.4875,0.42657343,0.38133335,0.3072626,0.34699455,0.42986426,0.25925928,0.4727891,0.28493148,0.42956123,0.27290076,0.13978493,0.34125638,0.4285714,0.19315404,0.11627907,0.28888887,0.37533513,0.50438595,0.22988506,0.39198607,0.35270542,0.42028987,0.2848723,0.29812607,0.31084335,0.4506329,0.41634238,0.44728914,6.163308574
202489_s_at,0.9563319,0.079510696,0.047477745,0.14012739,0.29980275,0.06787331,0.16825399,0.07042254,0.04025424,0.093373485,0.065104164,0.059139784,0.45631066,0.10135135,0.0781759,0.07926829,0.07364341,0.109826595,0.059808612,0.06507592,0.11173185,0.049315065,0.086956516,0.056016594,0.10852713,0.079404466,0.055432376,0.18483412,0.1735537,0.17454545,0.082446806,0.083333336,0.18243243,0.7199074,0.82933336,0.93920964,0.06094183,0.53548384,0.03794643,0.64926934,0.1,0.520979,0.21333334,0.57262576,0.18579237,0.35746607,0.2991453,0.098639466,0.101369865,0.1039261,0.6946565,0.10483871,0.06960951,0.079670325,0.08557457,0.95137423,0.08055556,0.12600535,0.12280702,0.06896552,0.46167248,0.38677353,0.20289856,0.30058938,0.26235092,0.11566265,0.07341772,0.20233461,0.6701807,6.047917505
204047_s_at,0.61572057,0.49541286,0.65578634,0.656051,0.678501,0.300905,0.61111116,0.65023476,0.49152544,0.3885542,0.7317708,0.38709673,0.737864,0.4054054,0.6384365,0.93292683,0.5581395,0.92485553,0.430622,0.7483731,0.5837989,0.8383562,0.7391304,0.5311203,0.6317829,0.67493796,0.64966744,0.39099523,0.59090906,0.45454544,0.6728723,0.7642857,0.9864865,0.4537037,0.34666666,0.27355623,0.62049866,0.39784947,0.3549107,0.65344465,0.6946429,0.53496504,0.616,0.2905028,0.42076504,0.6085973,0.74358976,0.30952382,0.43013698,0.59815246,0.73282444,0.20430106,0.26994905,0.2307692,0.4816626,0.640592,0.55,0.5067024,0.04385965,0.6034483,0.43379793,0.49699396,0.6173913,0.42239684,0.72231686,0.2939759,0.3721519,0.31906614,0.3313253,5.855973566
218454_at,0.15502185,0.039755348,0.33679524,0.21868367,0.092702165,0.24660634,0.5380953,0.41314557,0.7161017,0.5963855,0.9322916,0.053763438,0.4538835,0.6869369,0.42996743,0.51829267,0.5116279,0.81502897,0.46411484,0.106290676,0.19273745,0.91780823,0.51716244,0.22821575,0.5251938,1.0148884,0.54545456,0.33649287,0.38429752,0.09454545,0.84042555,0.33095238,0.121621616,0.08333333,0.6186667,0.21580546,0.61357343,1.0752689,0.62053573,0.4947808,0.30892858,0.18881118,0.78933334,0.5111732,0.61202186,0.64705884,0.3133903,0.49659866,0.4219178,0.6004619,0.7251908,0.4301075,0.5874363,0.3763736,0.75061125,0.71458775,0.47222224,0.9436998,0.7763158,0.73275864,0.47735193,0.8076152,0.60289854,0.28290766,0.62350935,0.74698794,0.3873418,0.9105058,0.86295176,5.372942648
207757_at,0.22270744,1.0519878,0.5504451,0.5456476,0.90729785,0.5565611,0.53968257,0.24413146,0.69491524,0.66566265,0.7578125,0.8333333,0.32038835,0.33783785,0.5537459,0.4390244,0.41666666,0.6473989,0.8444976,0.5900217,0.07821229,0.31780824,0.38215104,0.3838174,0.7131783,0.3870968,0.42572066,0.5094786,0.60743797,0.3490909,0.64893615,0.3,0.09459459,0.6481481,0.40800002,0.3130699,0.54847646,0.55698925,0.6294643,0.55114824,0.75535715,0.6433566,0.55200005,0.6061453,0.8415301,0.7081448,0.49002853,0.6938776,0.46849316,0.67667437,0.8301527,0.81182796,1.0916809,1.0467032,0.55256724,0.8731501,0.8833333,0.9490617,0.79385966,0.5804598,0.5592334,1.0200402,0.53333336,0.6561886,0.59625214,0.60481924,1.0253165,0.38910505,0.39307228,5.253112844
211582_x_at,0.38646293,0.8318043,0.5548961,0.18471338,0.3116371,0.44343895,0.12380953,0.49765262,0.18855932,0.24397591,0.890625,0.77419347,0.78398055,0.18018018,0.21498372,0.17073171,0.91085273,0.7543353,1.1578948,0.15401301,0.08938548,0.13424657,0.1716247,0.36099583,0.29069766,0.7890819,0.5764967,0.26303318,0.98347104,0.20363635,1.0292554,0.3119048,0.36486486,0.1273148,0.111999996,0.082066864,0.28670362,0.07526882,0.37053573,0.08768267,0.17678572,0.37762237,0.088,0.053072628,0.15846996,0.11312217,0.054131053,0.4591837,0.13150686,0.12702079,0.22328244,0.14784946,1.0458404,0.11813187,0.24205378,0.11627907,0.15277778,0.15281501,0.33333334,0.20689654,0.13763067,0.250501,0.21159421,0.91159135,0.13287905,0.89638555,0.18734178,0.105058365,0.68674695,4.973382124
219699_at,1.187773,0.9388379,0.59940654,1.0360935,0.6646943,0.32126698,0.16666667,0.29812208,0.720339,0.22289155,0.5130208,0.4623656,0.342233,0.63738734,0.4136808,0.75609756,0.7635659,0.48554912,0.4712919,1.0173537,0.081005596,0.83013695,0.48741415,1.0746887,0.3527132,0.6253102,0.4079823,0.6113744,0.30578512,0.13090909,0.46542555,0.7857143,1.1689188,0.1736111,0.120000005,0.449848,0.4459834,0.21935484,0.4508929,0.3131524,0.41250002,0.67832166,0.65866673,0.18156426,0.77595633,0.699095,0.16239317,0.207483,0.11232876,0.26097,0.35687023,0.47580644,0.13242784,0.35714284,0.24694377,0.14164905,0.3,0.18230563,0.10087719,0.14367816,0.5209059,0.12825651,0.13333334,0.41257367,0.7955707,0.9445783,0.43797466,0.540856,0.3072289,4.81900966
209788_s_at,0.5786027,0.18960243,0.6231454,0.37579623,0.67061144,0.11764706,0.24126986,0.41079813,0.5677966,0.37349394,0.5989583,0.6129032,0.25,0.16891892,0.5309446,1.25,0.7151163,0.08092486,0.430622,0.38611713,0.56703913,1.060274,0.43935928,0.1825726,0.32364342,0.7444169,0.49445677,0.21800947,0.3305785,0.11636364,0.3643617,0.56904763,0.24324323,0.7222222,0.784,0.8784194,0.35180056,0.3956989,0.8660714,1.045929,0.8607143,1.048951,0.6986667,1.2318436,1.0300547,0.39819005,1.2991453,0.1122449,0.10958904,0.5450347,0.7614504,0.6935483,0.6519525,0.68131864,0.35207823,0.78224105,0.70277774,0.7426274,0.6885965,0.52586204,0.31358886,0.5150301,0.57391304,0.58939093,0.5383305,0.513253,0.47848102,0.78210115,0.79066265,4.399025012
203676_at,1.3296944,1.211009,0.8902077,0.45222932,0.58185405,0.24886878,0.4714286,0.44835684,0.48093224,0.5722891,0.87499994,1.3978494,0.86165047,0.6554054,0.5342019,0.6219512,0.75581396,0.5433526,0.5263158,0.73969626,0.86312854,1.1726027,0.9496567,0.64730287,0.5736434,0.6674938,0.51219517,0.8909952,0.62809914,0.84,0.71010643,0.77142864,1.081081,0.85648143,0.25333333,0.5410334,0.6218837,0.74623656,0.71875006,0.4676409,0.9339286,0.67132866,0.35466668,0.6675978,0.31147543,0.59049773,0.960114,0.19387755,0.14520548,0.5935335,0.70610684,0.06451613,0.05942275,0.11813187,0.04400978,0.33403808,0.4027778,0.8659517,0.3377193,0.94827586,0.728223,0.5450902,0.47246376,0.7229862,0.4020443,0.7012048,0.77215195,1.1361867,0.4834337,4.119604569
220691_at,0.36244544,0.5688073,0.37833828,0.50530785,0.8639053,0.7285068,0.48571432,0.34741786,0.5084746,0.29819274,0.4609375,0.68817204,0.5315534,0.3963964,0.5504886,1.0060976,0.7015504,0.4248555,0.4736842,0.28850326,0.6703911,0.7150685,0.3340961,0.52282155,0.8352713,0.34987596,0.28381377,0.7559241,0.3016529,0.4981818,0.122340426,0.48333332,0.33108106,0.8726852,0.6293334,1.224924,0.9764543,0.6666667,0.33035716,0.75156575,0.40892857,0.520979,0.9946667,1.5223465,0.874317,0.47963804,0.41025642,0.4931973,1.1808219,0.6905312,0.5744275,1.1048386,1.0509338,0.91208786,0.8117359,0.8308668,0.6611111,0.33243966,0.53070176,0.51724136,0.6167248,0.89178354,0.657971,0.8958742,0.737649,0.739759,0.92151904,0.7859922,0.80722886,3.700774627
209156_s_at,0.43668124,0.5749235,0.6780415,0.67303616,0.67455626,0.9932127,0.89206356,0.629108,0.5529661,0.65361446,0.30729166,0.77419347,0.71359223,0.8265766,0.8469055,0.9756098,0.80813956,0.699422,0.64593303,0.83947945,0.86592185,1.6876712,0.5652174,0.6867219,0.53100777,1.3275435,0.34589803,0.6611374,0.76033056,0.79272723,0.8111702,0.45238096,1.2905405,1.4930555,0.7546667,0.73860174,0.50415516,0.15698925,0.5491072,0.23590815,0.08928572,0.37762237,0.8906667,0.37150842,0.43169403,0.260181,0.8860399,0.8061225,0.9616438,0.57736725,0.6087786,0.6989247,0.5331069,0.7307692,0.2836186,0.42706135,0.21111111,0.6300268,0.95614034,0.7126437,0.66376305,0.6132265,0.36811593,0.388998,0.8858603,1.1759036,0.17468356,0.66536963,0.0813253,3.36727643
204863_s_at,0.21397382,0.26605502,1.1038575,0.90870494,0.75147927,1.061086,0.58571434,0.6384977,0.059322033,0.71385545,0.8697917,0.58064514,0.89805824,0.6261261,0.6058632,1.7256098,0.9437985,0.69075143,0.6698565,0.362256,0.67877096,1.690411,0.8260869,0.5456431,0.8992248,0.6327543,0.8980045,0.3554502,0.11570247,0.05818182,0.9547873,0.7595238,0.09459459,1.0717592,0.75200003,0.8449847,1.2299169,1.6236559,1.375,1.3006263,1.1339287,1.6293706,1.176,1.0363128,1.1830602,0.77375567,1.0968661,1.0918367,0.9561644,0.8706698,1.0572519,1.0510752,0.9932088,0.8461538,0.71149147,0.7970402,0.9277778,0.53887403,0.6929825,0.61206895,0.78048784,0.76352704,0.6753623,0.83497053,0.66950595,0.7590361,0.8050633,0.8988327,1.0888554,3.314600266
218411_s_at,0.8493451,0.82568806,0.9020771,0.7643313,0.9526627,0.7850679,1.3873017,0.9929578,1.2118645,0.5903614,0.51562494,0.43548387,1.1310679,0.9211712,0.8175896,0.6463415,0.79457366,0.7514451,0.5382775,1.1518438,0.5167598,0.7863014,0.7528604,0.66182566,0.65891474,0.4764268,0.46563196,0.94549763,0.5165289,0.91999996,0.50265956,0.7357143,0.24324323,0.6203703,1.2080001,1.0030395,1.0429363,1.1956989,0.87500006,1.0208769,0.9142858,0.8496503,1.6906668,0.75418997,1.680328,0.7692308,1.1851852,0.81292516,0.9808219,1.2794459,0.86259544,1.0806451,0.99830216,1.3928571,1.2982885,1.1585624,1.138889,0.72922254,0.754386,0.95689654,0.7735192,0.99198395,1.0463768,1.0294696,0.67461663,0.5879518,1.0278481,0.44357973,0.5391566,3.199248111
214283_at,0.5895197,0.9908257,1.1305637,1.0764332,0.8126233,0.73981905,0.7285715,1.3638498,0.5466102,0.93072283,1.1510416,0.6935483,1.4635922,1.0765766,1.2182411,0.5853659,1.0775193,0.6763006,0.8564593,0.29934925,1.3743018,1.3232876,1.7185353,0.5248962,1.5387597,0.83870965,1.044346,0.66587675,0.98760325,1.36,0.57978725,0.9404762,1.1418918,0.49768516,0.464,0.71124613,0.20775624,1.1548387,0.8303572,0.5615866,0.8607143,0.2027972,1,0.53351957,0.19945356,0.8552036,0.55270654,0.20068029,0.6082192,0.2817552,0.7958015,0.7768817,0.7792869,0.36263734,0.3178484,0.8012686,0.7388889,0.7104558,0.25438598,1.2528735,1.1062717,0.71142286,0.28985506,0.7485265,0.7086882,1.626506,1.1772152,1.3229572,0.43975905,3.187212876
203168_at,0.6353712,0.50152904,1.4332343,1.1252655,0.5838264,1.6877828,0.21904764,1.0985916,0.8622882,1.0843374,1.0677083,0.94086015,1.3883495,1.222973,0.78827363,0.6402439,1.0891473,0.92485553,1.2105263,0.8872018,0.8072626,1.1835617,1.2494278,0.75311196,0.75581396,1.0148884,0.8780488,1.2535545,1.3305786,0.9090909,0.5771277,1.1761905,0.5202702,0.57638884,0.44,1.2948327,1.1038781,1.5892473,1.1852678,1.4050105,0.9053572,1.5314685,1.3653334,1.6759777,1.0819672,1.3031675,1.2336183,1.3537415,1.7863013,1.1016167,1.019084,1.6317204,0.69439733,1.304945,1.2249389,1.2325581,0.92222226,1.300268,0.92543864,1.3735632,1.1428572,1.1482966,1.452174,1.2200392,0.85689944,1.4024096,0.7898735,1.3579767,1.191265,3.039140562
216652_s_at,1.6746725,1.4556574,0.97626114,1.0318471,1.285996,0.5701358,0.8063492,1.4389671,1.0805085,0.813253,1.1770834,1.2741935,1.2087379,0.87387383,0.69381106,0.84146345,0.99999994,1.1184971,1.3181818,0.9587853,1.0083799,1.3342466,0.5743707,0.946058,1.2945737,1.1315136,0.86031044,1.4265403,1.4710743,1.2145455,1.0372341,0.9880953,1.3648648,0.724537,0.67733335,0.93920964,1.0083103,0.916129,0.9285714,1.2192067,0.9464286,1.0734266,0.6613333,0.9608939,0.58196723,1.1470588,0.951567,0.7721089,0.539726,0.9607391,0.8454198,0.5618279,0.44312394,1.0604395,1.0880195,0.845666,0.9166667,1.1930295,0.82456136,0.6293103,1.0243902,1.1082164,0.91884065,0.9548133,1.1175468,0.6963855,0.93670887,0.71984434,0.8012048,3.032245614
221967_at,1.2510917,0.9357798,0.9732937,0.7112527,0.84023666,1.0429864,0.97142863,0.96948355,0.7966102,1.2319278,1.1015625,0.7473118,1.0461165,0.81981987,0.9315961,1.7500001,1.0329458,0.7947977,0.92583734,0.7809111,0.9748604,0.5890411,1.1029748,0.66597503,1.0310078,1.1811414,1.044346,0.74170613,0.6694215,1.0727272,0.981383,0.8333334,1.1891892,0.6504629,0.8986667,0.8297872,0.85734075,0.81935483,0.49776787,1,0.5089286,0.6433566,1.168,0.7988827,0.5874317,0.5972851,0.68091166,0.8605442,0.6109589,1.004619,0.97709924,0.59677416,0.58404076,0.5384615,0.7555012,0.9682876,0.89444447,0.53351206,0.85087717,0.9281609,0.85888505,0.7715431,1,0.37131628,1.1056218,1.0289156,0.643038,0.5252918,0.6340361,2.954458284
201219_at,0.7969433,0.79816514,1.15727,0.7940553,1.0493097,0.8552036,1.1206349,0.88967144,1.0360171,0.9096385,0.6666667,0.8333333,0.88349515,1,1.0260587,1.6829269,0.8856589,0.9479769,1.2535886,1.2169198,0.4664805,1.0356164,1.0022882,1.1348547,1.1182171,1.0248139,0.95343685,1.0260663,0.8719008,1.3090909,1.0558511,0.8857143,0.83108103,1.2013888,1.5386667,1.443769,1.3864266,1.5204301,1.1339285,1.0125262,1.3178573,1.7167832,0.89599997,1.1201117,1.6775957,1.1493213,1.0370371,1.2789116,0.63835615,1.5681294,1.2538167,0.95698917,1.4091681,1.304945,1.0684596,1.4587739,1.5694444,0.95174265,1.5307019,0.93390805,0.81533104,1.3887776,0.90724635,1.3575639,1.1652471,1.0313252,1.086076,1.2062256,0.8975903,2.923642272
222217_s_at,1.0960699,1.2691131,0.6854599,1.0743101,0.98224854,1.6583711,0.9603175,0.45070425,0.73093224,1.1837349,1.3307291,0.8870967,1.1359223,0.8490991,0.7850163,1.7743903,0.9011628,0.69653183,0.83253586,0.813449,1.5586593,0.29041097,1.1762013,0.93153524,0.9011628,1,0.89578724,0.91469187,1.0454545,1.4145454,1.1861702,0.7595238,0.99999994,0.56249994,1.2773334,1.8723403,0.6842106,1.4860215,1.375,0.822547,1.125,1.2832168,0.9386667,1.1675978,1.1721313,1.2692307,1.019943,1.1326531,1.3178082,0.97921485,1.0133587,1.0564516,1.5925298,1.1016482,1.0293398,1.1860466,1.2138889,1.0107238,1.7192982,1.4913794,1.2630663,1.2284569,1.2521739,1.1335952,1.374787,0.8,1.521519,1.1906614,1.8945783,2.781568594
52741_at,1.1790394,1.556575,0.80563796,1.2292994,0.8974359,1.142534,0.78095245,0.9929578,1.1144068,1.0301205,1.296875,1.3010752,1.0242718,0.7747748,1.5830618,1.8109757,1.131783,0.79190755,0.64593303,1.1301519,1.5111732,1.5178082,0.8512586,1.3278008,1.1337209,1.0272954,1.1175168,1.5758293,1.2314049,1.5854545,0.8643617,1.2690476,1.4054053,1.7685184,1.2133334,1.5075986,0.7216067,0.6494624,1.0825893,0.87473905,0.86428577,0.6678322,1.016,1.2569833,0.9180328,0.7556562,0.9287749,1.0476191,0.6739726,1.0069284,1.1125954,1.422043,0.93887943,0.70879114,1.0195599,0.9238901,0.68888885,0.6756032,1.0394738,1.1321839,0.72648084,1.0961924,1.1072464,1.3143419,1.0817717,0.9927711,0.77721524,0.84435797,1.5602409,2.567862616
221715_at,0.13537118,0.5045871,0.53857565,0.789809,0.27218935,1.3936652,0.6269842,0.39201882,0.29872882,0.813253,1.1276041,2.2634406,0.40776697,0.4842342,0.47231272,0.9085366,0.6763566,0.56358385,0.34210527,0.4360087,0.19832402,0.36438358,0.68192214,0.16182572,0.7054264,0.91067,0.5166297,0.116113745,0.4628099,0.17454545,0.13031915,1.0380952,1.1756756,1.0462962,0.122666664,0.775076,0.090027705,0.8043011,0.14062501,0.54488516,0.50178576,0.43356642,0.184,0.12569833,0.092896186,0.3122172,0.44159546,0.48299322,0.55342466,0.1039261,0.08396947,0.09946236,0.08998302,0.45604393,0.3789731,0.45877382,0.1388889,0.86058974,0.118421055,0.79885054,0.2543554,0.33466935,0.11884058,0.106090374,0.94548553,0.35421684,0.26329115,0.79766536,0.69578314,2.487383991
220641_at,0.2074236,1.0764526,0.68991095,0.47558388,0.4852071,0.9004525,0.7825397,0.673709,0.95127124,1.2469879,0.13020833,0.47849458,0.70873785,0.6036036,0.8045603,1.9390244,0.78488374,0.46820813,0.3062201,0.5097614,0.31843576,0.8219178,0.36842105,0.67634845,0.8352713,0.7468983,0.3192905,0.3862559,0.80991733,0.76363635,0.3324468,0.8214286,2.4256756,0.5509259,0.08533334,0.32522795,0.24099724,0.3139785,0.15401787,0.31732777,0.11964286,0.4055944,0.33066666,0.49441347,1.6502733,0.16515838,0.10541311,1.112245,0.1780822,0.17321017,0.21183206,0.33602148,0.21901527,0.18131867,1.2469437,0.48837212,0.20277779,1.1447722,0.44298247,0.7385058,0.36585367,0.10621243,0.6,0.4518664,0.13969335,0.4891566,0.2,0.6536964,0.6370482,2.314041836
219731_at,1.2117904,1.4801223,0.9406528,0.9745224,1.2071006,1.0226245,1.3174604,1.5187793,1.1398305,1.1415663,1.3489583,1.8010752,1.1990291,1.259009,1.5276873,1.6158537,1.3178295,1.1791908,1.3923446,1.1301519,1.8798884,1.0465753,1.1693363,1.1887966,1.2926356,1.3176179,1.3614192,1.1800947,1.7892561,1.4727272,1.2180852,1.2380953,1.1756756,1.5416666,1.2346667,1.1033434,1.034626,1.0215054,1.1250001,1.4551147,1.0714287,1.0559441,1.3893334,1.2234638,0.9945356,1.1357466,1.1025641,0.94217694,1.2657534,1.364896,1.0458015,1.048387,1.0220714,1.1181319,1.2469437,0.9492601,1.1861111,1.4772117,1.1929826,0.95977014,0.9773519,0.83767533,1.4666667,1.1178782,1.1294719,1.0457832,0.9746836,1.6420233,0.91867465,2.258309421
218075_at,0.9650656,1.2262996,1.5905043,0.98301494,1.3392506,2.4230769,1.3349206,1.2676057,0.8834746,1.2951807,1.3385416,2.2903223,1.3276699,1.1621621,1.8338763,0.8353659,1.8798449,1.6965319,1.6052631,0.99132323,1.6675979,1.2328767,0.9748283,0.7033195,1.507752,1.7171215,2.0709536,1.2819904,1.838843,1.4399999,1.9893619,1.757143,1.1148648,1.761574,0.25866666,1.012158,1.1163435,1.1913979,1.7812501,0.565762,1.3732144,0.2832168,1.1866667,1.6089386,0.74590164,0.42307696,0.64387465,1.5408163,1.090411,0.5011548,1.3053435,1.0645161,1.6774194,0.5054945,1.4229829,1.6152221,0.81388885,1.233244,1.2938596,1.1005747,1.0853659,1.1482966,0.81159425,1.0589391,0.88415676,1.4433734,0.5822785,1.7976654,1.8313252,2.143281797
219869_s_at,1.048035,1.4954128,0.60979223,1.1507432,1.0118343,0.69004524,1.0714287,0.98356813,0.8368644,0.560241,1.0546875,1.1290323,0.8713592,0.8423424,1.4267101,2.3658538,0.9534884,1.0895954,0.95933014,1.4295012,1.5139666,1.5452055,1.0778031,1.2448132,0.625969,0.9751861,1.1308205,1.0734596,0.6859504,1.9272727,0.5771277,0.7619048,1.1283784,1.7199074,0.7626667,1.0425531,0.95429367,0.88387096,0.86160713,1.177453,0.80357146,0.6433566,1.0293334,0.5055866,1.0136613,0.9162896,1.3675214,0.7755102,0.6356165,1.0877599,0.81870234,1.0107526,0.43293718,0.9560439,0.804401,0.35940805,0.95000005,0.86863273,1.122807,1.0977012,1.0627178,0.73547095,0.9942029,0.77013755,0.48040888,0.6626506,0.5367089,0.80544746,0.4578313,2.100636531
221780_s_at,1.746725,2.330275,0.95845693,1.29724,1.6370809,1.8054299,1.4015875,1.3732395,2.0487287,1.3885541,1.4817709,0.81720424,1.711165,1.2837838,1.237785,1.0487806,1.5116279,1.6416185,1.8779905,1.5075922,1.3882682,1.7479452,1.3867276,1.5497924,1.0174419,1.4615386,1.4966742,1.5853081,1.1528925,1.2654545,1.4627659,1.55,1.5472972,1.5208333,1.3466667,1.4316108,1.0443214,1.2215054,1.9977679,1.3465554,0.5464286,0.986014,0.91466665,1.1033521,1.1502732,1.5226245,0.8689459,1.4319727,0.8383562,0.77598155,1.1774809,0.87903225,2.0509338,1.4697801,1.2689487,1.382664,1.6333333,1.5147454,0.7894737,0.72126436,1.087108,1.3567133,0.9913044,1.7406679,0.923339,1.3108433,0.8582279,1.6536964,1.8599397,1.951176112
205984_at,2.338428,2.3119264,1.5252225,1.8747348,1.6587771,0.581448,1.0920635,2.6079812,1.3665254,1.379518,1.6666666,2.2849462,1.5024272,1.7027026,0.6188925,0.8719512,1.6860465,1.2919075,1.4521532,1.8481561,1.5027933,0.43013698,1.4187642,1.3630704,1.5620154,1.4044665,1.8381376,2.0734596,2.3264463,0.85090905,1.7978723,1.9595239,1.195946,0.5,0.66400003,0.5866261,1.5263158,0.52043015,1.1071428,1.8643007,1.4553572,1.3671328,0.848,1.1005588,0.63114756,1.7533937,1.4586896,1.0068028,0.8328767,1.8591225,0.6087786,0.83870965,0.39898133,1.4285713,1.9046454,1.1057082,0.9472222,1.0402144,0.89912283,1.1781609,1.271777,0.7875751,1.9333333,1.1257367,1.0596253,0.98072284,0.8835444,0.9610895,0.9262048,1.832670424
204557_s_at,1.7336246,1.3486238,1.5934718,1.3651806,1.923077,1.8529413,2.3841271,2.1079814,2.4110172,1.2048192,1.640625,0.091397844,1.4029126,1.7995496,1.3127036,1.1280488,1.0523256,1.2716763,2.0382774,2.373102,1.611732,1.2794521,1.9199084,1.6307052,1.7480619,1.5086849,1.3104213,1.5023696,0.77685946,1.5236363,1.2021277,1.502381,0.44594592,1.1388888,3.144,1.8753799,1.7770084,2.8387096,1.7566963,2.1816285,1.8660715,2.2867134,1.8773334,1.3966482,2.2677598,1.9592761,1.8148149,1.829932,1.5616438,1.8498846,2.3683205,2.4301074,1.7334465,1.576923,1.6063569,2.2071884,2.7305558,1.7640752,1.6754386,1.4022988,1.8728223,2.9819639,1.1884059,2.237721,2.0902896,1.2819277,1.9569621,2.1789882,2.5316265,1.759780852
210210_at,0.8231442,1.211009,0.51186943,0.7961784,0.88757396,1.545249,0.87936515,0.730047,0.9830509,1.0210843,1.25,0.516129,0.6140776,1.2522522,1.0162867,1.3902439,0.8236434,0.7601156,0.9832536,0.99132323,1.0698324,1.969863,0.7002288,1.1265559,0.9709302,0.8039703,1.1906874,0.6445497,1.2024794,0.71636367,0.78723407,1.4404762,0.87837833,1.361111,0.83466667,1.1550151,1.1454294,0.89462364,0.95312506,0.9937369,1.3000001,1.3321677,0.8586667,1.2178771,1.1229508,1.2171946,0.98005706,1.0408164,0.7780822,1.2771363,1.0801526,2.5887096,1.5908319,1.6785713,1.2738385,1.1649048,1.625,0.96514744,1.5833333,1.4281609,1.2108014,1.4509019,1.4666667,0.7229862,0.8415673,1.5807228,1.1088607,1.0155642,1.4759035,1.736395814
219530_at,1.1179041,1.2507645,1.12908,1.3290871,0.94280076,1.5022625,1.352381,1.258216,1.292373,0.9036144,1.0312499,0.7956989,1.2524271,1.3873873,1.1074919,0.93292683,0.9457364,0.92485553,1.5598086,1.1062907,0.7932961,1.2383562,1.5652174,1.5726141,1.242248,1.223325,1.2017739,1.2345971,1.2396694,1.3018181,1.2260638,1.1880953,1.554054,1.800926,1.5653334,1.367781,0.92243767,1.6301076,1.3147322,1.5093946,1.3642858,1.7587413,1.3866667,1.5474862,1.7103826,1.5950227,1.6809118,1.2551022,1.4082192,1.1616628,1.2328244,1.155914,1.6943973,1.4010988,1.2420537,1.139535,2.375,1.1742628,1.385965,1.0172415,1.1933799,1.6452905,0.90434784,1.5599214,1.4957411,1.4361445,1.4126582,1.5330739,1.7183734,1.657274772
219324_at,2.106987,1.5779816,1.4569732,1.6900213,1.4378699,1.5950227,1.6317462,1.5140846,1.5805085,1.2108433,1.046875,1.736559,1.6262136,1.7545046,1.4201955,1.3292683,1.6647288,1.6589596,1.8851676,1.5683298,1.4106146,1.6958904,1.4874141,1.4917012,1.618217,1.6997519,2.2527716,1.6090047,1.5867769,1.9745454,1.4494681,1.4666667,1.5135134,1.4953703,1.5786667,1.3191489,1.4722992,1.1892473,1.9754465,1.1795408,1.2517858,1.1678323,1.8826667,1.0167599,1.6256832,1.6085973,1.0085471,1.1904762,1.230137,1.1362587,1.0858779,1.6532257,1.556876,1.1043955,1.396088,1.8583511,1.1861111,1.5174263,1.4649124,1.5057472,1.2073171,1.5531062,1.1797101,1.4184675,1.7751276,1.5807228,0.929114,1.7315174,1.2936747,1.654417247
204493_at,1.8624456,2.0366971,1.3249258,1.0806795,2.2998028,0.8529412,1.673016,1.0657278,1.9216101,1.6174698,1.71875,1.6827955,1.4368932,1.6306306,1.1661237,1.3780488,1.6492248,1.8872834,1.7392344,1.7613883,1.659218,1.9287672,2.6659038,1.9564315,1.2015504,1.593052,1.6075389,1.3104265,2.0991735,1.1199999,1.125,1.4380953,1.3783783,1.2337962,1.32,0.8297872,1.6606649,1.2903225,1.0133929,1.6576201,1.3607143,1.1888112,1.1520001,0.9636872,0.9234973,1.2850679,1.014245,1.4319727,1.3178082,1.8706698,1.3053435,1.4193548,0.9694397,1.1236264,1.6650366,1.0570825,1.325,1.6246648,1.004386,0.88793105,1.2700349,1.5450901,1.7304349,1.2200392,1.4531517,1.7493975,0.8759493,0.9766537,1.2138554,1.353377031
221966_at,1.3144106,1.7308867,2.0103858,0.50955415,1.6607494,1.3076923,1.5682541,0.77230054,1.0317796,1.0421686,1.3229166,3.892473,1.8373785,2.376126,2.3583062,2.0914633,1.6492248,1.4942198,1.8660288,1.0737528,0.5167598,0.4109589,1.4141876,1.2759335,1.5813953,1.9379653,2.1019957,1.663507,3.2479339,2.1636362,2.0292554,1.4928572,2.2567568,2.4027777,0.30933335,1.8297871,1.6108035,1.2129033,1.578125,0.43632567,0.31428573,0.33566433,1.2453334,0.5363129,1.6612023,0.3280543,0.17094018,0.4931973,0.6821918,0.51732105,1.4770993,2.174731,1.7062818,0.59340656,0.8484108,2.729387,0.39166668,0.6193029,1.3377193,0.4770115,1.7526133,1.9338677,1.0521739,0.7249509,1.5059625,2.33253,1.8835444,2.1050582,2.1069276,1.324280421
204391_x_at,2.0283844,1.53211,1.2893175,1.6157113,1.7455622,1.2466063,2.125397,2.4295776,1.8029661,1.7259035,1.6510416,0.97311825,1.4635922,1.481982,1.9153094,1.7439024,2.261628,1.6300579,1.9976077,1.6399132,1.2513967,1.1150686,1.361556,1.8506222,1.8003876,1.471464,1.1441242,1.6658767,1.177686,2.1490908,1.4521277,1.4404762,1.3243243,1.8541666,1.4773334,2.617021,1.4653741,2.292473,1.7165179,1.9728601,1.894643,2.1783216,1.7253333,1.9832404,2.5601094,2.2285068,1.9601141,1.4115647,1.9315069,1.7043881,2.5610685,1.6989247,2.4516127,2.0494504,2.2542787,2.6194506,1.9527779,1.61126,2.5263157,2.1925287,1.4651568,2.0220442,1.4202899,1.9724951,1.3543441,1.4939759,2.678481,2.1400778,2.1581326,1.199794614
209015_s_at,1.0720525,0.9235474,0.74629074,0.7813164,0.7218935,0.7692308,0.8031746,1.2065729,1.1059322,0.7650602,1.3333334,0.9247312,0.776699,0.759009,1.0716614,1.25,0.7267442,1.3670521,1.0861244,1.438178,0.77653635,3.7506847,1.0137299,0.8049792,0.7616279,0.8263027,0.9933482,1.2156397,1.0454545,1.92,1.0664893,0.5857143,1.0337838,1.4768518,0.49066666,0.793313,1.095568,1.1741935,0.9241072,1.1858038,0.69107145,1.0734266,0.96266663,0.6815643,0.7814208,0.35746607,0.3903134,0.57823133,0.69315064,0.6443418,0.6240458,1.1290323,0.6095077,0.6263736,0.6259169,0.84989434,1.0611111,0.39410186,1.0263158,0.48563218,0.78048784,1.1683366,0.87826085,1.5638506,0.69335604,1.2144579,0.5113924,1.0700389,0.8795181,1.194278821
210639_s_at,2.6637557,3.0458715,1.6913946,1.7961785,1.8737673,0.9638009,1.4507937,2.0845072,1.947034,1.4307228,1.4765625,1.4408602,1.6237864,2.3986485,1.3583062,1.5182927,1.7344961,1.6791908,1.6961724,2.0954447,2.0530727,1.7479452,1.6544622,1.6141078,1.5736433,1.9851117,1.547672,2.0758293,1.698347,0.8727273,1.5079788,1.8928572,1.7229729,0.95138884,1.9066668,1.1337385,1.5844877,1.0903226,1.6138394,1.736952,1.9428573,1.3006994,0.784,0.74860334,0.9617487,1.341629,1.792023,1.2721089,1.1452055,2.0230947,1.6660305,1.3817204,0.8556876,1.7994504,2.1344743,1.2304441,1.4888889,1.7292225,0.96929824,1.5718391,1.5627178,1.3286574,1.3478261,1.5795678,1.2010221,1.3445783,1.5012659,1.1089494,1.1144578,1.162214572
204880_at,1.5611354,1.3119266,1.249258,1.2314225,1.5917159,1.5701358,1.520635,1.4788733,1.6800848,1.0120481,1.5052083,1.8655913,1.6456311,1.5405406,1.6742672,2.9695122,1.507752,1.4624277,1.354067,1.6312364,1.1229051,1.4712329,1.5789473,1.2406638,1.2131783,0.97270477,1.3658537,1.6090047,1.7644628,1.9636363,1.4388298,1.4238095,2.5540538,1.824074,1.5120001,1.5258359,1.1523546,0.93763435,0.95312506,1.3549061,1.325,1.1643356,1.7733334,1.3491621,1.2841531,0.9298642,1.1111112,1.122449,1.079452,1.2124712,1.1068702,1.2661289,0.80475384,1.1428571,1.2860636,1.2917548,1.4555556,1.0777481,1.4692982,1.3678161,1.3658537,1.0661323,1.4173914,1.0039293,1.4531517,1.3783132,1.5443039,2.3774319,1.0271083,1.155199657
211799_x_at,1.8777294,1.6299694,0.86201775,1.101911,1.4930966,1.0588236,1.0492064,0.81690145,0.9364407,1.5331326,3.5963542,0.7580645,2.002427,1.5337837,1.257329,2.5182927,1.7073643,1.7254336,1.9736843,1.5314534,1.3631285,1.6273973,1.6979403,1.3609958,0.89728683,2.126551,1.6230599,1.4478672,1.5619835,2.6545453,1.675532,1.395238,2.2364862,3.6203701,0.8640001,2.1641335,1.2243768,1.567742,1.2566965,0.82045925,1.2857144,0.6433566,1.2186667,1.6452515,1.5983608,0.58371043,1.3504274,0.48299322,1.9917808,0.45958433,0.769084,1.0725806,1.6315789,0.49725273,0.9657702,0.64482033,1.2361112,1.4209116,1.1096491,0.7586207,1.1027875,1.1282564,1.2144928,1.5520629,2.1788757,1.7879517,1.121519,0.922179,1.7665663,1.148015352
204846_at,0.34061137,0.16207951,0.33531156,0.5414013,0.17159763,0.17420815,0.104761906,0.15023474,0.27118644,0.14759035,0.5104167,0.037634406,0.368932,0.3671171,0.39413682,4.9939027,0.21705426,0.50867057,0.1770335,0.54013014,0.10055866,1.3369863,0.07322654,0.23029046,1.1724806,0.121588096,0.34811532,0.13981043,0.057851236,0.3090909,0.18617022,0.41190475,0.28378376,0.2708333,0.3866667,1.0334346,0.367036,0.9247312,0.45535713,0.3736952,0.62857145,0.6888112,0.34133336,0.91340786,0.63387984,0.42081448,0.12535614,0.27551022,0.6356165,0.6466513,1.4694656,0.42741933,1.229202,0.68131864,0.2176039,0.11205075,0.82500005,1.3726542,0.50438595,0.5603448,1.0034844,0.2785571,0.10144928,0.3104126,1.3662691,0.3566265,1.7468355,1.5642023,0.7665663,1.127807968
205404_at,2.0982533,2.2201834,2.689911,1.1380043,1.6232742,1.0429864,1.4761906,1.9741784,1.6525424,1.7259035,1.25,1.1774193,1.6650485,2.3175676,2.8175895,1.042683,2.8585272,2.82948,1.7464116,1.6420823,1.8603352,3.7315068,2.1693363,2.0207467,1.3062016,1.8833747,1.9844791,1.9170616,2.7024794,4.2181816,2.069149,2.1904762,2.2229729,2.9675925,0.26933336,1.2340424,1.9681442,0.85591394,2.0200894,0.8392485,1.7535715,1.7517482,2.3893332,1.4189944,2.363388,1.1764706,2.4529915,1.5680273,1,1.4711317,0.5896946,1.3010752,0.73344654,1.381868,1.7163813,0.871036,1.7222222,2.0643432,0.82017547,2.224138,1.433798,0.6132265,2.1855073,1.4361492,2.3049405,1.5518072,1.2911392,1.4980544,0.9698795,1.110433177
206989_s_at,1.7554586,1.0061163,2.2284865,1.5244163,2.504931,1.4977375,2.9952383,1.9835682,2.4512713,1.5240963,1.7734374,1.1612903,1.2791262,1.6644144,1.1693811,1.6829269,1.75,1.632948,2.3803828,1.7939262,1.9189944,3.0739725,1.7070937,1.9585061,2.0174417,1.8684864,1.7317073,2.0521326,0.80165285,2.0945454,2.2154257,1.3690476,1.2094594,1.4907408,1.2720001,2.100304,2.2686982,3.1096776,1.9665179,2.749478,2.0964286,2.125874,2.5733335,2.8212292,2.5382516,2.1085973,2.3874645,1.7142859,2.1616437,2.556582,1.648855,1.5940859,2.4448218,2.3406591,1.96088,1.8118393,2.325,2.0563002,1.6666666,1.4051725,2.2125435,2.9699397,2.5478263,1.935167,1.971039,1.8433734,1.7772151,1.5175097,2.6204817,1.069957834
209959_at,1.7772927,2.058104,1.8353114,1.6921444,1.8461539,1.719457,5.246032,1.7558687,1.4661016,1.8132529,0.27604166,2.6505375,1.6674756,1.5067568,0.7296417,0.41463417,1.2441859,0.8526012,2.3732057,1.6420823,0.77653635,2.2219179,1.0526315,1.6286306,0.7151163,0.9454094,1.8625278,1.8151658,1.4132231,0.17818181,1.7154256,0.53571427,0.6283784,1.2824074,1.2373334,0.6291793,0.7631579,0.6537634,1.140625,0.65762,0.58214283,2.1853147,0.22133334,0.8324022,0.98360664,1.1176472,0.85470086,1.3367348,0.34794518,0.92147815,0.16793893,1.4892473,0.49915108,0.36263734,1.3349633,1.5877379,0.22222222,0.2680965,2.377193,1.7068965,0.17247386,0.98998,0.6724638,0.87033397,0.71550256,1.1084337,0.2987342,0.6459144,0.6129518,0.941491173
222273_at,1.4585154,1.0214068,1.3026706,1.6624205,2.0532544,2.5384614,2.5603178,1.7276995,2.4427967,1.4879518,1.7317708,0.4623656,1.5728155,1.9436938,1.6156352,1.3109757,1.9554263,1.4104047,2.035885,1.4707159,1.5810056,1.1972603,2.347826,1.5912862,2.4554262,1.8957816,1.2638582,1.8933649,0.9421487,2.3999999,2.0292554,2.0928571,0.9189189,2.101852,1.5306667,1.7082067,1.9515235,2.5698924,2.5379465,2.914405,2.1053572,2.2167833,1.8373334,2.5586593,3.169399,1.9389141,1.6581197,1.9217688,1.6054794,1.4665128,2.591603,1.9596773,4.2003393,1.5412086,2.1051345,2.7843552,2.2583334,1.5254692,1.9912281,1.387931,2.6567945,2.6533065,1.9913043,2.021611,1.6149915,2.2674696,2.2405064,1.4708171,2.4578311,0.923261942
212238_at,2.7423582,2.5504587,1.8768545,1.774947,1.7731756,1.7579185,1.8444445,1.8497654,2.006356,2.0722892,1.8463541,2.9193547,2.0631068,2.1734233,1.8501629,2.0731707,2.003876,1.947977,2.2057416,1.3557484,1.6843576,2.5589042,2.0686498,1.8941908,1.7596899,1.8858562,1.9866964,1.9075829,2.0826447,1.8036362,1.787234,2.2214286,2.3175673,2.085648,1.904,1.8966565,2.0872576,1.8473119,1.2522322,1.4425887,2.0964286,1.4545454,1.488,1.8184358,1.3633881,1.9162896,1.6153847,1.8537415,1.6356164,2.1847575,2.0229008,1.4623655,2.4957554,1.653846,2.1882641,1.4228331,1.8000001,1.8873996,1.9342104,1.8017242,1.8519164,1.3126253,2.0057971,2.005894,1.7546848,1.5349398,1.8708862,1.3112841,1.6762048,0.741395303
202688_at,0.91703063,1.620795,1.1023738,1.0976646,1.3550296,1.3959277,0.4587302,1.8098592,1.1271187,0.7439759,3.388021,1.1989247,1.6796116,1.2387388,2.801303,0.28658536,0.9748062,1.3294798,1.5550239,1.4967462,1.9441341,0.96986306,1.501144,0.9419087,0.37790698,2.223325,2.2017741,1.2559241,1.2438016,5.690909,1.0638298,2.6785715,1.027027,3.0324073,0.7866667,0.44376898,1.398892,1.1677419,2.0691965,0.59498954,0.74285716,0.6503497,2.1253333,0.5837989,0.9180328,0.40497738,0.8860399,1.2244898,1.210959,1.1778291,0.28816795,0.4677419,0.77249575,1.0357143,1.4400978,0.28752646,1.8083333,0.7587131,0.7631579,1.4597701,1.2247387,1.5110221,1.0463768,1.210216,0.5349233,0.939759,0.82025325,0.33463034,0.8524096,0.736116957
209523_at,2.4410481,1.6177369,2.498516,1.9639068,2.4240632,2.9592762,3.4634922,1.6361502,3.3686442,2.2198794,2.1328125,0.80645156,1.6941748,1.9144144,1.9153094,1.2682927,1.8449612,1.83237,2.4066985,3.427332,2.1899443,2.6,2.1967962,2.9688797,2.389535,1.7717122,2.7184036,1.985782,1.8884298,2.821818,2.0744681,2.4904761,1.2094594,3.1203704,3.0106668,2.9817626,2.296399,3.5505378,2.9486609,3.4780796,2.325,3.653846,3.1013334,2.6648047,3.65847,3.2375567,2.6039886,3.1360545,2.9068491,2.3163974,2.0973282,2.973118,3.9134126,1.8928571,2.9242053,3.1057084,3.8277779,1.9731903,2.885965,2.2327585,2.2560976,4.3607216,1.5333334,4.129666,2.398637,2.7710843,2.4177215,2.322957,3.0210843,0.528214203
201866_s_at,3.6200876,4.770642,2.3427298,2.653928,3.566075,1.4705883,2.2904763,4.0399065,4.120763,2.3433735,2.8177083,3.1881719,3.4490292,3.0405405,2.0912051,1.4146342,3.0387597,2.7052023,3.0956936,2.6117136,2.8324025,2.5589042,2.8169334,2.7468877,2.2170544,2.0372207,2.4988914,2.4526064,2.6157024,1.4690909,1.9920213,2.3214285,2.52027,1.6759259,1.5013334,1.7325227,2.9168978,1.5741935,2.21875,2.7098122,2.544643,2.409091,1.9413334,2.0614526,1.5519127,1.6877828,2.6980057,2.2278912,2.079452,3.2263281,1.7652671,1.8575268,1.5993208,2.4093404,2.4303179,1.577167,2,2.6997318,0.75,2.4425287,2.2891986,2.1963928,2.4985507,2.345776,2.4173763,2.207229,1.8253164,2.241245,1.6415662,0.469983772
202479_s_at,2.574236,3.8501527,2.15727,2.52017,2.948718,1.9389141,2.4539685,3.1431925,2.809322,3.1415663,2.8645833,3.1935482,4.135922,2.6914413,2.296417,3.1097562,2.498062,3.3208094,3.5263157,1.6529284,2.5586593,2.3123288,2.7345536,1.8983401,1.874031,1.6426798,2.1773837,2.7251184,2.677686,1.1454545,2.4468086,1.9023811,2.8175676,2.3634257,2.7706668,1.911854,3.023546,1.6494623,1.8281251,2.2588725,2.8035715,3.2342658,1.5546666,1.5391061,1.3087432,2.6900454,2.5213675,2.261905,1.9397261,3,1.7270992,1.5672042,1.0186757,2.4230766,2.572127,1.8985202,1.3527778,2.3431635,0.97807014,2.3994253,1.6968641,1.2805611,2.0637681,2.5442042,2.1192505,2.3855422,1.7898734,1.5175097,1.566265,0.429138657
217863_at,2.7663755,1.2538226,2.8175073,1.8174099,2.6548326,2.6968327,3.8539686,2.6314554,2.6737287,2.2981927,2.1822917,0.91397846,1.9805825,2.0608108,2.1009772,1.4085367,1.8817829,1.4595376,2.744019,3.308026,1.7262571,1.090411,2.340961,1.9232364,2.625969,1.8163772,1.3547672,2.4952607,1.177686,1.7345455,2.2606382,2.3690476,0.93918914,1.2453703,3.104,2.4012158,2.7174516,2.8,1.8816966,3.6534448,2.5035715,3.1398602,3.432,1.7374303,3.9207652,3.0633483,2.891738,2.0816329,2.2684932,2.5196307,3.4580152,2.0483868,3.312394,2.304945,2.374083,2.8245246,4.1916666,1.9758712,2.5964913,2.0201151,3.1393728,4.346693,1.4956522,2.8565814,1.6609881,1.5951806,2.8658228,1.3424124,1.5391566,0.424994828
205726_at,1.8689957,2.7798164,2.0222552,2.1210194,2.1755426,2.3891404,2.44127,2.3521128,2.1080508,1.9548192,2.5859375,1.0430107,1.5169903,1.8288287,2.7003257,1.5243902,2.015504,1.6618497,2.5311005,2.394794,1.4106146,1.3753425,2.340961,1.8319502,2.0697675,2.027295,1.7450111,2.4028435,2.4421487,2.0836363,1.9069148,2.2619047,1.5337838,1.486111,3.9786668,3.006079,1.9252079,2.9462366,2.3549109,3.045929,1.7964287,2.339161,2.3706667,2.1731846,3.1721313,2.459276,2.2250712,3.1054423,1.5369862,2.4503465,1.8187023,2.8494623,2.3225806,2.6153843,3.0880196,2.727273,2.7055557,2.455764,1.6666666,2.2270114,3.0958188,2.224449,1.947826,1.8487229,1.8228279,2.7084336,2.8759494,2.245136,2.0271084,0.419817456
213900_at,1.6724892,1.2201835,2.4703264,1.4628452,1.4595661,2.4728508,1.9968256,2.0469484,1.881356,2.2228916,2.7682292,1.4838709,1.9538834,1.4527026,1.7263844,4.1036587,1.5930232,1.7947978,1.5119618,1.1084598,0.70391065,2.9835618,1.8100685,1.0456431,2.4418604,1.9379653,1.6097561,1.6729857,1.9338843,3.050909,2.4787233,1.1190476,1.4391891,4.4560184,2.832,5.2887535,2.2908587,3.1333332,1.7924109,1.2254697,1.594643,1.9580419,2.5333333,2.405028,2.6065576,2.1402714,2.0883193,2.4013605,3.2547946,2.2286375,4.4942746,2.9354837,3.9626484,2.1263735,1.5427872,2.17759,2.6777778,2.3967829,2.4780703,1.2758621,4.0034842,2.6533065,2.1797101,2.3163066,2.2316866,2.019277,2.0379748,2.8443577,3.2138553,0.396557697
203874_s_at,2.6157207,2.8501527,3.013353,2.0679407,2.698225,3.0384617,3.352381,2.915493,3.6822035,2.9367468,2.3046875,1.1612903,2.2038834,3.4346845,2.2117264,2.0914633,2.2093024,2.8410406,2.368421,3.8937094,2.1173186,2.2109587,2.9679632,2.244813,2.6957366,2.7146404,2.4390244,2.156398,2.0950413,2.421818,3.2127662,2.904762,1.7297297,2.5648148,2.5226667,3.3890576,3.4058173,3.5612905,3.2098215,3.1753654,2.9482145,3.493007,2.5253334,3.1620111,3.1065574,3.2330315,3.042735,2.3231294,2.980822,3.5034642,3.7290075,2.317204,3.222411,2.8681316,2.6992664,3.3805497,4.1694446,2.8284183,2.0394738,2.5,3.3344948,3.719439,3,3.2495086,2.4974446,2.3879516,2.6987343,2.3540854,3.313253,0.234604448
217961_at,2.8296945,2.9051986,2.4510384,2.1719747,2.0039449,3.0837104,2.877778,2.0704226,2.7394068,2.563253,1.6718749,1.4946235,1.9077669,2.4234233,1.970684,1.8597561,2.2170544,1.9855491,2.88756,2.7396965,2.3212292,1.6794521,2.5812356,2.2489626,1.8837209,1.8436725,2.0975611,2.2180092,2.268595,2.0690908,2.4547873,1.9452381,2.6756754,1.8958333,2.512,2.9574468,2.094183,2.5311828,2.5200894,2.7327764,1.9678571,2.7272727,2.072,2.3128493,3.0491805,2.7285068,2.7378917,2.2006803,1.5178082,2.5242496,2.5305345,2.5403225,3.4634974,2.6620877,2.1198044,3.2579284,2.6111112,2.2412868,2.6973684,2.3563218,2.8292682,2.8436873,2.2086957,2.5245578,2.741056,2.9975903,2.8151898,2.8249025,2.951807,0.185789432
203851_at,2.4213974,3.7370028,2.3664687,2.1740978,2.0552268,2.6651585,1.8095239,1.6384978,2.2372882,2.2379518,2.1953125,3.1827955,2.252427,2.3873873,2.2214983,3.4146342,2.3217056,2.1965318,3.3923447,2.9978309,2.7486036,1.830137,2.0389016,2.3941908,1.864341,2.573201,2.2217295,2.1303318,2.6033058,2.1636362,1.9547873,3.2666667,3.5337837,2.4953704,2.104,1.9604862,1.7271469,1.5655915,2.107143,2.5448852,1.5250001,2.132867,2.28,1.4581007,1.6775957,1.780543,1.846154,2.5680273,1.7205479,1.9491918,2.110687,1.846774,1.8421053,2.4835165,2.0929096,1.5581396,2.2361112,1.6541555,1.872807,2.5804598,2.28223,2.0701404,1.6376812,1.891945,2.0783646,2.7012048,1.9696203,2.003891,2.3915663,0.099325433
209735_at,6.1484723,5.7278285,2.8961422,3.1337583,4.4516764,2.8438914,3.798413,4.6549296,3.561441,3.2319276,0.484375,6.5752687,4.1334953,3.2995496,3.1824102,7.4390244,3.4360466,4.294798,4.949761,4.9501085,6.307263,3.7342467,3.5263157,4.9149375,2.102713,3.0942929,4.758315,4.6161137,4.268595,8.752727,3.0851064,4.354762,5.027027,11.958332,1.4986668,1.6048632,3.4182827,2.8774195,4.8125005,3.6805847,2.9625,2.3006995,4.3333335,3.2681565,2.9344265,1.7714933,3.1396012,3.5408163,2.3123288,3.9815242,1.2557253,2.8091397,0.66213924,3.3434062,3.1246943,1.7188163,4.802778,3.1126006,3.3289475,2.913793,2.4703834,3.1763527,3.5594203,3.6188605,2.1311755,2.7783132,1.5316457,3.4319065,2.7515059,0.002323799
221011_s_at,3.2161574,4.030581,2.5608308,2.81741,2.4615386,3.0565612,3.7063494,2.9342723,3.3453388,2.8975902,1.8359375,3.8064516,2.762136,1.945946,2.2084692,1.4878049,3.1782947,3.930636,3.0502393,3.3752713,3.5251398,1.5452055,2.5743706,3.1244812,1.6492248,3.0744417,2.4523282,2.670616,2.8842976,1.8836362,1.9042553,2.6690476,2.8378377,2.872685,2.904,1.7659574,2.1329641,1.4451612,1.8816966,2.1795406,2.575,2.423077,1.6746666,1.7625699,1.8333334,2.3076923,2.3333335,2.5238094,1.6876712,3.8429563,1.9770992,2.69086,1.8336163,2.7280219,3.7652812,2.3530657,1.9722222,2.5201073,1.7236842,2.928161,2.432056,1.7494991,3.7536232,1.5324165,2.0340714,2.313253,1.9569621,2.5214007,1.7846385,-0.001174385
212294_at,1.8646289,1.1100917,2.7344213,2.0912952,1.7258383,3.199095,2.8507938,2.5868545,2.3538136,1.3343372,1.3776041,1.6505376,2.053398,1.3806306,4.117264,3.695122,1.4476744,1.5028902,1.8421053,1.2386117,1.3324023,5.4136987,1.9839815,2.1784232,2.899225,2.004963,1.4900222,1.6540284,2.053719,4.723636,2.343085,1.302381,1.3378377,2.335648,4.4266667,3.805471,2.8573408,3.8107526,2.03125,1.645094,1.7946429,2.1993008,2.5653334,2.2318437,3.2704918,2.3868778,2.3219373,2.5884354,3.3945205,1.5381063,2.4541986,2.7123654,3.0628183,2.8489008,2.0611248,3.1670194,3.538889,2.2815013,3.2017543,1.4885057,2.7473867,3.777555,1.5913044,3.5540273,3.318569,2.9686744,2.435443,2.3035018,3.7063253,-0.03502156
201898_s_at,3.2423582,3.883792,3.2997031,2.9320598,3.0927024,1.8574661,2.5809526,3.3403757,3.3241525,2.4849396,3.4921875,3.5376344,2.9368932,3.06982,2.3843648,2.2743902,3.114341,3.1907516,3.949761,3.3383946,3.234637,2.8136985,3.1990845,3.226141,3.261628,2.8734493,2.9866962,3.819905,2.5578513,2.461818,2.6356382,2.4476192,2.1824322,2.5555556,2.8266668,2.4589665,3.2797785,2.3311827,2.3125,2.7473905,2.8875,2.8391607,1.6826667,2.7960894,2.1229508,2.4932127,3.0313392,2.4115648,2.3205478,2.9676676,3.2442749,2.5510752,2.9439728,2.546703,2.806846,2.1818182,2.5194445,3.75067,2.0921054,2.7672415,2.6602788,2.1242485,2.0463767,3.4282908,2.4599657,2.4843373,2.278481,2.6887157,2.1867468,-0.20913303
208944_at,2.231441,2.7461774,1.8204746,1.9193208,2.2919133,1.6244345,2.236508,2.4694836,2.0254238,1.4698794,1.8515624,2.7580643,3.6359222,1.7792792,2.631922,4.652439,1.6782945,2.1589596,2.2033494,2.7635574,2.7178774,5.0328765,1.743707,2.4294603,1.7810078,2.516129,2.9290469,2.0236967,2.1404958,7.945454,2.343085,2.8809524,1.4527026,3.3055556,0.9653334,2.012158,2.296399,2.5784945,2.0357141,2.2964509,1.3964286,2.090909,2.1200001,1.8519555,2.1612022,1.8665159,1.7863249,1.9557824,2.7424657,2.166282,1.5,1.5376344,1.9847199,1.9670328,1.6797065,1.6469346,2.2444446,1.9597855,1.7982457,1.9454021,1.9094077,1.7695391,1.8666668,1.5186641,2.0221465,2.6216867,2.1240506,2.4941633,1.9984939,-0.232825752
216457_s_at,3.0742362,5.3577976,2.2566767,1.819533,2.366864,2.5769231,2.4190476,3.2793427,3.118644,3.2198794,2.440104,3.0376341,3.0242717,2.1193693,2.175896,2.2500002,2.7558138,1.8034683,3.755981,3.7483733,5.103352,2.6027398,2.6064072,2.5290456,2.9612403,2.1364765,2.6186254,2.5592415,4.049587,3.5927272,2.6462767,2.0690477,3.0067565,2.6550925,2.5733335,2.3039513,2.626039,2.772043,2.5044644,2.3256786,2.5910716,2.6013987,1.7493334,1.4385476,3.1120222,1.9004525,1.7407408,2.612245,2.0630138,2.7551966,2.1183207,1.8118279,1.9049236,2.8131866,2.6063569,2.4143765,3.1361113,1.3994638,2.2894738,1.8390805,2.3432057,2.5671344,1.947826,2.8546169,2.9693356,2.8819275,2.227848,2.9377432,2.4021084,-0.313176811
219595_at,2.213974,2.6146789,2.37092,1.7324842,2.3333335,3.036199,2.6666667,2.1502347,2.512712,2.5933733,1.7760415,2.505376,2.1747572,2.3806305,2.7557003,2.6768293,2.5290697,2.3468208,2.95933,2.0412147,2.5418997,2.2520547,1.98627,2.4087136,2.1918604,2.4168735,2.0399115,2.4739337,2.4710743,2.0690908,2.4148939,2.0547621,1.7905405,4.162037,2.3600001,2.8693008,2.198061,2.3032258,2.7767859,2.348643,2.3392859,2.8846154,2.8880002,2.5810058,2.6174865,2.5723982,2.4444447,3.22449,3.1068494,3.4133952,2.7385497,3.4919353,3.2071307,2.3461537,3.1540341,2.8350954,2.9972222,2.2868633,2.4868422,2.637931,2.611498,2.258517,2.2115943,2.5029469,2.2129471,2.8843372,2.843038,3.1284046,2.5346384,-0.334105036
213694_at,2.79476,2.8990824,3.4406526,3.9002125,4.1913214,4.2262444,3.603175,4.345071,4.5932207,2.7289155,2.5546875,1.9623655,2.9417474,3.2905407,3.5081432,2.0792682,2.9689922,2.864162,2.9736843,3.3101954,2.4273744,2.2575343,3.1167047,3.3381739,3.9980621,3.0173697,2.7472286,3.5379145,2.3140495,2.5163634,2.444149,2.8833334,1.608108,2.2569444,2.872,4.1975684,3.6897507,4.632258,3.3169644,4.0814195,3.4982142,4.2202797,3.7333333,3.703911,4.166667,4.20362,3.860399,3.6768708,2.528767,3.4711318,3.788168,4.064516,3.9949067,2.5274725,3.1369193,4.145878,3.8444443,3.7238605,2.4342105,2.5890803,3.423345,4.312625,3.1797101,4.166994,3.197615,3.0771081,3.4202535,3.3891048,3.8012047,-0.351678453
207266_x_at,2.982533,4.6758404,1.7611275,2.193206,2.6390533,2.0882354,2.5730162,3.6150236,3.0169492,2.259036,4.8645835,4.725806,2.5703883,2.4864864,2.8534203,2.378049,2.9631782,3.8410404,4.1674643,3.7483733,3.301676,5.49863,3.0274599,3.1037345,3.0329456,4.2555833,3.390244,3.298578,3.7355373,3.1527271,2.1968086,3.4309525,4.466216,2.3564816,2.2906668,3.386018,1.831025,1.8043011,2.7723215,1.4279749,2.1053572,1.8706293,2.1573334,2.3296092,2.554645,2.5701358,2.4273505,2.6394558,1.5945206,2.787529,2.139313,1.8575268,3.3837013,2.2170327,2.8288507,3.3403807,2.7805555,3.6273458,2.25,3.1666665,3.6114984,2.482966,2.7391305,2.361493,4.826235,3.433735,2.4405065,3.610895,2.570783,-0.369510188
208882_s_at,3.731441,2.6238532,2.8412461,3.131635,3.0177515,3.382353,3.98254,3.3333335,4.519068,2.629518,2.8385415,1.4892473,2.8373785,2.921171,3.2899022,3.5243902,3.4457364,2.7369943,3.4569378,3.5314534,2.5810058,3.380822,2.0228832,2.83195,3.850775,3.4937966,3.0997784,3.8104265,1.8719008,4.923636,2.8882978,2.9404762,2.1824322,3.2708333,3.2826667,4.3829784,2.7063713,4.172043,3.140625,3.254697,3.9250002,3.3846154,3.1226666,2.8715086,5.3251367,4.361991,3.643875,3.1190476,3.1643836,4.030023,3.6564887,3.8629029,4.3378606,3.3928568,3.2933984,4.1479917,3.7944446,3.300268,5.381579,3.0689657,4.045296,3.9298599,3.0492754,4.2082515,2.6286201,3.2337348,3.729114,3.700389,3.498494,-0.407760655
211653_x_at,3.5021834,3.7920487,3.8026702,3.5838645,3.1715977,2.5316744,3.1523812,4.1361504,3.6800847,3.5451806,3.765625,3.6290321,3.7281554,2.8423421,3.4136808,6.7621956,4.2984495,5.5000005,6.198565,6.587853,5.120112,5.657534,4.9702516,3.7800827,4.7751937,5.4764266,3.5654104,5.7582936,4.0123963,3.5309088,2.5851064,4.3809524,2.8378377,3.7268517,2.9733334,3.3677812,3.7036011,3.180645,4.4375,5.0772443,3.671429,1.965035,3.5413334,1.3463688,2.2322404,2.045249,3.1880343,3.0204084,2.4438355,2.909931,4.221374,1.8010752,3.113752,3.826923,5.94621,2.7441862,6.616667,3.3753352,1.8947369,2.8563218,3.074913,2.5991983,3.1217391,2.459725,2.9284496,3.9253008,2.4253166,2.7587547,2.7469878,-0.485685944
202066_at,3.052402,1.7920488,3.008902,2.5668793,2.224852,2.9253395,3.5380952,3.3943665,3.3495765,2.138554,2.893229,1.4408602,2.2184465,1.804054,2.1433227,1.8231708,2.846899,2.6647398,2.7751198,2.813449,2.036313,3.6328769,1.7162471,2.1970954,2.3875968,2.0744417,2.4456766,3.161137,1.4338843,3.3163633,2.662234,2.352381,1.8445945,4.3032403,2.2133334,3.1580546,3.1385043,3.316129,3.390625,3.3945723,2.5517857,3.6433566,2.536,3.5558662,3.428962,3.7669685,2.4957266,3.0204084,3.8356164,3.0508087,2.683206,2.75,9.056027,3.4752746,2.6894865,2.780127,3.113889,2.0107238,3.7938597,1.862069,2.3397214,4.0881763,3.368116,4.1159134,2.6746166,2.2144578,2.5240507,2.3463035,3.7454817,-0.791206687
209699_x_at,3.4410484,4.6330276,3.620178,3.8089173,3.4497042,3.138009,3.320635,4.1056337,3.2394068,4.638554,3.5260415,4.9623656,3.3883495,4.11036,3.2345278,4.9878054,4.125969,5.210983,5.002393,6.4989157,5.874302,5.550685,3.6224256,3.4813278,4.978682,5.645161,3.7760534,3.741706,5.338843,3.9709089,3.867021,4.845238,5.7567563,4.053241,3.376,4.2340426,3.0124655,2.7569892,6.417411,4.569937,3.0035715,2.5419579,3.336,2.6508381,1.7868854,2.8981903,3.735043,3.8741498,3.3452053,3.2332566,4.35687,1.8091397,2.728353,3.9313185,5.6797066,2.906977,5.4722223,3.6085792,2.0438595,3.6867816,4.334495,3.8537076,4.794203,2.8722985,4.126065,5.19759,2.972152,3.2140076,2.8584337,-0.891335113
204806_x_at,3.6746728,5.2629967,2.869436,2.6454353,4.8816566,2.678733,3.009524,3.3051646,2.6038136,4.3825297,6.7317705,4.596774,3.8859224,3.4707208,3.8827362,6.3170733,3.2771318,4.3439307,4,3.6876357,4.248604,6.120548,3.9473681,3.112033,3.9127905,3.630273,3.583149,3.1658769,4.338843,6.4218183,3.7952127,3.7142859,4.4729724,5.710648,3.6480002,3.4376898,2.095568,3.692473,3.5491073,2.6075156,1.7946429,3.7377622,4.5466666,4.1005588,3.2732244,2.5972853,3.2450144,3.0850341,4.0986304,2.3325636,2.9866412,3.2419353,3.9949067,2.5961537,3.3814182,3.4778016,3.4333334,4,2.381579,2.9367814,4.466899,3.2164328,3.9101448,2.752456,3.4293015,3.4409637,3.756962,4.233463,4.067771,-0.930070078
212094_at,8.668123,4.146789,7.6750736,6.1146502,6.3037477,8.647059,9.98889,7.6596246,9.902542,5.981928,5.346354,1.7150537,4.7936893,7.1711707,4.2833877,4.542683,6.24031,5.9248557,7.366029,15.134491,7.29609,5.5424657,6.1281457,6.377593,9.124031,7.573201,9.4102,8.049763,2.446281,3.5454545,6.5,8.223809,3.0405405,3.601852,13.538668,6.4468083,6.556787,12.384947,8.245536,10.175365,6.6607146,6.7272725,7.4560003,6.1340785,10.480875,7.4615383,6.350427,6.5442176,6.452055,6.249423,8.23855,6.9489245,12.200339,7.5164833,11.0489,9.53277,15.347222,6.761394,10.105263,6.7471266,8.724739,8.705411,5.652174,8.510806,5.589438,8.457831,10.43038,3.782101,9.534637,-1.33582508
200987_x_at,5.8078604,7.1957183,3.864985,3.666667,5.0493097,3.5113122,4.471429,4.7253523,4.2033896,4.3795176,4.2942705,3.376344,5.211165,5.1644144,3.6710098,2.4756098,5.3100777,5.5867057,6.105263,5.778742,5.6899443,3.4547944,5.7368417,5.112033,4.47093,4.92804,4.2350335,5.220379,8.177686,2.7090907,3.3085108,5.2976193,4.385135,3.3217592,3.152,2.586626,3.8157897,3.9268818,2.5647323,4.189979,5.276786,3.9825175,2.4506667,2.9357543,3.47541,3.7533937,4.85755,4.1836734,4.0602736,4.3210163,4.5229006,3.4193547,2.0848897,4.2664833,4.765281,2.8900635,4.363889,5.1715817,2.2938597,5.6896553,4.6114984,3.3386774,4.808696,5.0294695,2.890971,3.318072,3.843038,3.8054473,2.7364457,-1.37318399
217855_x_at,6.078603,5.4036694,3.1038575,3.3736732,3.852071,4.49095,4.5793653,4.5962443,4.324153,4.53012,3.8489583,3.9301074,5.3592234,3.054054,4.8762217,3.3170733,4.6996126,3.6358385,6.7511964,4.1691976,2.6815643,3.7945206,4.4759727,5.170124,4.5174417,5.307692,3.818182,4.350711,5.380165,5.832727,5.651596,3.997619,5.8581076,5.201389,4.357333,4.680851,4.163435,6.6150537,5.075893,5.3173275,4.2803574,3.8776224,4.408,5.977654,4.4098363,5.4615383,6.2079773,6.241497,6.5643835,5.861432,4.832061,5.44086,4.726655,5.607143,5.3300734,5.8541226,4.6194444,5.1045575,6.4517546,4.9281607,5.2874565,3.7795591,5.657971,4.4282904,4.4599657,4.706024,5.2455697,5.8754864,4.871988,-1.819479201
204151_x_at,9.078603,6.6697245,4.850148,4.868366,5.3510847,4.719457,4.7888894,5.8169017,4.976695,6.7861443,5.7005205,8.010753,6.201456,5.8716216,5.1270356,8.70122,5.9166665,9.381503,10.229666,9.236443,7.446928,7.9753428,7.521739,6.4211617,6.45155,8.851117,5.3104215,7.7677717,10.7190075,6.4181814,6.507979,6.7690473,10.959458,5.0393515,6.9573336,5.550152,4.621884,4.2666664,8.200892,7.0375786,5.158929,4.248252,5.4506664,4.2625704,2.4153008,4.662896,6.4871798,5.1530614,5.4301367,4.678984,6.5553436,2.6935482,4.129032,7.2280216,8.190709,4.145878,9.455556,5.8069706,4.7807016,6.25,7.3501744,5.1162324,6.9391303,4.9705305,6.3986373,7.310843,3.870886,4.85214,3.9186747,-1.884242985
206174_s_at,7.4366817,6.889908,4.4376855,4.713376,5.0216966,4.063349,4.896826,5.6877937,4.904661,5.210843,5.114583,4.645161,4.711165,4.9189186,4.4495115,2.8231707,5.5639534,4.875723,5.131579,6.429501,4.723464,4.4575343,5.1441646,5.5082984,5.162791,4.83871,4.2483373,4.872038,4.9917355,3.661818,4.390958,4.6309524,4.29054,4.0254626,4.232,3.528875,5.5927978,4.167742,4.245536,4.1461377,3.764286,3.9475524,4.5360003,4.6536317,4.2896175,4.484163,4.17094,3.8163266,2.827397,4.579677,4.5400763,3.755376,3.9864178,5.1181316,4.875305,3.7949262,3.3777778,4.6675606,3.263158,4.422414,5.212544,4.3787575,4.7594204,5.7544203,4.1141396,3.9879518,3.2101266,4.801556,4.1581326,-2.040549357
209493_at,8.213975,6.9663606,6.376854,7.2951174,7.932939,9.115385,8.969841,10.765259,9.758475,7.0030117,7.919271,2.784946,7.4053397,9.1418915,9.605863,4.4390244,7.9282947,6.2716765,10.4258375,10.548807,7.4050283,3.630137,9.812356,8.425311,10.645349,7.697271,7.9135256,10.229857,5.590909,7.1418176,6.9095745,6.792857,3.4391892,6.944444,12.802667,10.218844,7.4459834,11.346236,8.551339,11.467641,8.325001,9.716783,8.589334,6.6620116,14.374317,10.7171955,7.045584,9.469388,6.9890413,9.212472,9.961832,11.8682785,9.575552,9.192307,7.745721,11.471458,8.191667,10.24933,10.513158,7.5201154,7.4616723,8.867735,7.434783,8.550098,9.749574,7.8481927,13.908862,6.521401,9.85994,-2.380049836
204633_s_at,5.8930135,4.085627,6.304154,5.2993636,5.8658776,4.5904975,5.5428576,5.5187798,6.9385595,4.8644576,3.5546875,2.9623654,3.9902909,6.3153152,4.029316,4.8414636,4.6782947,4.2052026,5.3851676,7.130152,4.382682,4.00274,4.6315784,4.7800827,7.0213175,3.6253104,6.5720625,4.720379,6.3305783,5.410909,5.720745,4.209524,3.3716216,7.3101845,6.696,6.708206,6.5083103,6.556989,5.522321,4.7620044,4.994643,5.7377625,6.266667,4.6508384,6.620219,5.5316744,7.019943,4.6972795,6.5150685,4.431871,6.431298,5.983871,7.162988,4.483516,5.2958436,5.894292,7.8166666,5.573726,7.017544,4.586207,6.2439027,10.098196,4.9768114,6.3261294,7.0153317,4.657831,5.253165,5.649805,7.4984937,-2.386014355
201386_s_at,11.111354,17.171253,7.62908,7.7048836,8.808679,4.2624435,7.325397,13.298122,8.862288,7.2409635,11.4869795,14.854837,8.490291,9.324325,5.9185667,6.445122,8.903101,10.858382,10.866029,8.234274,8.793296,10.786302,8.636155,8.1742735,8.934109,7.369727,8.419069,8.805687,10.458677,6.843636,6.369681,7.0833335,8.054053,7.5740743,9.525334,6.960486,9.973684,6.5204306,7.6316967,8.371608,7.226786,7.9405594,7.2479997,7.480447,4.956284,8.006787,9,6.704082,5.3232875,7.422633,6.032443,5.9327955,7.3565364,7.9560437,8.6577015,6.0147996,6.4722223,8.340483,3.6973686,7.632184,8.998258,6.322645,8.17971,8.430256,8.103918,7.0072284,5.258228,7.8326845,4.7665663,-3.358423864
217757_at,15.644106,17.07951,12.210682,11.231423,13.353057,11.527149,13.253969,14.115024,13.620764,12.14759,5.2552085,21.591396,19.723299,11.558558,14.355049,27,12.8953495,16.540462,15.765551,16.720173,17.192738,14.641096,11.4141865,14.473027,10.166666,14.320099,18.02661,14.587677,13.987603,31.101816,16.648937,17.757143,14.371621,29.115742,6.714667,9.197568,13.026317,14.866667,14.553572,8.636744,10.501785,11.024475,13.626667,10.078213,17.139345,9.705883,13.549858,14.993197,14.052055,14.025405,7.9465647,8.862903,9,11.1620865,12.061124,9.509514,18.858334,12.504022,10.359649,14.252873,13.726481,13.146293,11.397102,14.760314,9.488927,14.06506,11.779747,17.642023,13.111444,-5.068077761
202300_at,17.058952,17.46483,12.618694,13.227178,14.499014,11.052036,10.963493,17.103287,16.485168,15.728915,12.1484375,13.693547,12.701456,14.475225,13.674267,11.841463,12.73062,14.138729,15.0741625,17.748373,11.882682,13.079452,15.544621,14.535269,15.027132,13.315136,11.931264,14.06635,16.88843,13.352727,14.648936,13.809525,14.75,9.569444,13.797335,7.990881,8.606648,11.339785,12.616072,15.286013,10.980358,19.965034,10.077333,12.231844,12.374317,13.66742,11.900286,10.836736,12.112329,11.413396,14.85687,11.564516,9.166384,11.810439,13.523227,9.118394,13.991667,16.951742,10.921053,11.359195,12.736934,10.897796,9.489855,16.420431,13.2998295,13.306024,13.065823,13.167315,7.328313,-7.036798053
218259_at,20.572054,14.357798,16.91543,15.772825,18.315582,20.567873,20.37619,17.509392,20.495764,16.960842,14.661458,7.4946227,17.468447,17.536036,17.02606,7.72561,15.872093,15.945087,22.717703,21.83514,16.251398,8.210959,14.411899,16.09751,18.374031,16.73201,14.84479,17.246445,10.057851,9.465454,16.707447,17.054762,11.567567,10.608796,20.714666,18.975683,14.504155,18.503227,19.75893,23.158665,17.942858,24.097902,19.837334,16.469275,24.939892,22.355204,18.985756,19.29592,14.912329,19.383373,19.862597,16.327957,20.040747,17.26923,15.86797,20.794926,23.227777,16.64343,16.789473,17.715517,19.029617,22.537073,16.394203,20.29666,16.834753,16.081928,18.713924,9.474708,14.263554,-7.261257382
218357_s_at,13.956333,18.672781,10.176558,10.921445,11.274161,12.133484,12.273017,15.08216,13.358051,12.716867,12.755208,16.295698,11.402912,13.254504,13.716613,13.70122,13.968992,13.508671,12.35646,12.281996,11.282124,11.556164,13.794049,13.350621,14.637597,15.699752,11.372507,15.151659,20.322313,21.207272,12.452128,14.185715,17.91216,13.479166,17.373333,10.671732,9.781164,10.350537,15.022322,12.820458,9.358929,14.702797,9.714666,9.617318,12.710383,11.61086,12.185185,11.8707485,10.29589,13.127022,12.790076,13.048387,10.212224,14.296703,12.699267,13.881607,12.294445,11.367292,11.855263,11.20977,12.270035,9.170341,13.371015,9.058939,12.437819,12.896385,13.232912,14.428015,10.971385,-8.784499844
Group,control,control,control,control,control,control,control,control,control,control,control,control,control,control,control,control,control,control,control,control,control,control,control,control,control,control,control,control,control,control,control,control,control,control,schizophrenia,schizophrenia,schizophrenia,schizophrenia,schizophrenia,schizophrenia,schizophrenia,schizophrenia,schizophrenia,schizophrenia,schizophrenia,schizophrenia,schizophrenia,schizophrenia,schizophrenia,schizophrenia,schizophrenia,schizophrenia,schizophrenia,schizophrenia,schizophrenia,schizophrenia,schizophrenia,schizophrenia,schizophrenia,schizophrenia,schizophrenia,schizophrenia,schizophrenia,schizophrenia,schizophrenia,schizophrenia,schizophrenia,schizophrenia,schizophrenia,
