ID_REF,GSM317385,GSM317386,GSM317388,GSM317389,GSM317391,GSM317396,GSM317397,GSM317399,GSM317401,GSM317403,GSM317404,GSM317406,GSM317411,GSM317415,GSM317417,GSM317419,GSM317425,GSM317429,GSM317431,GSM317433,GSM317439,GSM317440,GSM317443,GSM317444,GSM317445,GSM317446,GSM317451,GSM317454,GSM317456,GSM317458,GSM317479,GSM317483,GSM317485,GSM317398,GSM317402,GSM317407,GSM317410,GSM317412,GSM317413,GSM317416,GSM317418,GSM317421,GSM317426,GSM317432,GSM317434,GSM317435,GSM317436,GSM317438,GSM317441,GSM317442,GSM317447,GSM317449,GSM317452,GSM317453,GSM317459,GSM317461,GSM317462,GSM317465,GSM317466,GSM317468,GSM317471,GSM317472,GSM317476,GSM317477,GSM317480,GSM317484,GSM317486,
216334_s_at,0.050955415,0.022452503,0.03736264,0.018018018,0.13974358,0.0982906,0.009779952,0.016513761,0.09767442,0.02197802,0.055072464,0.036199097,0.060465112,0.057192374,0.097165994,0.016997168,0.056603774,0.02547771,0.04639175,0.030567687,0.12416107,0.01986755,0.022222223,0.042222224,0.035989713,0.008528785,0.20111732,0.011173185,0.019607842,0.15413533,0.055999998,0.015337424,0.021897811,0.019650655,0.015290519,0.03264095,0.010615712,0.011834321,0.015837105,0.007936508,0.016431926,0.016949153,0.024096385,0.010416667,0.07526881,0.012135922,0.018018018,0.006514658,0.07317074,0.02131783,0.008670521,0.016746411,0.028199565,0.053072628,0.057534244,0.013729977,0.035269707,0.015503876,0.032258064,0.03547672,0.021327013,0.012396694,0.09454545,0.013297873,0.026190476,0.027027026,0.018518519,28.93234461
215516_at,0.3280255,0.3074266,0.14065935,0.24099098,0.057692308,0.15811966,0.15158923,0.14128439,0.018604651,0.20329669,0.017391305,0.24660634,0.31627908,0.19930676,0.12550607,0.22096318,0.32830188,0.006369427,0.28350514,0.4410481,0.16442953,0.2615894,0.21851853,0.10666668,0.07969151,0.09168444,0.20111732,0.09776537,0.019607842,0.34962404,0.04,0.121165656,0.11678833,0.13318779,0.021406727,0.2240356,0.021231424,0.027613413,0.013574662,0.0920635,0.08920188,0.038135592,0.14457831,0.005208334,0.069892466,0.012135922,0.009009009,0.026058633,0.030487806,0.01744186,0.28034684,0.0215311,0.06941432,0.019553073,0.21917808,0.09153318,0.1286307,0.06395349,0.027295286,0.11973393,0.011848341,0.24793388,0.21818182,0.17819148,0.004761905,0.013513513,0.04398148,13.19131766
AFFX-ThrX-5_at,0.21656051,0.20725389,0.114285715,0.09684685,0.020512821,0.1837607,0.11491442,0.049541283,0.037209302,0.034340657,0.055072464,0.04751131,0.27906978,0.110918544,0.08097166,0.22096318,0.354717,0.16985139,0.45360824,0.29257643,0.2818792,0.13576159,0.044444446,0.08888889,0.19794343,0.03411514,0.04469274,0.039106146,0.032679737,0.13909774,0.252,0.16104296,0.2189781,0.026200876,0.033639144,0.15727003,0.057324845,0.013806706,0.19683258,0.19206351,0.02347418,0.059322033,0.042168673,0.14583333,0.032258064,0.06310679,0.02027027,0.247557,0.03658537,0.04069767,0.20231214,0.04784689,0.106290676,0.2206704,0.12602739,0.011441647,0.035269707,0.03875969,0.044665013,0.028824834,0.021327013,0.016528925,0.03272727,0.1356383,0.026190476,0.02027027,0.113425925,12.81924639
208538_at,0.12101911,0.07772021,0.06373627,0.04954955,0.21923077,0.32478634,0.041564792,0.023853209,0.027906977,0.24313186,0.04057971,0.43438917,0.49302328,0.0779896,0.026315788,0.045325782,0.41132075,0.08280256,0.077319585,0.1048035,0.08724832,0.026490066,0.29259259,0.05111111,0.113110535,0.053304903,0.027932962,0.03072626,0.22222222,0.086466156,0.136,0.088957064,0.43065697,0.030567687,0.25993884,0.028189909,0.033970278,0.06311637,0.07013574,0.08095238,0.12910798,0.038135592,0.0873494,0.052083332,0.032258064,0.029126214,0.033783782,0.03583062,0.18902439,0.027131783,0.054913297,0.0430622,0.052060742,0.04469274,0.035616435,0.0389016,0.029045641,0.029069766,0.05210918,0.20177385,0.06398104,0.028925618,0.03272727,0.03989362,0.04047619,0.047297295,0.023148147,11.78178289
206488_s_at,0.50318474,0.037996545,0.2769231,0.074324325,0.11794872,0.055555556,0.034229826,0.036697246,0.007751938,0.3186813,0.36231884,0.4321267,0.2837209,0.055459272,0.12348178,0.045325782,0.064150944,0.023354568,0.05670103,0.23580788,0.077181205,0.07284768,0.14074074,0.097777784,0.31362465,0.10660981,0.027932962,0.11731844,0.010893246,0.12030075,0.22,0.121165656,0.047445256,0.12227075,0.08562691,0.2818991,0.35244164,0.19132149,0.23981902,0.031746034,0.09859155,0.038135592,0.07831325,0.3828125,0.091397844,0.3859223,0.22747748,0.14006515,0.07926829,0.19573644,0.3063584,0.1076555,0.1713666,0.48882684,0.21917808,0.27688786,0.20331949,0.31976745,0.21339951,0.082039915,0.20379147,0.29338843,0.20363635,0.20744681,0.15238096,0.34459457,0.25,11.55878686
201882_x_at,0.4012739,0.17271158,0.41318682,0.3581081,0.1653846,0.15384616,0.06356968,0.06972477,0.27751938,0.0576923,0.057971016,0.3529412,0.40930232,0.28076258,0.08502024,0.29461756,0.12830189,0.13375798,0.48453605,0.12227075,0.0704698,0.5033112,0.33703706,0.37333333,0.071979426,0.08955224,0.37430167,0.1480447,0.1503268,0.07142857,0.28,0.27300614,0.310219,0.07641922,0.10703363,0.39762607,0.09766455,0.11439843,0.042986427,0.114285715,0.079812214,0.13135593,0.15361445,0.041666668,0.053763438,0.087378636,0.123873875,0.1237785,0.085365854,0.046511628,0.11560694,0.13636364,0.1713666,0.09217878,0.12054795,0.33867276,0.08921162,0.062015504,0.099255584,0.23946786,0.32464454,0.057851236,0.09454545,0.042553194,0.061904762,0.04054054,0.2847222,11.5230921
205699_at,0.37261146,0.33678758,0.45934066,0.35135135,0.2551282,0.25641027,0.20537896,0.22568807,0.29147285,0.5892857,0.5217391,0.3529412,0.21860464,0.26169845,0.3016194,0.22096318,0.018867925,0.38641194,0.19587629,0.57641923,0.2852349,0.205298,0.24814814,0.14222223,0.5758354,0.25799575,0.41899443,0.4441341,0.1590414,0.59774435,0.372,0.17177916,0.27372265,0.27729258,0.20795107,0.21513352,0.25902337,0.2820513,0.022624435,0.21904764,0.21361504,0.13135593,0.21385542,0.25260416,0.23655914,0.21359223,0.37837836,0.016286645,0.018292684,0.03875969,0.0982659,0.1985646,0.44034708,0.033519555,0.3452055,0.27688786,0.3879668,0.20736434,0.2853598,0.33481157,0.2085308,0.012396694,0.014545455,0.19414894,0.15238096,0.047297295,0.2847222,9.72438429
218186_at,0.098726116,0.33678758,0.26373628,0.067567565,0.2153846,0.5,0.42298287,0.3302752,0.15503876,0.26785713,0.5536232,0.32126698,0.34418604,0.16291161,0.2834008,0.19546743,0.079245284,0.32908708,0.6082474,0.30131006,0.32885906,0.27814567,0.08148149,0.29111114,0.51156807,0.13219616,0.35195532,0.31284916,0.18736385,0.16917293,0.592,0.19631903,0.29562047,0.4257642,0.27828747,0.23293768,0.20806795,0.2524655,0.10859729,0.21746033,0.039906107,0.012711865,0.11445782,0.203125,0.016129032,0.1699029,0.286036,0.055374596,0.20731708,0.12790698,0.124277465,0.0861244,0.060737528,0.31843576,0.26849315,0.27231118,0.085062236,0.08139534,0.084367245,0.23503327,0.059241705,0.012396694,0.5272727,0.19414894,0.36666667,0.3243243,0.13888888,9.556252214
207656_s_at,0.06687898,0.21243525,0.052747257,0.09009009,0.16794872,0.3846154,0.24938874,0.06238532,0.024806201,0.22390108,0.62028986,0.35067874,0.26976746,0.28249565,0.07692307,0.388102,0.39245284,0.23566881,0.20618556,0.19650656,0.08389261,0.052980132,0.074074075,0.060000002,0.09511568,0.3944563,0.106145255,0.12569833,0.119825706,0.09022556,0.12399999,0.2131902,0.076642334,0.050218344,0.064220175,0.043026704,0.09341827,0.18343195,0.03167421,0.0984127,0.14553991,0.06144068,0.036144577,0.015625,0.6397849,0.029126214,0.06081081,0.06840391,0.12195122,0.029069766,0.043352604,0.09569378,0.052060742,0.16201119,0.057534244,0.07551487,0.08091286,0.031007752,0.034739453,0.07538803,0.030805685,0.028925618,0.08363636,0.050531916,0.07619048,0.16216215,0.071759254,9.08134778
220876_at,0.035031848,0.08117443,0.026373629,0.038288288,0.028205128,0.034188036,0.024449877,0.011009174,0.03255814,0.023351647,0.055072464,0.042986427,0.037209302,0.064124785,0.030364372,0.016997168,0.056603774,0.07643312,0.20103092,0.061135374,0.05033557,0.026490066,0.11481481,0.042222224,0.05398457,0.031982943,0.06145252,0.025139665,0.35729846,0.052631576,0.036,0.01840491,0.025547447,0.25764194,0.6911315,0.062314536,0.084925696,0.041420117,0.21266969,0.29682544,0.24413146,0.084745765,0.045180723,0.065104164,0.021505376,0.036407765,0.04054054,0.03583062,0.030487806,0.11821705,0.046242777,0.23444977,0.04338395,0.055865925,0.09315069,0.027459955,0.039419085,0.029069766,0.3076923,0.06873614,0.07109004,0.08264463,0.02909091,0.045212768,0.2404762,0.23648648,0.032407407,8.41011737
220766_at,0.37261146,0.27979276,0.18241759,0.0990991,0.2846154,0.47863248,0.017114913,0.078899086,0.23255813,0.25961536,0.42028987,0.1719457,0.7348837,0.26516464,0.08097166,0.033994336,0.53962266,0.28874737,0.2989691,0.2838428,0.590604,0.31456953,0.15925927,0.6622222,0.19280204,0.03411514,0.5921788,0.4581006,0.16993465,0.06390978,0.18399999,0.16564418,0.17518249,0.10262009,0.28746176,0.19732937,0.16772825,0.2071006,0.26244345,0.031746034,0.14788733,0.08898305,0.12349397,0.06770833,0.107526876,0.24514563,0.09684685,0.06514658,0.03658537,0.125969,0.08381504,0.03588517,0.04338395,0.05027933,0.038356163,0.10526315,0.056016594,0.031007752,0.2878412,0.15077606,0.25118482,0.09504132,0.047272723,0.4175532,0.11904762,0.22297296,0.25,7.902649561
216498_at,0.31210193,0.110535406,0.14285715,0.09684685,0.02948718,0.482906,0.075794615,0.033027522,0.05736434,0.10851648,0.1884058,0.28959277,0.28837207,0.3812825,0.02834008,0.022662891,0.12830189,0.38641194,0.7886598,0.53275114,0.23489933,0.10927152,0.23703705,0.21555556,0.28534704,0.042643923,0.027932962,0.05027933,0.061002176,0.04511278,0.048,0.16871166,0.2591241,0.061135374,0.25076452,0.02670623,0.059447985,0.039447732,0.027149323,0.17777778,0.009389672,0.1292373,0.027108433,0.25520834,0.032258064,0.036407765,0.022522522,0.06514658,0.57926834,0.09689923,0.037572253,0.026315792,0.13232104,0.13966481,0.04109589,0.1716247,0.08091286,0.027131783,0.079404466,0.033259425,0.101895735,0.020661157,0.0690909,0.02393617,0.03809524,0.121621616,0.025462963,7.37035229
215943_at,0.31210193,0.034542315,0.21758242,0.29054052,0.07564103,0.50427353,0.40097797,0.047706418,0.351938,0.3502747,0.19710146,0.27149323,0.84651166,0.06065858,0.24898785,0.3286119,0.29811323,0.4246285,0.072164945,0.7248909,0.2818792,0.31456953,0.15925927,0.32666668,0.37532133,0.15138593,0.083798885,0.35754192,0.30718955,0.13157894,0.188,0.2852761,0.49270076,0.2467249,0.027522935,0.08456973,0.07855627,0.16568047,0.29185522,0.23809525,0.037558686,0.036016952,0.03313253,0.140625,0.12903225,0.08252427,0.33783785,0.42996743,0.57926834,0.10271318,0.04046243,0.1555024,0.37310198,0.053072628,0.08219178,0.21510296,0.051867217,0.29069766,0.22828785,0.059866965,0.36492887,0.03305785,0.23272727,0.034574468,0.05714286,0.14864865,0.4328704,6.847876537
215653_at,0.53503186,0.20207253,0.3802198,0.26576576,0.28333333,0.52136755,0.20537896,0.4330275,0.21860465,0.39972526,0.44927537,0.40950227,0.85116273,0.41421145,0.3502024,0.34560907,0.23396227,0.2208068,0.48453605,0.2445415,0.3154362,0.26821193,0.24444444,0.3688889,0.4241645,0.21748401,0.150838,0.31284916,0.19825709,0.46992478,0.212,0.22239265,0.48540148,0.16157207,0.20489295,0.18842728,0.2144374,0.25641027,0.46832582,0.60634923,0.35211268,0.39618647,0.21987952,0.24739583,0.12365591,0.27184466,0.074324325,0.42996743,0.43292683,0.18217054,0.15606937,0.15311006,0.0824295,0.11173185,0.057534244,0.33180776,0.15975103,0.2364341,0.28039703,0.08647451,0.13507108,0.041322313,0.59272724,0.2925532,0.17619048,0.2027027,0.46296296,6.796507417
202608_s_at,0.07324841,0.112262525,0.52087915,0.12162162,0.13461539,0.055555556,0.05378973,0.21651375,0.24806201,0.22527471,0.09275363,0.08371041,0.2,0.14038129,0.09919028,0.3371105,0.086792454,0.32696393,0.19072165,0.13537118,0.13087249,0.29801324,0.15555555,0.12444445,0.08226221,0.26652452,0.54748607,0.10055866,0.26797387,0.10150376,0.08399999,0.08588958,0.25182483,0.55895203,0.051987767,0.3308605,0.31847137,0.2504931,0.5045249,0.4015873,0.22065727,0.31567797,0.10843373,0.072916664,0.5053763,0.114077665,0.7072072,0.22801304,0.8963415,0.116279066,0.08959538,0.6148326,0.4229935,0.57262576,0.12876712,0.597254,0.32157674,0.29457363,0.50124073,0.3525499,0.17298578,0.18181819,0.15636364,0.13031915,0.7,0.23648648,0.5208333,6.44119125
216905_s_at,0.3152866,0.21243525,0.23516484,0.1036036,0.15384616,0.52136755,0.07823961,0.044036698,0.031007752,0.1153846,0.31594202,0.5972851,0.17674418,0.083188914,0.3704453,0.048158642,0.46792454,0.05095542,0.4175258,0.68122274,0.37248322,0.49337745,0.4666667,0.26222223,0.34961438,0.08955224,0.9162012,0.15921788,0.16557734,0.27067667,0.39599997,0.26226997,0.1240876,0.06331878,0.17737003,0.115727,0.11677283,0.055226825,0.07692308,0.23492065,0.20657279,0.06991526,0.036144577,0.054687496,0.037634406,0.25,0.22972973,0.3387622,0.12195122,0.046511628,0.21387285,0.24401914,0.047722343,0.19273745,0.1890411,0.0938215,0.04564315,0.3391473,0.2828784,0.028824834,0.16824643,0.07851239,0.087272726,0.061170213,0.04761905,0.65540534,0.06481481,6.323607165
221380_at,0.22292994,0.06908463,0.046153843,0.056306306,0.12179487,0.31196582,0.09535453,0.078899086,0.17674418,0.04807692,0.089855075,0.7126697,0.23255813,0.3587522,0.07489879,0.096317284,0.4301887,0.3609342,0.5412371,0.16157207,0.10067114,0.08609271,0.6666667,0.46666667,0.056555267,0.09808102,0.106145255,0.16759777,0.05664488,0.2406015,0.19999999,0.25,0.40510952,0.02838428,0.05810397,0.068249255,0.10191084,0.05325444,0.08597285,0.052380953,0.030516433,0.22457628,0.19277108,0.052083332,0.069892466,0.12864077,0.072072074,0.09120521,0.42073172,0.036821704,0.106936425,0.04784689,0.05639913,0.11452515,0.05479452,0.082379855,0.10580912,0.032945737,0.034739453,0.09534369,0.23933649,0.016528925,0.03272727,0.042553194,0.11428572,1.0135134,0.08333333,5.725976127
209821_at,0.2356688,0.39205527,0.7032967,0.5540541,0.57051283,0.84615386,0.53056234,0.8183486,0.32093024,0.15521978,0.17391305,0.47058824,0.40465117,0.74523395,0.3562753,0.34844193,0.3735849,0.28237796,1.1649485,0.5633188,0.40604028,0.37417218,0.2962963,0.4,0.28277633,0.15351813,0.41340786,0.5,0.40958604,0.481203,0.408,0.42177916,0.6094891,0.23580788,0.23853211,0.347181,0.08280256,0.2820513,0.520362,0.41746032,0.3826291,0.24152543,0.2379518,0.3515625,0.33870968,0.27427185,0.17792793,0.23127036,0.5731707,0.22286822,0.24855493,0.35167465,0.21691975,0.23463687,0.52328765,0.40732262,0.26763484,0.30813953,0.19602978,0.1396896,0.25592417,0.29752064,0.40363637,0.3856383,0.1404762,0.02027027,0.6203703,4.975749571
211582_x_at,0.34394905,0.08290156,0.13626373,0.06531531,0.16666667,0.17094018,0.12958436,0.88623846,0.14263566,0.060439557,0.08695652,0.24660634,0.10697674,0.09185442,0.27935222,0.37110484,0.101886794,0.14649683,0.0927835,0.19650656,0.09731544,0.08940397,0.14814815,0.06666667,0.11568123,0.19402985,0.19553074,0.17318437,0.18518518,0.16165413,0.308,0.50766873,0.28467155,0.38646293,0.8318043,0.5548961,0.18471338,0.3116371,0.44343895,0.12380953,0.49765262,0.18855932,0.24397591,0.890625,0.77419347,0.78398055,0.18018018,0.21498372,0.17073171,0.91085273,0.7543353,1.1578948,0.15401301,0.08938548,0.13424657,0.1716247,0.36099583,0.29069766,0.7890819,0.5764967,0.26303318,0.98347104,0.20363635,1.0292554,0.3119048,0.36486486,0.1273148,4.966015195
212769_at,0.4713376,0.17789292,0.30989012,0.2972973,0.33589745,0.6367521,0.30317846,0.2880734,0.24341086,0.260989,0.43188405,0.60181,1.1860465,0.42634317,0.22874494,0.2634561,0.44150943,0.3842888,0.23195876,0.8558953,0.3758389,0.28145695,0.37777779,0.3466667,0.52956295,0.16204691,0.2290503,0.40223464,0.3093682,0.33834586,0.32799998,0.4371166,0.42700732,0.037117906,0.07033639,0.17655785,0.34819534,0.09664695,0.28733033,0.26825398,0.29812208,0.21398306,0.30421686,0.3645833,0.16129032,0.26456308,0.38963962,0.042345274,0.22560976,0.2984496,0.32947978,0.3110048,0.23210412,0.0726257,0.18356164,0.28146452,0.15352696,0.2771318,0.3101737,0.29046565,0.27251184,0.13636363,0.29090908,0.23404257,0.23571429,0.12837838,0.28703701,4.870030187
213098_at,0.5573248,0.7081174,0.5912088,1.045045,0.6769231,0.4529915,0.4816626,0.7302752,0.5271318,1.1126373,1.168116,0.9117647,0.572093,0.26169845,0.6295546,0.41076487,0.24528302,0.60721874,0.35051546,0.15720524,0.6308724,0.81125826,0.37777779,0.68222225,0.41645244,0.52665246,0.71508384,0.7011174,0.4880174,0.47744358,1.16,0.964724,0.54379565,0.95851535,0.66360855,0.8916913,0.7261147,0.8461539,0.94570136,1.2222223,0.65023476,0.5423729,0.48795182,0.7994792,0.89784944,0.711165,0.5518018,0.7068404,0.6585366,0.57751936,0.51445085,0.67942584,0.56832975,1.0335196,1.1424657,0.49427918,0.9896265,0.87403095,0.764268,0.68292683,0.5734597,0.80991733,0.7309091,0.9175532,0.81428576,0.9527027,1.1041666,4.604699219
204014_at,0.38853502,0.8963731,0.36483517,0.4617117,1.0205128,0.0982906,0.44498777,1.157798,0.53643405,0.146978,0.27246377,0.80995476,0.18604651,0.05199307,0.55263156,0.033994336,0.026415095,0.1804671,0.8350516,0.069869004,0.27516776,0.64238405,0.5777778,0.21555556,0.09511568,1.0852879,0.06145252,0.033519555,1.1546841,0.056390975,0.072,0.83282214,0.20437957,1.1353712,0.68501526,0.5074184,0.715499,1.0650887,1.3280543,0.6238096,0.99061036,0.4131356,0.71385545,0.5078125,0.6612903,0.64320385,0.5382883,0.4820847,0.11585366,0.57751936,0.6127168,0.8684211,0.4143167,0.86871517,0.66027397,0.27002287,1.1141078,0.25968993,0.24813896,0.6940133,0.81990516,0.6776859,0.46909088,1.0026596,0.052380953,0.1081081,0.2546296,4.356015518
214826_at,0.6210191,0.31606215,0.4087912,0.5923423,0.45128205,0.6837607,0.24449877,0.36697245,0.45736435,0.1098901,0.089855075,0.22624435,0.5860465,0.48353553,0.354251,0.2776204,1.0226415,0.35244164,0.8505154,1.3406115,0.6409396,0.13907284,0.8185185,0.42,1.1850898,0.55650324,0.2960894,0.28491622,0.57516336,0.5488722,0.31599998,0.41104296,0.17518249,0.054585155,0.09174311,0.3234421,0.087048836,0.54043394,0.33710408,0.25714287,0.09859155,0.565678,0.25903615,0.140625,0.9516129,0.0461165,0.40765765,0.052117266,0.2987805,0.37984496,0.10404625,0.354067,0.14967462,0.05865922,0.31780824,0.61784893,0.43360993,0.16085272,0.4565757,0.60310423,0.39099523,0.07024793,0.11272726,0.27925533,0.33333334,0.29054055,0.5347222,4.295264892
214441_at,0.21974523,0.78411055,0.3802198,0.6509009,0.94871795,0.24786326,1.0880195,0.9284403,0.54573643,1.0425824,0.51594204,0.15837105,0.5116279,0.42807627,0.34008095,0.48725215,0.13207547,0.37154993,0.12886597,1.069869,0.5872483,0.15562913,0.15555555,0.12444445,0.5912596,0.60554373,0.98882693,0.6871509,0.6296296,0.78947365,0.96,0.5567485,0.4562044,1.1703057,1.149847,0.7551929,0.92993635,0.9270217,0.40950227,0.4555556,0.5187794,0.5572034,1.4126506,0.6223958,0.5107527,0.8907767,0.8108108,0.6579805,0.8231708,0.5542636,0.60693645,0.8636364,0.91540134,0.61731845,0.7616438,0.6750572,0.66804975,0.5484496,0.55583125,0.46341464,0.56161135,0.88842976,0.71636367,0.5505319,0.4214286,1.1554054,0.48379627,3.995545178
209035_at,0.90127385,0.4507772,0.42197806,0.8265766,0.46153846,1.2264957,0.5794621,0.30458716,0.53023255,0.40521976,0.5565218,1.0746607,0.87441856,0.61698437,0.68218625,0.5807366,1.1584907,0.40976647,0.7010309,0.90393025,0.5637584,0.6192053,1.6703703,1.14,0.48843184,0.36460555,0.2178771,1.5111732,0.5163399,0.5451127,0.77199996,0.6349694,0.86131394,0.65065503,0.24464831,0.45697325,0.46496817,0.4852071,0.42081448,0.10158731,0.94366205,0.51059324,0.66566265,0.3671875,0.14516129,0.5970874,0.8378378,0.54723126,1.2439024,0.5697674,0.109826595,0.54066986,1.1019523,0.12849163,0.8931506,0.34096107,0.5788381,0.16860464,0.42183623,0.60310423,0.1042654,0.2231405,0.24727273,0.5611702,0.12857144,0.18243243,0.537037,3.382733394
47105_at,0.9076433,0.54404145,0.8857143,0.7072072,0.67564106,0.99572647,0.55256724,0.64403665,0.56589144,0.6456044,0.8898551,0.9592761,0.63255817,1.1091855,0.6497975,0.5807366,0.46037737,0.60934186,0.6185567,0.9868996,1.090604,0.8907284,0.6740741,0.6266667,0.6041131,0.7953091,0.70391065,0.9162012,0.62309366,0.7180451,1.5799999,0.4877301,0.79562044,0.6593887,0.77370024,0.48961422,0.66242045,0.5029586,0.5520362,0.5190477,0.52347416,0.5805085,0.53614455,0.39322916,0.80645156,0.58252424,0.7387387,0.6775244,0.31707317,0.36627907,0.9739885,0.7631579,0.46420825,0.77653635,0.34246576,0.4965675,0.76970947,0.58914727,0.3622829,0.6208426,0.5094786,0.4504132,0.9418181,0.57446814,0.74761903,0.99999994,0.81249994,3.366538342
209698_at,0.82802546,0.7253886,0.53626376,0.5427928,0.83717954,1.0854701,0.78728604,0.6330275,0.751938,0.73901093,1.4927536,0.46832582,0.67906976,1.422877,0.7408906,0.8498584,1.5660378,1.774947,1.1082474,0.35807863,0.6140939,0.78807944,0.8444444,1.08,0.5938303,0.80383795,1.5418996,1.5083799,0.62091506,1.1541353,1.2759999,0.8435583,1.321168,0.57641923,0.20489295,0.29080117,0.64755845,0.9191321,1.1108598,0.5253968,0.15023474,0.940678,0.8102409,0.1796875,0.12903225,0.32038835,0.2027027,0.80130297,1.2012196,0.7732558,0.6271677,0.90909094,0.7635575,0.15921788,0.21643835,0.26773453,1.0933609,0.41472867,0.19602978,0.81152993,0.76066345,1.107438,0.52363634,0.8164894,0.24523811,0.18243243,1.3935184,3.149998515
206102_at,0.5509554,1.0397236,0.978022,0.8851351,1.075641,0.6965812,0.34474328,0.97798157,0.83875966,1.4780219,1.6927537,0.85067874,0.6744186,1.1369151,0.7044534,1.121813,0.8113208,1.1974523,0.78350514,1.3056769,0.69798654,0.7615894,0.9481482,1.0177778,0.61439586,0.9339019,0.64245814,0.8882682,0.72549015,1.1992481,0.684,0.9907976,1.3321168,0.75327516,0.9388379,0.7670623,0.8216561,0.8106509,0.71040726,1.0253968,0.8239437,0.5444915,0.71385545,0.6848958,0.48387095,0.7597087,0.7094594,0.78175896,0.45731708,0.9612403,0.66184974,0.784689,0.8286334,0.7458101,0.4712329,0.6864988,0.6244813,0.8023256,0.5210918,0.64745015,0.5663507,0.3966942,0.5672727,1.0265957,0.5809524,0.4797297,0.66898143,3.093504009
220082_at,1.1273886,1.3022453,0.8813187,1.0067568,0.6717949,0.508547,1.0195599,0.7743119,0.27596897,1.0810438,1.4434782,1.7760181,1.172093,0.8960139,0.8117408,0.8498584,0.9358491,0.29936308,1.1030928,1.4672489,1.2583892,1.4337747,1.1555556,1.3533334,1.3007711,0.8550106,0.64804476,0.9748604,1.1808279,0.924812,1.132,0.57668716,0.850365,0.7139739,0.9510703,0.615727,1.0382167,0.3688363,0.44117647,0.6396826,0.63615024,0.5148305,0.83433735,1.1067708,0.55376345,0.9053398,0.7905405,0.4495114,1.1097561,0.9224806,0.9884394,0.5909091,0.55748373,0.4385475,0.8356164,1.0343249,0.5497925,0.6356589,0.9429281,0.47893572,0.43838862,0.35537192,0.54181814,0.8590425,1.2214286,0.9729729,0.6527778,3.001084243
211966_at,0.67834395,0.746114,0.745055,0.536036,0.73333335,1.017094,0.9022005,0.4770642,0.77984494,0.67307687,0.9652174,0.7850679,1.3302326,0.6551126,0.7004048,0.88951844,0.8566038,0.53927815,1.1082474,1.2663757,0.7483221,0.75496686,0.8148148,0.46000004,0.92544985,0.52238804,0.7709498,0.5055866,0.6165577,1.1578946,0.664,0.43558285,0.6788322,0.28602624,0.50764525,0.23738872,0.8237792,0.3846154,0.48190045,0.45238099,0.3028169,0.4088983,0.43373492,0.9895833,0.45698923,0.26456308,0.3648649,0.84039086,0.39634147,0.627907,0.58092487,0.7344498,0.7505423,0.6983241,1.8246574,0.41418764,0.659751,0.46705428,0.4540943,0.5609756,0.56872034,0.93801653,0.47636363,0.69414896,0.6309524,1.1891892,0.52777773,2.952309149
217617_at,1.1050956,1.1260794,0.8219781,0.5608108,0.9525642,1.931624,0.75061125,0.5688073,1.0139536,0.56730765,0.742029,1.2058823,1.7488371,1.8093588,1.3461539,0.9348442,0.9056604,0.8811041,1.6701032,1.0524018,0.80536914,0.8245033,1.6148148,0.31777778,0.6735218,1.3176972,1.0335196,1.6703911,0.90631807,0.83834577,0.7,0.85429454,1.0766424,0.8449782,0.29357797,0.7893175,1.0297241,0.58579886,1.1515838,0.69682544,0.5258216,0.470339,0.4457831,0.6432292,0.27956986,0.7014563,0.6644144,1.6026059,1.9024391,0.8255814,0.7861272,0.9880383,0.64859,0.3547486,0.22739726,0.36384436,0.9377593,0.8624031,0.6476427,0.69844794,1.1018957,0.4504132,0.4109091,1.1622341,0.74285716,0.12837838,1.5046296,2.884685146
207571_x_at,0.53503186,0.44559586,0.84175825,0.98198193,1.0461538,0.49572653,1.0391198,0.7889908,1.0604651,1.9271977,0.8666667,0.51357466,1.0232558,1.0970538,1.5323886,0.9858357,1.1509434,1.2484077,0.2216495,1.1921397,0.8590604,0.8543046,0.9888889,1.1844444,1.0514139,1.0895522,0.97206706,1.0167599,1.0108932,0.09398496,1.7919999,1.0858897,0.86131394,1.6266377,1.2201835,1.0727003,1.2866243,1.1696253,0.8642534,1.4222223,1.2065729,1.1165254,0.95481926,1.5286459,1.3064516,1.42233,0.9504505,0.9381107,0.51829267,1.3488371,1.0057803,1.1315789,1.0759219,1.1536313,1.3397261,1.2242563,1.0228215,1.9573643,1.2258065,1.5742794,0.9502369,1.5991735,1.6581817,1.6117021,1.1142857,1.6756755,1.7731481,2.879455304
215977_x_at,0.5700637,0.9689119,0.7032967,1.0135134,0.7935898,0.55128205,0.9388753,0.77064216,0.6108527,0.82554936,0.8521739,0.9343892,1.1209302,0.7036395,0.83198375,0.74787533,0.72075474,0.66454357,0.9226804,2,0.64765096,0.5397351,0.4,0.7666667,0.8123393,0.5159915,1.055866,0.5139665,0.6383442,0.97368413,0.50799996,0.58435583,0.3248175,0.89737993,0.795107,0.82047474,0.9171975,0.5424063,0.21719459,0.6619048,0.43896717,0.7711865,0.105421685,0.6067708,0.5268817,0.6359223,0.5563063,0.64169383,0.39634147,0.6705426,0.16184972,0.5909091,0.8004339,0.932961,0.69863015,0.5423341,0.3858921,0.29651162,0.46898264,0.37028828,0.91469187,0.041322313,0.58181816,0.6356383,0.45,0.18918918,0.8541667,2.868730597
220323_at,0.45541403,1.2642486,0.73626375,0.89639634,0.48846152,1.4358975,0.85330075,0.640367,0.91782945,0.60851645,0.81739134,0.5565611,1.4465116,1.0294628,0.7672065,0.9121813,0.5924528,0.7707007,1.1185567,2.231441,1.6442952,1.0430464,1.2259259,0.9533334,1.3110539,0.72281456,0.83798885,0.54469275,0.7276689,0.9586466,0.204,1.5153376,0.8686132,1.128821,0.9510703,0.60089016,0.6602973,0.68441814,1.1945702,0.16666667,0.7323944,1.1843221,0.98192763,0.6848958,0.27956986,0.106796116,0.36036035,0.247557,0.4695122,0.14147288,1.2138729,0.5191388,0.483731,0.76815647,0.9205479,1.0091532,0.719917,0.40697673,0.99751866,0.18181819,0.02606635,0.2644628,1.4218181,0.92287236,0.8738096,0.13513513,0.22453703,2.582161168
206721_at,1.289809,1.0500864,1.567033,1.5585585,1.1679487,1.2008548,1.0513448,1.2110091,1.5736434,1.7554945,1.826087,1.4049773,0.85116273,1.388215,1.1194332,1.3201133,1.1245283,1.3779194,1.314433,0.97379917,1.0201342,1.4139073,1.488889,1.4866667,1.3419023,0.90191895,1.3743018,1.3491621,1.1895424,1.1428571,0.57199997,1.185583,1.4270073,1.478166,0.98470944,1.1172106,1.2420382,1.1459566,1.0701357,1.8873017,1.2558686,1.1716102,0.93674695,0.9244791,0.5053763,1.0703883,0.8986487,1.1986971,0.74390244,1.2112403,0.73988444,1.409091,1.1952277,0.91061455,0.8438356,1.2151029,0.6431535,1.2267442,1.2084367,0.86917967,1.5213269,0.8471074,0.96363634,0.9787234,1.1166667,0.6081081,0.84722215,2.578447458
221581_s_at,0.72292995,0.164076,0.2769231,0.15765765,0.48589745,0.25213677,0.45721272,0.19999999,0.48372093,0.55219775,0.32173914,0.71945703,0.32093024,0.15077989,0.38259107,0.7138811,0.19622642,0.4161359,0.23195876,0.5895197,0.09731544,0.9569536,0.3814815,0.7911111,0.3470437,0.6012793,0.18435755,0.61731845,0.7320261,0.15789472,0.74,0.23312885,0.55474454,0.38646293,0.4831804,0.8605341,0.57961786,0.83629197,0.4479638,0.4793651,1.0516433,0.57627124,0.61746985,2.205729,0.6290322,0.5436893,0.16666667,0.37459284,0.66463417,0.3468992,0.97109824,0.56937796,0.24078092,0.575419,2.2465754,0.13501143,0.65145224,0.58914727,0.83870965,1.2749447,0.53317535,0.9958678,0.31272727,0.7819149,0.6309524,0.41216213,0.48148146,2.493341353
213523_at,0.4968153,1.1364422,1.0153847,0.7477478,1.0269231,1.2393162,0.9535452,1.025688,1.0294573,2.0590658,1.5913044,1.7126696,1.4558139,0.897747,1.2773279,0.9575071,1.5132076,1.477707,1.1494845,1.4410481,1.1644295,1.3509933,1.3074074,1.1222223,1.0771208,1.3944563,0.98882693,0.8184358,1.0718955,1.3120301,1.54,1.1763804,1.1131388,0.80567694,1.562691,0.76557857,1.1443738,0.83629197,0.9751131,1.020635,0.96948355,1.0338984,1.4277109,0.6276042,1.4838709,0.72330093,0.7657657,1.0814333,0.38414636,0.91085273,0.8728324,0.6100479,0.79175705,0.8715084,0.48493153,0.83295196,0.92116183,0.92635655,0.98263025,0.45454547,0.5094786,0.74380165,1.1927272,1.0292554,1.2761905,1.4256756,1.0162038,2.442429566
47530_at,1.0732485,1.0604491,1.3428571,1.1216216,1.1871794,1.0128206,0.7237164,0.9706422,1.1193798,0.60164833,0.62318844,0.69004524,0.84651166,1.0051993,0.8643725,1.0566572,1,0.92356694,0.82474226,1.1091703,1.3154362,1.0695363,1.0407407,0.6622222,1.0642673,1.1364605,0.726257,1.865922,1.3594772,1.0338346,1.048,0.7254602,1.1459855,0.6724891,0.9357798,1.4272996,0.8917198,1.5088757,0.93891406,1.3317461,1.3896714,1.720339,1.0903615,1.3880208,0.89784944,1.2597088,1.385135,1.6449511,0.9207317,1.0562016,0.9393064,1.3875599,1.0824295,1.9329609,1.2465754,0.9771167,1.1286306,1.9748062,0.9702233,1.3547672,1.2867298,1.0123967,1.0036364,1.0797873,1.502381,1.2364864,1.5185184,2.345529889
212589_at,1.5605096,1.4749569,1.1274725,1.2094594,1.1243589,1.2393162,1.1320293,1.5247705,1.3937985,1.3392856,1.1913043,1.3959277,1.5395348,1.3743502,1.3279352,1.1529746,1.1773585,1.5180469,0.9072165,1.069869,1.2281878,1.0463576,1.5962963,1.3244444,0.6426735,1.0511727,1.4078213,1.3826816,1.4836601,1.6842104,1.0919999,1.4493866,1.970803,1.0633188,0.94189596,0.96735895,0.92569005,1.0276134,1.2262443,1.5000001,1.2910799,1.0381356,0.9096385,0.9791666,1.2473118,1.0509708,0.7477478,1.2149837,0.9390244,0.8410853,1.0924855,1.3229666,0.91540134,0.7597766,1.369863,0.8192219,0.8360995,1.2228682,1.1091812,0.67184037,1.1042653,0.78512394,1.08,1.1117021,0.98333335,1.1283784,1.1273148,2.310491185
210127_at,1.5541401,2.2469776,1.2043957,1.581081,1.024359,1.2307693,0.87286067,1.2348624,1.275969,1.043956,0.95942026,1.1923077,0.77674425,0.932409,0.8663967,1.4957507,1.1924529,0.6921444,0.077319585,0.61572057,1.2248322,1.0298012,0.937037,1.34,1.4884318,1.0277185,1.1899441,1.3296089,0.5185185,0.73308265,1.024,1.559816,0.660584,1.5938866,1.0214068,1.7997032,2.0106158,1.6291913,1.4457015,1.6095239,1.9553992,1.4237288,1.5210843,2.1406248,1.8118279,1.7063107,2.1013515,0.9381107,0.7378049,1.2325581,1.5924855,1.0550239,1.0954447,2.3212292,1.1123288,1.2379862,1.5705392,1.2674419,1.7990074,1.1485589,1.514218,1.785124,0.9309091,0.60372347,1.9023811,2.4797297,0.6967592,2.26975309
209542_x_at,0.14649682,1.8566494,0.52087915,0.87387383,1.3153846,0.05982906,0.53056234,0.029357797,0.62015504,0.19230768,0.69855076,0.28054297,0.13953489,0.13171577,0.44129553,0.7422097,0.09056604,0.42038217,0.7525773,0.11790394,0.053691275,0.39735097,0.27407408,0.5822223,0.089974284,0.9936034,0.13407822,0.3687151,0.6056645,0.06390978,0.308,0.5935583,0.26277372,0.97379917,1.3944952,0.56973296,0.58174103,1.3155818,0.14027148,0.6333334,0.9788733,0.4894068,0.5391566,0.7786458,2.5591395,1.0800971,0.9932432,0.6319218,0.20731708,1.1046512,1.1965319,1.0143541,0.44902387,0.27374303,0.25753424,0.6842105,0.74273854,0.74418604,0.6501241,0.751663,1.3578198,1.6528926,0.11636364,0.13829787,0.95476186,1.1418918,0.22685185,2.244885487
207172_s_at,0.96496814,1.4870466,1.7318683,1.259009,1.3269231,1.0897436,1.6454768,1.3045871,1.1038759,1.1318681,1.1246377,1.5203619,0.8976744,0.9705373,1.0242914,0.694051,0.9056604,0.65817416,0.29381442,0.35807863,0.32885906,0.6192053,0.22962962,1.2377778,0.8354755,0.793177,0.5139665,0.55307263,1.2222222,1.2255638,0.98800004,1.27454,0.45985407,1.268559,2.3975534,1.2744807,0.90445864,1.7100592,0.8438914,1.1190476,1.4272301,1.3008475,1.4066265,1.1093749,2.3064516,1.5364077,1.382883,1.1791531,1.5853659,0.6492248,1.2745665,1.3875599,1.5878525,1.3910615,1.5013698,0.9610984,0.8091286,0.9224806,1.1960298,1.1219512,1.4241705,0.9421487,1.3672726,1.2180852,0.9166667,0.7094594,1.1828703,2.197889125
205984_at,1.2515924,2.0034542,0.7824176,1.599099,1.7025641,0.21367522,0.9388753,2.1522934,1.1333333,1.2815933,1.226087,0.7307692,0.08837209,0.6880416,1.7753036,1.2266289,0.38867927,0.8237792,0.45360824,0.4497817,0.9597315,1.3245033,0.7814815,0.8577778,1.2133676,1.2729211,1.1061453,0.6536313,1.5882354,0.49999997,1.7839999,1.4785278,0.3394161,2.338428,2.3119264,1.5252225,1.8747348,1.6587771,0.581448,1.0920635,2.6079812,1.3665254,1.379518,1.6666666,2.2849462,1.5024272,1.7027026,0.6188925,0.8719512,1.6860465,1.2919075,1.4521532,1.8481561,1.5027933,0.43013698,1.4187642,1.3630704,1.5620154,1.4044665,1.8381376,2.0734596,2.3264463,0.85090905,1.7978723,1.9595239,1.195946,0.5,2.143279664
219231_at,1.2929935,1.3678756,1.1252748,1.2882882,1.1397436,1.7735044,1.8973105,1.6605504,1.2697674,2.1991758,2.3217392,1.0837104,1.9069767,1.3292894,0.95141697,1.082153,1.3698113,1.4734609,1.4329896,1.3231442,0.93624157,1.0860927,1.1333333,1.3777778,1.4473007,1.1876333,1.2793297,1.206704,0.90631807,2.1240602,1.0719999,1.1180983,1.2518249,1.1703057,0.53211004,1.087537,1.1698514,0.87376726,0.5972851,1.4920635,1.0821596,1.2436441,0.9909639,1.7291666,1.1505376,0.8398058,1.1463964,1.1172638,1.4512196,0.8333333,1.2080926,1.5598086,1.1800435,1.1061453,1.4520547,1.1350113,1.0311203,1.1705427,1.0942928,1.2439024,0.8436018,0.9256198,1.3127272,1.1356384,0.7857143,0.9864865,1.4027777,1.974677036
221780_s_at,0.933121,1.476684,0.83736265,1.5067568,1.2115384,1.0256411,2.1075795,1.3174312,1.1410853,1.206044,1.1739131,1.4298643,1.5302327,1.4003466,1.0951416,0.91501415,0.89056605,1.700637,1.3659793,1.3056769,0.8456376,0.67549664,1.8703704,0.6844444,0.69922876,1.3752666,1.027933,1.0977654,1.4771242,0.8421052,1.236,1.6042945,0.79197085,1.746725,2.330275,0.95845693,1.29724,1.6370809,1.8054299,1.4015875,1.3732395,2.0487287,1.3885541,1.4817709,0.81720424,1.711165,1.2837838,1.237785,1.0487806,1.5116279,1.6416185,1.8779905,1.5075922,1.3882682,1.7479452,1.3867276,1.5497924,1.0174419,1.4615386,1.4966742,1.5853081,1.1528925,1.2654545,1.4627659,1.55,1.5472972,1.5208333,1.822108072
214785_at,1.3535032,2.2797928,1.7758243,1.4459459,1.9384615,1.8589745,1.4792175,2.3009174,1.6511627,2.1071427,1.8057971,1.6606336,1.2511628,2.2062392,2.1032388,2,0.76981133,2.025478,1.3092784,1.2358079,2.0503354,1.2715232,1.7481482,1.5422223,1.3059125,1.859275,1.4916202,1.1564246,0.993464,2.3195488,0.67199993,1.7438651,2,1.1899564,0.81345564,1.2759644,1.3014863,1.1972387,1.6380091,2.630159,1.3943663,1.4618645,1.3584336,1.2838541,0.7365591,0.97330093,1.0923424,1.7719871,0.99390244,1.2790698,1.2514452,1.65311,1.8156182,1.5027933,1.2465754,1.7208236,0.95228213,0.9612403,1.3225807,1.1064303,1.0758294,0.58677685,0.79272723,1.3351064,1.5785716,0.9594594,1.0046296,1.626057363
208893_s_at,1.5031848,1.775475,2.356044,1.4549549,1.9910257,0.20940171,1.6943766,1.8825687,1.3674418,0.06730769,0.08405797,0.19004524,0.21860464,0.17331022,0.8279352,0.42776206,0.39245284,0.34394908,0.087628864,0.07860262,0.27181208,0.90066224,0.7777778,0.6666667,0.18251927,1.6673774,0.18435755,0.06983241,2.372549,0.09398496,0.864,2.555215,0.21167885,3.5174675,2.5871558,0.73145396,1.6581742,1.923077,0.8936652,1.8079367,1.3568076,1.8241526,1.1385541,1.2734375,2.5322578,1.487864,0.5135135,0.9055374,0.09146342,0.875969,2.2254336,2.9545455,1.6550977,0.37430167,1.3671234,0.76659036,2.4813275,1.6492248,0.20843671,1.7760533,1.8056871,2.198347,0.3090909,2.0452127,1.0214286,1.1824324,0.84027773,1.587321904
204493_at,1.3025478,1.6787565,1.7186813,1.4752252,1.6038462,1.1111112,2.5256724,1.8220184,2.587597,1.0796702,1.1739131,1.1764706,0.84651166,1.2253033,1.4190283,1.1926346,1.4867926,1.0764332,1.2938144,1.0567687,1.100671,0.75496686,0.6555556,1.1177778,1.6812339,1.4115138,1.1731844,0.9608939,1.1154684,1.1090225,0.664,0.96012276,1.0912409,1.8624456,2.0366971,1.3249258,1.0806795,2.2998028,0.8529412,1.673016,1.0657278,1.9216101,1.6174698,1.71875,1.6827955,1.4368932,1.6306306,1.1661237,1.3780488,1.6492248,1.8872834,1.7392344,1.7613883,1.659218,1.9287672,2.6659038,1.9564315,1.2015504,1.593052,1.6075389,1.3104265,2.0991735,1.1199999,1.125,1.4380953,1.3783783,1.2337962,1.527608631
207180_s_at,1.4267516,1.4680483,1.1516484,2.2432432,1.821795,1.965812,2.2860634,1.9155962,1.5162791,0.7843406,0.6144928,1.1877829,1.0418605,1.0138649,2.1619434,1.470255,1.7358491,1.6454353,0.5463918,1.4410481,1.466443,1.0033112,1.1629629,1.8088889,1.2879176,1.4754797,0.76536316,1.8351955,1.9346405,1.7067668,1.828,1.5690186,1.1240876,1.8427949,1.5076451,1.9896142,1.4033971,1.5798817,0.9253394,1.2952381,2.5140846,1.9957627,1.5783132,1.21875,2.3010752,1.3640777,1.2815316,2.0781758,1.6280489,2.3275194,1.7369943,1.2535886,1.5010846,1.849162,3.0630138,1.8558351,1.9356846,1.9186046,1.5707196,2.337029,2.2417061,2.3347106,2.5636363,1.268617,1.8785715,2.5743241,2.5277777,1.35373213
210639_s_at,1.0191083,2.2037997,1.0483516,1.9932432,2.048718,0.70512825,1.5770171,1.5944954,2.420155,1.723901,1.9449276,1.0542986,0.73023254,1.0554593,1.5708501,1.1019831,0.86415094,1.2208068,1.1597939,1.2751093,1.5973153,1.4470198,0.7037037,1.7333333,1.8997428,1.5565032,1.8994415,0.9692738,1.6688453,0.7706767,1.64,1.2423314,0.6058395,2.6637557,3.0458715,1.6913946,1.7961785,1.8737673,0.9638009,1.4507937,2.0845072,1.947034,1.4307228,1.4765625,1.4408602,1.6237864,2.3986485,1.3583062,1.5182927,1.7344961,1.6791908,1.6961724,2.0954447,2.0530727,1.7479452,1.6544622,1.6141078,1.5736433,1.9851117,1.547672,2.0758293,1.698347,0.8727273,1.5079788,1.8928572,1.7229729,0.95138884,1.304978412
219260_s_at,2.0286624,2.8445597,1.49011,2.1846848,2.5782053,1.2564102,1.376528,2.3339448,1.8930233,1.2596153,1.8202899,0.87104076,1.1999999,0.7677643,1.3157895,1.1926346,0.554717,1.7983016,1.6340207,0.51091707,1.8355705,1.7715231,0.8333333,1.0111111,1.763496,1.4733475,1.3519554,1.659218,2.2875817,0.8458646,2.448,2.483129,0.7591241,1.9061137,2.1314983,2.0994065,2.0106158,2.861933,1.5384616,1.2746032,2.1549296,2.3432205,2.810241,1.640625,3.4516125,2.3592231,2.6554053,0.990228,1.2621952,1.9127907,2.2745664,2.2177033,2.5878525,2.3798883,1.2958903,2.3913043,2.4273858,1.622093,2.08933,1.9512196,1.9715638,2.7561982,0.93454546,2.0957448,2.2190475,3.1216216,2.0208333,1.175282009
220691_at,0.36942676,1.4473231,0.7978022,0.6981982,0.92435896,0.7478633,0.39608803,0.9541284,0.44341084,0.962912,0.73913044,0.83484167,1.0139534,0.13691509,0.9676113,0.69121814,0.8943397,0.8174098,1.8298969,5.0000005,0.7718121,0.78145695,0.6074074,0.6244445,0.73521847,1.0127932,0.5363129,0.7206704,1.5468409,1.4586465,1.308,1.0475461,0.08394161,0.36244544,0.5688073,0.37833828,0.50530785,0.8639053,0.7285068,0.48571432,0.34741786,0.5084746,0.29819274,0.4609375,0.68817204,0.5315534,0.3963964,0.5504886,1.0060976,0.7015504,0.4248555,0.4736842,0.28850326,0.6703911,0.7150685,0.3340961,0.52282155,0.8352713,0.34987596,0.28381377,0.7559241,0.3016529,0.4981818,0.122340426,0.48333332,0.33108106,0.8726852,1.080079438
205404_at,0.9458599,1.1450778,1.3582418,1.2162162,1.4205129,1.6111112,2.1931539,1.2844036,1.5457364,1.2417582,0.86956525,1.076923,1.2604651,0.7261699,2.8360324,1.6203966,1.2075472,0.6921444,0.41237113,1.3493451,1.7583892,2.642384,2.4851851,1.108889,2.8251927,1.6162047,1.9106147,1.9385476,1.2897604,1.5902255,2.316,1.5812885,0.5583942,2.0982533,2.2201834,2.689911,1.1380043,1.6232742,1.0429864,1.4761906,1.9741784,1.6525424,1.7259035,1.25,1.1774193,1.6650485,2.3175676,2.8175895,1.042683,2.8585272,2.82948,1.7464116,1.6420823,1.8603352,3.7315068,2.1693363,2.0207467,1.3062016,1.8833747,1.9844791,1.9170616,2.7024794,4.2181816,2.069149,2.1904762,2.2229729,2.9675925,0.967395407
220335_x_at,1.0828025,1.5319515,1.8395604,1.3603604,1.0897436,2.1452992,1.5183374,0.99999994,1.751938,1.35989,1.0318841,1.7126696,2.2,1.9740036,1.5769231,1.9490086,2.0075471,1.8386413,2.3402061,3.358079,1.7818791,1.6390728,2.0148149,1.0511111,1.7660667,1.7270789,1.5530727,1.877095,1.2461873,2.7706764,1.436,1.888037,2.2408762,1.1462883,1.0795107,0.9955489,1.4033971,1.0019724,1.5067873,1.6095239,1.3450705,1.5911016,1.5030121,1.015625,1.7150537,1.5849515,1.4234234,1.2052118,2.0060978,1.4089147,0.76589596,1.6459332,1.8416487,1.4106146,1.2328767,1.3729976,1.6244813,1.1143411,1.0024815,1.4345899,0.92890996,1.0495868,1.9381818,1.1702127,1.4095238,1.0675676,1.8356482,0.967269287
214686_at,2.1114652,1.6027634,2.3736265,1.8671172,2.6166668,1.7264959,2.782396,2.6348624,3.308527,2.6675823,3.1275363,2.5633485,2.4232557,3.081456,1.9574897,2.9093485,2.1471698,1.997877,1.5412371,1.7161573,1.8456376,2.0596025,2.5592592,2.1311111,2.125964,2.9594884,1.452514,2.1256983,2.5163398,2.3759398,2.8799999,2.9509203,2.6277373,2.0458515,2.795107,1.3620178,1.5583866,2.270217,2.199095,1.7428573,3.056338,1.6906781,1.8042169,2.328125,2.112903,1.776699,2.5315316,1.325733,2.5548782,2.4089148,1.3583815,2.8349283,1.6117138,1.7849163,1.7643836,1.7391304,2.0373442,1.8217055,1.4367247,2.6186254,1.549763,2.231405,1.6181818,1.9893619,1.9619049,0.8986486,1.9166666,0.860474363
216375_s_at,1.8821656,2.7374785,1.5186813,2.7815316,2.3846154,1.7863249,1.589242,2.7669723,1.620155,1.1991758,1.2376812,2.10181,0.6232558,1.1802427,1.7570851,1.5949008,0.7622642,1.549894,2.1597939,1.6375546,2.261745,1.7880794,1.2777778,2.1933334,1.6143957,2.5671642,1.5865922,1.4776537,3.3703704,1.3646616,2.1239998,1.834356,1.2518249,3.2838428,2.7828746,1.9421363,2.203822,3.035503,1.8371041,1.1809524,2.57277,1.881356,2.3915663,2.3359373,2.8225806,2.461165,2.2635136,2.3452768,1.6585367,1.9108527,2.7109828,2.2129188,1.8893709,3.0391064,2.2246575,2.208238,2.6369293,1.507752,3.240695,2.5099778,2.779621,4.1115704,2.2072728,2.5398936,2.3119047,3.3445945,0.90509254,0.792287473
221249_s_at,1.1974522,1.6632125,1.7164835,1.7927927,1.4551282,2,2.0831294,1.4880733,1.5875969,2.7870877,2.5913045,2.1176472,1.6651162,2.3639514,1.4939271,1.7847025,2.4867926,2.2611465,2.329897,1.5458517,1.885906,1.8973509,2.0222223,2.06,2.0514138,1.8422176,2.290503,1.7178771,1.7973856,3.0451126,2.096,2.1395707,2.5693433,1.1637555,1.9847095,1.5474777,1.4394906,1.5029585,1.6764706,1.909524,1.8192489,1.8093221,1.4879518,1.4791666,1.5967741,1.4587377,1.4887387,1.7719871,1.890244,1.3197674,1.7109828,1.4066986,1.835141,1.3938549,2.8246574,1.8032037,1.4937758,1.6879845,1.9404466,1.3170732,1.8056871,1.3966942,2.0545454,1.5372341,1.6642858,1.9999999,1.6458333,0.747538624
201354_s_at,1.0923567,2.043178,3.2351649,1.3716216,1.8397436,2.2692308,2.2347188,1.9247706,1.8852713,3.690934,1.9188405,2.1085973,3.3581393,2.3760834,2.2044535,1.4844193,3.0867927,2.2462847,3.185567,2.0349345,1.5503355,1.5298012,3.5962963,2.1244445,2.215938,1.9211087,1.3743018,2.2122905,2.43573,2.3571427,2.156,2.7070553,3.4160585,1.7030568,1.8990824,1.9272995,2.0191083,1.9447732,2.6312218,1.8111112,1.8098592,2.2733052,1.4518071,2.2083333,1.9301075,1.5995146,0.8783784,2.348534,1.3414634,1.9282945,1.4450867,1.5430622,1.3817787,2.4608939,1.4164383,1.729977,2.039419,1.4302326,1.394541,1.1995566,2.0142179,1.8636363,1.7963636,1.8005319,1.9309524,2.2229729,2.4583333,0.698486919
202414_at,2.6433122,2.4542315,1.9120879,1.4999999,1.6807693,2.8931623,1.396088,2.411009,2.3472867,2.5384614,2.310145,2.178733,2.9534883,3.7833624,2.291498,2.4532578,1.637736,3.1613588,3.1134021,2.144105,1.8825502,1.9701986,3.2962964,2.728889,2.5758352,2.5522387,2.7597768,3.5279331,2.4553375,2.9398494,2.456,2.0828223,2.551095,2.7314413,1.2324158,2.037092,2.7452233,2.4201183,1.617647,3.509524,1.6455399,3.0254238,1.8072288,1.5416666,0.9032257,1.6213592,2.054054,2.247557,2.682927,1.9050388,1.7514452,2.4186604,1.570499,2.4217877,2.1890411,1.3867276,2.033195,1.6744186,2.2307694,2.660754,1.5450236,1.1900826,3.3163633,1.4361702,2.0261905,0.85810804,2.511574,0.680234102
201363_s_at,2.5700636,2.2521589,2.4263737,2.5495493,2.8371797,2.0811968,2.5647922,2.517431,2.4744186,2.767857,2.1768117,1.7036201,1.7255813,1.4939342,3.0728745,2.189802,1.4113208,2.4479833,2.1907215,0.8864629,2.0973153,1.678808,1.3518518,1.4511112,2.1799486,2.3283582,2.4189944,1.9357544,2.3376906,1.8796991,1.188,2.2730062,2.1678834,3.2205243,2.5137613,2.6246288,2.2717624,3.1045363,1.7692307,2.477778,3.5140846,2.92161,1.6746987,2.2395833,1.3172042,2.9538834,2.9369369,2.2345276,1.2804878,2.8914728,2.0057805,3.0047848,2.4728851,1.6061454,2.5808218,2.7780318,2.6078837,3.403101,3.325062,3.742794,3.5331755,1.8595041,2.712727,2.5345745,3.252381,2.8716216,3.363426,0.668553438
208894_at,0.589172,0.77202076,0.2923077,0.9572072,1.5256411,0.17521368,0.74816626,1.0752293,0.7209302,0.760989,0.4289855,0.65384614,0.38139534,0.71923745,0.9068826,0.8045326,0.12075472,0.5414013,0.9536082,1.5065503,1.0067114,1.9569535,1.1666666,1.0200001,1.6169665,0.91684437,0.25139666,0.42178774,0.708061,1.1503758,1.104,1.9861964,0.6131387,0.72270745,1.6636086,1.3175074,1.0318471,1.7061144,0.88235295,0.5539683,1.2511737,0.99788135,1.4186746,7.4375,2.344086,1.7330097,0.5878378,1.4723127,1.4634147,1.1976744,2.150289,0.7344498,0.73969626,1.1675978,1.2547945,0.7597254,1.0269709,0.7015504,2.8610423,2.2815967,1.0900474,1.3140495,0.9490909,1.4813831,0.9619048,0.8175675,1.375,0.661780516
209688_s_at,2.1401274,2.0414507,1.923077,2.0608108,2.325641,1.8504274,1.8899755,1.5009174,1.8356589,2.2335165,2.2695653,1.540724,1.6232558,2.1785095,2.5445342,2.03966,1.909434,2.1295118,2.072165,1.0349346,2.1174495,1.7483443,2.0259259,1.9666667,2.1516707,1.7185501,2.2569835,1.4469274,1.9215685,2.0037594,2.4199998,2.381902,3.613139,1.7423582,1.9021406,1.5074183,2.0360937,1.6666667,1.7873304,2.0857143,1.8521128,2.2394068,1.7740964,1.5989584,1.6182795,2.012136,1.8198198,2.2638438,1.347561,1.9244187,1.6531793,1.8277513,1.0715835,1.5083799,1.6465753,1.535469,1.5663899,1.6046512,1.394541,1.5742794,1.5236967,1.5950413,2.3054545,1.3643618,1.5595238,0.9527027,2.0416665,0.658114326
202867_s_at,1.6560509,2.0241797,2.167033,1.376126,1.801282,1.0470086,1.5256724,2.1651375,2.448062,0.907967,1.0724638,1.20362,1.4976745,1.7105719,1.9493927,1.6685553,1.883019,1.3439491,1.2061856,1.1310045,1.7214764,2.2350993,1.9962964,1.5622224,1.5655526,2.0362473,1.5586593,2.1424582,1.875817,1.6428571,2.156,2.4984663,1.1970804,2.956332,2.4525993,2.3887239,2.161359,1.8086785,2.3642535,1.368254,1.5399061,1.1737288,2.0873494,3.0234375,2.7096775,2.684466,2.6036036,1.8501629,1.6707318,1.9302325,1.7832371,2.4258375,1.2017354,2.1675978,1.2849315,2.2631578,1.6556016,1.6782945,2.5210917,2.179601,1.9597155,3.0785124,1.8145454,1.4627659,1.804762,3.8648648,2.613426,0.597934531
217981_s_at,2.0509555,1.986183,1.3912088,2.7117116,2.2128205,1.6794872,1.806846,2.7302752,2.6759691,2.0590658,2.4173913,1.321267,1.1999999,1.5337955,2.0647774,2.0056658,2.064151,2.2208068,1.4381443,1.3406115,1.5838926,2.281457,1.337037,2.02,2.082262,2.0788913,2.2569835,1.5251397,2.0479302,2.218045,2.04,2.4616566,1.5182482,2.4192142,2.889908,2.2715135,2.0509555,2.5285995,1.7579185,1.8428572,2.0985916,2.2817798,1.7349397,1.7083333,2.844086,2.143204,2.009009,1.7882737,2.042683,1.9670542,2.5780346,1.8995216,3.1713665,2.5167599,2.5150685,2.231121,1.9585061,2.3372092,2.6451614,1.8403549,2.5971563,3.2479339,1.8654544,1.925532,3.007143,3.027027,2.0625,0.591941069
205695_at,1.0127388,0.58721936,1.301099,0.9279279,0.9,2.2564104,7.7261615,1.4587156,1.2434108,0.85439557,0.73333335,1.4411765,1.5906976,1.6204506,0.9089069,2.3172805,1.4415095,1.626327,4.0360827,1.5545852,1.4127516,1.2748344,1.3481482,1.2755556,1.1645243,1.2196162,1.0446929,2.0111732,1.1808279,2.142857,1.436,1.6303682,2.1934307,0.78602624,0.9755351,1.0637982,0.7940553,0.71005917,2.1153846,1.1444445,1.185446,0.90466106,0.560241,1.0130209,1.672043,0.8082524,0.6801802,1.4071661,2.640244,0.79457366,0.6763006,0.90909094,0.7223427,0.55586594,2.1972601,1.1647598,0.5103734,1.0910852,1.2109181,0.6119734,1.0189573,0.95454544,1.9781818,1.5159575,0.3904762,1.3986486,1.6365739,0.362822294
216457_s_at,2.9140127,2.4853194,2.591209,2.8851352,2.5435896,2.3504274,2.4327629,2.7229354,2.8387597,1.811813,2.110145,1.6877828,1.6511627,1.1819757,2.8218622,2.7563741,2.3471699,2.1422508,1.6907216,0.8515284,1.9261745,1.7218542,1.2222222,1.9555556,1.7069408,3.326226,2.0055869,2.3910615,2.1960785,2.086466,2.816,3.1119633,1.7262775,3.0742362,5.3577976,2.2566767,1.819533,2.366864,2.5769231,2.4190476,3.2793427,3.118644,3.2198794,2.440104,3.0376341,3.0242717,2.1193693,2.175896,2.2500002,2.7558138,1.8034683,3.755981,3.7483733,5.103352,2.6027398,2.6064072,2.5290456,2.9612403,2.1364765,2.6186254,2.5592415,4.049587,3.5927272,2.6462767,2.0690477,3.0067565,2.6550925,0.234758589
219377_at,1.6910828,2.0949914,2.3032968,3.2927926,2.5166667,1.8376069,3.3154035,2.546789,2.7891471,2.656593,2.42029,1.861991,1.5395348,0.87001735,3.1497977,1.858357,3.3132076,1.9469215,2.7216494,1.279476,2.9832215,1.9470198,2.0037036,2.7822223,2.1131103,2.82516,1.5977654,2.726257,3.0544662,1.3270676,3.024,2.650307,2.1532848,3.3449783,1.9541284,3.0534124,2.29724,3.4260354,3.6244345,2.888889,3.1807513,3.17161,3.0602407,1.9791666,3.1827955,2.514563,2.4572072,4.019544,1.4390244,2.5717053,2.9277458,3.2846892,2.4967463,2.980447,4.1424656,2.299771,2.877593,3.7693799,2.2952855,3.277162,3.5331755,5.392562,3.810909,3.3776596,2.3738096,2.5,2.736111,0.209266638
203637_s_at,2.191083,1.580311,2.2131867,1.6689188,2.0282052,4.636752,1.7212714,2.6055045,2.1209302,1.3749999,2.136232,3.3846157,5.451163,2.4350088,1.9291499,2.2209632,3.0792453,2.1104035,9.608247,2.6200874,1.3758389,2.4834437,1.7370371,2.26,1.1902313,2.098081,1.6648045,2.2094972,1.7843138,2.6616542,1.268,1.9156443,3.0145986,1.0917032,0.6269113,2.2225518,0.7685776,1.8836292,2.1945703,2.0841272,2.741784,2.197034,1.1686746,1.0859375,1.4838709,1.4999999,0.6869369,2.7263844,5.2865853,1.0562016,1.2572255,0.9449761,1.2321041,0.86312854,5.147945,1.4256293,0.76970947,1.4360465,0.90322584,1.0354768,2.1682463,0.76859504,5.581818,2.5159574,0.92857146,0.7635135,2.8287036,-0.021170646
212866_at,2.2611465,3.5474956,2.265934,3.222973,2.9320512,1.5940171,2.4303179,3.1724768,2.0589147,3.6813185,2.9913044,2.1583712,2.623256,2.440208,2.4352226,2.470255,3.135849,3.4670916,2.4793813,2.5109172,2.4664428,1.281457,2.3037038,1.988889,2.218509,3.2686567,3.8379889,3.405028,3.5642703,2.1127818,3.1039999,2.9693255,2.6605842,4.707424,4.0886846,2.8456972,2.8110404,2.8856018,3.4095023,2.8063495,2.7323945,2.7182205,3.2891564,3.0703125,2.5913978,3.2063107,2.9391892,2.4364822,2.0487804,2.7073643,2.8063583,3.3229663,3.5097616,2.480447,2.8849316,2.95881,2.838174,4.331395,3.1364765,4.756098,3.6540282,4.363636,2.4581816,3.6914895,3.3714287,3.081081,3.8402774,-0.057742556
213594_x_at,3.2197452,3.7547495,2.4747252,5.083333,4.374359,1.9786325,2.4596577,2.3816514,4.7968993,3.4079669,3.6434782,1.5226245,1.4558139,1.1733102,2.1437247,4.354108,2.2943397,3.1061573,2.4896905,2.49345,2.5704696,3.7516556,1.8185185,2.9955556,2.437018,2.8720682,3.497207,1.9748603,2.7625272,1.793233,2.112,4.030675,1.9014599,3.8253276,2.8165135,2.7373886,2.787686,3.2011836,2.1651583,2.5904763,3.4319248,4.038136,3.5572288,4.0625,3.4677417,3.434466,3.8333333,3.7296417,2.5792682,3.2228682,2.3352604,3.7775118,4.1279826,5.2262573,4.978082,4.613272,4.2157674,4.713178,3.4665012,3.4412417,3.383886,2.5330577,2.509091,3.3936172,3.147619,3.351351,2.5509257,-0.059682323
201898_s_at,2.7261147,2.9775474,2.8000002,3.4436934,3.2076924,1.9700855,3.0611246,3.2568805,3.2015505,3.6002746,2.3536232,1.8031673,1.9209301,1.8596188,2.8502023,2.7733712,1.7207547,2.5583866,1.6907216,2.0174675,2.419463,2.178808,1.6296296,2.3266666,2.3547556,2.6993604,3.2960896,2.0502794,2.583878,2.3270676,2.268,2.685583,2.2408762,3.2423582,3.883792,3.2997031,2.9320598,3.0927024,1.8574661,2.5809526,3.3403757,3.3241525,2.4849396,3.4921875,3.5376344,2.9368932,3.06982,2.3843648,2.2743902,3.114341,3.1907516,3.949761,3.3383946,3.234637,2.8136985,3.1990845,3.226141,3.261628,2.8734493,2.9866962,3.819905,2.5578513,2.461818,2.6356382,2.4476192,2.1824322,2.5555556,-0.15609593
211890_x_at,3.2292995,1.7996546,2.8505495,3.9211712,3.1666667,2.4786325,6.625917,2.7743118,2.5178294,2.6785712,0.75942034,1.6764706,1.2232558,1.3951473,4.805668,2.6713881,3.6566038,4.889597,1.5412371,2.5065506,4.862416,3.5993376,6.5851855,2.8555555,3.7275062,3.9850745,2.0223465,4.312849,3.858388,2.7218044,6.544,2.8374236,2.4562047,6.368996,3.7492352,5.6038575,2.7473462,3.627219,2.4660635,3.1269844,3.5938969,3.6525424,5.900602,2.0572915,4.801075,3.618932,3.5337837,3.6026058,1.5609757,5.1705422,4.0057807,3.5813398,1.4468546,3.2150838,8.613698,5.5423336,4.3630705,5.498062,3.4267993,8.8603115,2.8672984,9.677686,8.850908,6.156915,5.0023813,4.466216,9.664351,-0.158025976
213921_at,7.2356687,19.167532,3.8813188,8.299549,21.852564,2.0726497,9.488997,18.278898,8.658915,8.618132,5.463768,4.402715,0.42790696,5.1802425,13.981781,12.620397,1.8301888,4.770701,1.3092784,1.4934499,6.6208053,12.059603,5.92963,4.106667,3.737789,15.7675905,8.575419,4.365922,12.411765,2.9323306,7.672,11.590491,4.8868613,19.353714,14.905198,15.967358,12.380043,12.856016,7.60181,8.268255,22.03756,11.264831,14.28012,12.3828125,13.849462,16.553398,13.804054,7.52443,1.1280488,13.51938,14.034683,19.555025,13.778742,8.9776535,3.2027397,14.9794035,13.641078,11.331395,16.521091,13.485589,21.374407,15.053719,4.5745454,17.015957,10.473809,15.216215,3.0023146,-0.163807585
206245_s_at,3.3407645,2.925734,2.397802,3.3288288,3.2461538,2.5299146,3.6528115,3.198165,4.376744,3.4162085,1.8927537,2.561086,2.8930233,1.7105719,3.089069,2.8895185,1.4528302,3.012739,1.5103092,1.3799127,2.372483,2.6059601,1.6481482,1.8155556,2.81491,3.3901918,2.9553075,2.064246,3.2396514,1.3834585,1.5919999,2.6472394,2.0255475,4.9039307,2.740061,3.5712163,3.6539283,3.846154,2.2692308,3.7539685,4.4225354,4.423729,2.5542169,2.5572915,2.2311826,2.2451456,3.6238737,3.2996745,1.4024391,4.0542636,2.2109828,2.88756,3.6854663,2.5949721,4.7260275,2.757437,2.6431534,3.9166667,3.2208438,4.3481154,2.9739335,2.8842976,3.9963636,2.6728723,3.0261905,2.162162,3.6412036,-0.193088053
208503_s_at,3.4363058,2.896373,2.9626374,4.3040543,3.3820512,2.2649574,2.8117359,3.5100915,3.683721,2.837912,2.2956522,2.5339367,2.0697675,1.8232236,3.8522267,3.3342776,2.3660378,3.339703,1.6494845,1.1310045,3.671141,2.9271524,2.4592593,2.9622223,2.9023135,4.191898,2.7374303,3.2541902,3.010893,2.2255638,3.044,3.5828223,2.3357666,3.482533,2.119266,4.8961425,3.4522297,3.8323472,3.1855204,3.4063494,3.6384978,2.8855932,3.3855422,2.1197917,2.3817203,3.7281554,4.216216,3.2996745,2.9756098,3.4689922,3.1329482,2.5287082,3.110629,3.592179,3.1342466,3.9016016,4.358921,4.494186,3.890819,6.57428,3.270142,4.3842974,2.8363636,4.3484044,3.5595238,4.04054,6.240741,-0.245720359
200766_at,1.7802548,2.6753023,2.7494507,2.198198,2.4948719,1.9017094,3.1540341,2.5633025,2.6372094,2.381868,2.2086957,1.647059,1.8000001,1.4159445,3.2955465,2.818697,1.6490567,2.1273887,2.5824742,1.3056769,2.6644294,2.4039733,1.3851852,3.3155556,2.6452441,2.8763325,3.2625701,3.5111732,2.0479302,1.6992481,3.9879997,3.5153377,1.3357664,3.3668125,3.969419,3.1839762,2.416136,2.56213,2.2579186,2.5603178,2.3051643,2.0381355,2.8042166,2.0390625,2.8172042,3.381068,2.7207208,1.752443,2.695122,3.6976745,4.2052026,3.4593303,3.2646422,2.9748604,2.4438355,4.1807775,2.4232364,2.8294573,2.7915633,3.9512196,2.9715638,5.838843,1.9745454,4.18883,4.202381,2.7094593,2.6574073,-0.308885957
219798_s_at,2.0732484,2.699482,3.4373627,2.8085585,2.0653846,3.9658122,3.0171149,2.4862385,4.1953487,1.9903845,2.2550726,3.4298644,6.4465117,2.1473138,4.8259106,2.325779,2.9471698,3.3269641,3.0773196,1.6637555,2.7315435,2.6059601,3.9814816,2.6777778,3.0976863,5.1215353,3.0000002,3.4832404,2.3747277,3.755639,6.088,4.055215,3.0401464,3.740175,3.9327216,4.2537093,3.4968154,4.001972,3.1832578,4.663492,2.8732395,3.4088984,4.394578,3.3072915,3.9516127,4.5752425,4.047297,4.7198696,3.5731707,3.8333335,3.8930635,4.633971,3.7722342,4.9217877,3.3260274,3.9359267,3.3547716,3.612403,3.1439207,3.7738361,2.869668,4.483471,4.163636,4.507979,2.642857,3.2635133,3.747685,-0.760925242
200987_x_at,3.8980892,4.6580315,3.9824176,4.1666665,4.480769,2.7863247,2.4963324,4.289908,5.324031,3.7046702,2.9449275,3.2828057,3.0651164,2.8474872,4.502024,3.305949,2.6150944,3.3205945,3.628866,1.6855896,4.3590603,3.6721854,1.9296296,3.9644444,3.9305909,5.272921,4.9385476,3.337989,5.143791,2.1353383,5.0239997,3.745399,2.1642337,5.8078604,7.1957183,3.864985,3.666667,5.0493097,3.5113122,4.471429,4.7253523,4.2033896,4.3795176,4.2942705,3.376344,5.211165,5.1644144,3.6710098,2.4756098,5.3100777,5.5867057,6.105263,5.778742,5.6899443,3.4547944,5.7368417,5.112033,4.47093,4.92804,4.2350335,5.220379,8.177686,2.7090907,3.3085108,5.2976193,4.385135,3.3217592,-0.97388389
201551_s_at,4.11465,3.5112264,5.90989,5.0495496,5.3794875,3.9615386,4.875305,6.152293,5.4465113,8.833791,2.431884,4.074661,1.572093,1.6620451,3.8097165,4.2549577,3.683019,5.5159235,2.0927835,1.6157206,2.724832,3.7715232,4.2777777,3.7955558,4.2030845,5.10661,3.251397,3.4525142,5.3551197,2.6503758,9.832,4.7070556,2.9452555,7.9890833,4.6972475,6.7344213,3.4607222,5.775148,3.504525,4.638096,4.4342723,2.7351696,5.9548187,5.606771,7.387096,4.5339804,6.594594,5.4169383,2.7865856,5.3914733,6.3468213,4.2822967,5.1236444,4.50838,5.2246575,8.308925,4.2157674,6.358527,5.3275433,9.101996,5.040284,11.020661,2.9927273,6.449468,5.4285717,4.574324,6.4699073,-1.043984403
201853_s_at,3.4840765,3.998273,4.4835167,4.358108,4.126923,3.0683763,3.8753057,3.3467886,3.1007752,3.7307692,3.136232,3.1968327,2.3116279,3.4800694,3.8603237,4.566572,4.6679244,4.180467,2.8556702,2,2.7516778,3.5695364,2.4,3.0800002,4.8020563,5.5181236,3.6648047,4.9804473,4.409586,2.3421052,5.272,3.4708593,3.733577,3.9497817,6.2599382,4.617211,3.4670916,3.8737671,4.350679,4.2333336,4.779343,5.4025426,3.822289,3.5703125,5.704301,5.5485435,3.8130631,5.4299674,3.0914636,4.9980617,4.589596,5.3540673,3.9088936,4.153631,3.8356164,4.0274596,3.76556,4.7306204,4.369727,5.381375,4.3933644,6.1735535,4.1854544,4.8563833,4.188095,5.189189,3.925926,-1.070261457
201394_s_at,5.3248405,6.2383423,5.054945,6.9549546,6.374359,3.4572651,6.1026897,5.244036,6.3565893,4.4436812,5.6492753,3.622172,2.9069767,3.7383015,6.1356277,5.164306,3.5811322,6.167729,2.6082473,1.8558953,5.234899,5.5298014,3.4185185,5.146667,5.7146525,6.2452025,7.1061454,6.536313,5.769063,3.7142856,7.16,6.703988,3.9306571,9.246725,7.5321097,6.6913943,4.7112527,5.44576,4.540724,6.536508,6.7300477,6.0720344,4.933735,5.8489585,6.3709674,6.441747,5.8738737,5.876221,3.030488,7.0038757,6.514451,6.7583733,5.043384,5.0502796,4.2767124,6.4256287,6.821576,6.523256,5.9255586,5.909091,5.746445,10.066115,6.436363,6.6781917,6.454762,7.5337834,6.888889,-1.277707407
201998_at,2.8980892,3.7115717,3.0725276,5.3063064,3.9884617,1.9914529,2.6210268,4.855046,4.462015,2.3351648,2.9449275,2.5135746,3.3488371,3.032929,3.7894735,3.1784701,3.664151,4.2972403,3.185567,2.262009,2.9093957,6.284768,2.4851851,4.442222,3.881748,3.673774,5.223464,2.969274,3.8104575,5.699248,5.38,4.61043,3.620438,4.8275113,8.49847,4.416914,3.8067944,5.076923,3.4705882,4.1126986,5.8615026,4.440678,2.870482,4.8567705,7.3118277,4.148058,3.7027025,3.0358305,5.6768293,4.1220927,4.410405,5.1698565,4.2039046,4.536313,3.8630137,3.221968,4.26141,4.4573646,5.387097,5.031042,4.5734596,5.2685947,3.9563637,3.8005319,4.8809524,6.3986483,2.4976852,-1.306611297
201274_at,5.8726115,3.877375,3.5824177,6.833333,4.5833335,2.482906,4.9168706,6.416514,5.6511626,5.9615383,5.5014496,2.683258,2.888372,4.1421146,5.7408905,4.7308784,4.8339624,5.050956,2.871134,2.0524018,5.318792,4.201987,3.151852,4.46,4.1542416,5.206823,6.6983247,5.215084,5.664488,2.18797,8.98,7.067485,2.7299273,5.7969437,10.944954,4.715133,4.2399154,6.193294,3.8733032,5.573016,8.0422535,4.9788136,5.1596384,5.552083,7.1451607,5.305825,5.238739,4.289902,3.5609758,5.317829,5.8988442,7.5622015,6.464208,5.748604,4.0520544,5.5835238,5.446058,5.6337214,6.6178665,5.124169,5.125592,10.392562,5.5418177,6.1117024,5.9904766,7.858108,3.8611112,-1.520640239
217932_at,4.2070065,5.4542313,3.6263738,3.8738737,4.2602563,4.786325,3.6577017,5.8036695,5.0248065,3.5892854,5.4869566,3.6131222,2.9813952,3.5649912,4.356275,4.0623226,2.4641511,4.0721874,5.2989693,2.2925766,4.154362,4.814569,3.6333332,4.324445,5.1362467,4.8187633,4.6424584,4.3296094,4.385621,3.075188,6.332,4.794479,2.9854016,4.8056774,7.6269107,3.7462907,4.656051,5.341223,4.479638,4.3238096,4.887324,5.4555087,6.14759,4.973958,4.817204,5.0339804,4.382883,4.4820848,4.3170733,5.1744184,5.245665,5.6674643,5.3449025,6.064246,3.6164384,5.668192,4.8236513,3.9166667,5.503722,4.8137474,4.5663505,6.7272725,3.4981816,4.0292554,5.578572,6.168919,3.2685184,-1.529475254
203197_s_at,3.257962,4.376511,3.6703298,3.5495496,3.9512823,2.3846154,4.6601467,4.133945,4.9085274,3.4945052,4.121739,2.8981903,2.7813952,4.171577,4.242915,3.6940508,4.3886795,4.2590237,2.8144329,2.8733628,3.5536911,3.9271522,2.5481484,3.76,3.974293,4.5692964,3.8715088,4.586592,4.4814816,2.3533833,5.976,4.429448,3.372263,6.1310043,7.336391,4.7922845,4.131635,3.7475345,3.6606336,4.2761908,4.830986,4.71822,3.8704817,3.3255208,6.9838705,4.291262,5.6126122,3.5179152,2.6158538,4.162791,4.5,4.980861,5.21692,4.5111732,2.460274,4.416476,4.703319,4.746124,5.049628,5.048781,5.13981,6.2851243,3.56,4.8404255,4.2,6.9864864,4.247685,-1.560063285
218495_at,2.6496816,3.5716753,2.5076923,4.858108,3.9384618,2.9786325,3.8826406,4.533945,4.4217057,3.7994504,4.272464,2.5746608,3.7581396,3.0242634,5.1356273,4.8328614,5.6415095,4.7813168,4.025773,3.4803493,3.9932885,3.7582781,2.7222223,3.6488888,4.8560405,4.4648185,5.932961,4.9720674,4.2766886,2.4398496,6.8840003,5.2116566,2.6788323,6.2576423,6.513761,4.5341244,3.0042465,4.189349,3.8574662,4.2380953,5.093897,5.0826273,4.6596384,3.7265625,4.725806,4.1213593,4.7094593,3.9771986,3.7256098,4.763566,4.16474,5.270335,5.748373,4.6452518,5.7534246,4.2974825,4.892116,5.5949616,4.1885858,6.3237257,5.798578,6.780992,6.643636,4.9707446,4.8238096,5.486486,5.49537,-1.594395567
212496_s_at,4.5191083,3.7322972,4.3274727,4.247748,4.5217953,6.5042734,4.6577015,4.899082,6.3503876,5.086538,3.7826087,4.565611,5.2976747,5.258232,4.3036437,4.9490085,4.9509435,5.8683653,5.3865976,3.4323146,3.057047,3.8907285,7.4740744,3.2755556,4.200514,4.716418,3.9664807,4.874302,4.7429194,4.2368417,4.7879996,5.7745404,7.9452558,4.155022,4.3180428,4.7181005,3.679406,4.6134124,6.047511,3.9523811,5.232394,3.8368647,3.695783,2.9401042,3.424731,4.106796,3.68018,4.7198696,2.432927,4.418605,3.0722547,3.7248805,3.2711499,2.7430167,2.468493,3.4462242,4.6950207,5.5542636,3.682382,4.179601,3.575829,3.9917355,4.1781816,4.994681,3.9261904,2.9729729,6.270833,-1.700401079
218281_at,3.914013,3.9291883,3.043956,5.218468,5.0307693,2.8888888,4.202934,4.8733945,4.995349,4.0219774,4.684058,2.8031676,3.52093,3.5129983,6.3380566,4.9546742,4.0867925,4.8959665,3.9175258,3.4803493,5.9194627,5.92053,4.674074,5.217778,4.699229,5.3027716,6.128492,3.8407824,6.041394,3.879699,6.648,4.3665648,3.281022,6.2794766,7.0550456,5.648368,4.2250533,5.096647,3.3280544,4.6873016,6.492958,5.8135595,5.2228913,5.4453125,5.38172,5.0922327,5.3355856,4.2214985,4.0060973,6.218992,6.0606937,5.043062,4.6572666,6.069833,4.241096,6.0983977,4.885892,6.01938,4.816377,7.4478936,4.246445,5.5082645,5.0945454,5.526596,6.8023815,6.932432,5.256944,-2.021724398
217984_at,3.5636945,3.2366147,3.4439561,5.076576,4.1615386,3.3504274,3.6650364,5.088073,3.7612405,4.6950545,4.7797103,3.6334844,3.5069768,3.5303292,3.791498,4.86119,3.5962267,4.023355,3.5824742,2.703057,4.0503354,4.029801,3.251852,3.5622225,5.526992,5.0767593,4.044693,3.8798883,6.540305,2.8759396,6.54,4.4447856,4.4051094,4.3930135,4.2874613,5.283383,3.0828028,4.684418,4.959276,4.4333334,4.089202,5.625,5.0361443,10.2109375,5.983871,5.752427,4.0495496,5.1140065,3.140244,5.2616277,5.0491333,5.311005,3.659436,5.469274,3.9945207,3.2860413,5.4107876,4.9379845,5.94541,5.7827053,5.106635,5.355372,3.4945452,5.138298,6.3,5.466216,3.6643517,-2.13306959
210136_at,24.751593,14.92228,16.687912,9.06982,19.31282,20.615385,17.141808,7.1412845,6.404651,18.347527,8.08116,8.658372,2.6604652,10.668977,10.230769,20.832863,10.037736,14.806796,4.268041,3.9737995,9.620806,18.238409,24.47778,16.355556,14.377891,7.974414,12.98324,22.745811,20.610022,7.7142854,19.844,10.736197,22.937958,29.072054,10.807339,21.771513,21.93206,24.512821,13.895928,13.393651,23.514086,9.597458,9.632529,11.213542,16.268816,21.62864,18.360361,17.807817,5.4268293,34.001938,14.098267,19.071772,12.006508,26.307264,21.7863,12.1670475,26.145226,13.232558,20.617867,53.700665,21.14692,24.02066,20.498182,23.571808,7.6285715,20.35135,39.23148,-2.552084683
201386_s_at,9.471337,9.352332,6.026374,8.756757,7.9064107,3.8076923,8.171149,8.082568,10.182945,10.504121,6.7710147,5.1402717,7.627907,3.6377816,7.8866396,8.592068,7.2754717,5.163482,5.1237116,3.004367,7.6375837,6.63245,4.1666665,6.5333333,10.311053,9.594883,8.642458,5.3184357,7.2897606,3.5676692,8.148,6.61043,5.565694,11.111354,17.171253,7.62908,7.7048836,8.808679,4.2624435,7.325397,13.298122,8.862288,7.2409635,11.4869795,14.854837,8.490291,9.324325,5.9185667,6.445122,8.903101,10.858382,10.866029,8.234274,8.793296,10.786302,8.636155,8.1742735,8.934109,7.369727,8.419069,8.805687,10.458677,6.843636,6.369681,7.0833335,8.054053,7.5740743,-2.665422264
202313_at,6.968153,8.25734,7.3142858,10.488739,8.258975,5.598291,9.880196,9.256881,9.555038,10.280219,7.617391,4.9298644,5.260465,5.6776433,9.510121,9.736545,8.275472,8.456476,5.097938,3.965066,8.657718,8.980133,6.0814815,8.577778,10.305912,10.481876,8.905028,8.76257,9.148148,5.1353383,11.784,8.2361965,7.1131387,8.735808,13.051987,9.786349,7.044586,9.451677,7.176471,7.92381,9.220657,8.669492,8.41265,9.822917,9.801075,9.691747,10.191442,7.8436484,9.268293,10.358527,10.286127,9.241627,6.5032535,8.438548,13.619178,9.846682,8.921162,9.949613,9.114143,10.463415,8.42654,12.942149,10.719999,8.484043,8.080953,11.236486,9.738426,-3.537719664
208996_s_at,6.9808917,8.880829,7.6527476,9.63964,7.769231,5.846154,8.704156,8.455046,7.9782944,9.083791,7.214493,5.9547515,4.7953486,6.216638,7.0404854,8.365438,7.7433963,8.613589,5.118557,4.091703,6.5604024,7.566225,5.296296,7.493334,6.5886884,7.5650315,8.011173,8.315643,8.019608,5.887218,10.651999,10.013804,5.7080293,10.002184,11.400611,7.8694363,7.9830155,8.483235,7.549774,7.284127,9.389671,7.5635595,9.039157,9.6276045,13.301074,9.953883,7.9752254,8.947884,7.042683,8.614341,10.33526,9.882775,9.590022,9.430168,7.663014,9.318078,9.176348,7.3139534,9.186105,8.4434595,9.251184,11.53719,5.7854548,7.478724,8.504763,9.047297,4.9699073,-3.654136393
202857_at,7.7356687,10.12608,8.189012,9.06982,8.892307,5.965812,8.6577015,10.422018,9.522481,9.200549,7.7797103,7.809955,6.139535,8.977469,10.852226,10.730878,11.811321,10.617835,7.350516,5.0174675,9.171141,13.625828,7.4407406,8.268889,9.03856,10.420043,11.525141,10.452515,10.640523,8.804511,10.331999,9.019938,9.642337,11.945415,14.727828,9.540059,8.430999,9.684419,9.524887,9.934921,11.859156,10.900424,10.391566,10.346354,12.435483,10.847087,10.259008,8.8925085,6.4268293,11.067829,9.228324,9.849283,11.7396965,10.416202,9.498631,9.338673,11.008298,12.637596,10.133995,13.261641,10.57109,12.657024,12.887272,10.952127,9.554762,10.614864,12.8310175,-4.622290029
201145_at,7.0191083,8.5095,6.516484,10.2139635,8.817948,5.0641026,6.574572,10.381651,9.537985,6.082417,8.089855,6.29638,5.460465,6.119584,9.248987,8.592068,9.184906,10.677283,6.7628865,5.49345,6.795302,9.125828,6.5222225,8.900001,7.0668373,9.353945,9.743017,10.142459,9.830066,8.428571,11.988,9.961658,5.8649635,11.617904,13.516819,8.149851,7.3673043,8.282051,7.699095,8.585715,11.795775,9.93856,9.084337,8.239583,14.161289,7.881068,8.114864,7.4039087,11.97561,8.653101,7.947977,9.739235,9.826465,9.103353,9.142466,9.352403,9.109958,9.300387,10.540943,10.4434595,9.407582,12.338843,6.643636,8.81117,11.473809,10.648648,7.902777,-4.65311559
208726_s_at,10.633758,15.806563,9.446154,15.603603,14.396154,7.7692313,10.848411,15.987155,16.728682,12.028846,11.959421,5.80543,11.227906,7.7521663,13.380567,15.305949,10.362265,12.477708,12.252577,6.537118,11.61745,13.556291,7.0666666,10.72,11.172236,12.641791,14.994414,10.2905035,14.694989,7.8609023,12.628,12.881903,5.5583944,13.462882,25.012232,14.086053,10.414014,14.652861,8.391403,11.384128,18.19249,14.305085,14.265059,17.354166,16.666666,11.499999,11.914414,8.5114,9.841463,12.643412,14.930635,17.629187,14.2429495,13.097766,24.750685,14.782608,12.551867,15.953488,14.977667,14.753881,14.805686,18.706612,15.694545,14.898937,13.128572,12.729729,15.212963,-5.325704018
200048_s_at,10.573249,12.853195,10.661539,13.639639,13.7615385,8.602565,10.427873,14.700917,15.269768,13.9423065,12.689855,7.0022626,10.158139,10.095321,13.178138,13.320114,12.954717,16.188961,11.572165,6.432315,12.2651005,14.63245,7.1259255,9.997778,13.403599,15.304904,17.558659,13.37151,15.529411,6.590225,19.551998,13.4800625,9.729928,15.131005,20.507643,13.507419,12.252654,14.023669,11.115385,13.350794,15.913147,16.097458,13.951807,14.7786455,15.080645,15.830097,14.436936,9.553745,8.487805,14,13.500001,17.311005,14.809111,16.27933,11.063013,14.185354,14.622405,15.420543,14.930522,15.401331,15.753553,20.607439,12.487272,15.250001,15.111905,16.128378,12.349537,-6.14988758
218034_at,13.923568,22.075993,15.087913,16.536036,16.93718,11.1410265,15.0684595,16.363302,18.367441,15.4972515,18.107246,9.253394,8.432558,11.807626,16.67004,16.342777,14.735849,17.692146,10.412371,13.545853,14.104026,16.172184,14.633333,14.220001,16.915167,16.411514,18.675978,17.430168,16.342047,10.515038,28.208,19.349693,10.062045,25.299128,28.253822,18.712164,13.736732,15.976332,12.361992,16.444445,19.805164,17.894068,20.084335,13.2838545,20.12903,15.679611,19.786036,13.231271,10.731708,18.782946,18.83815,19.421053,15.206074,21.751398,12.065753,18.951944,19.300829,20.422482,14.51861,25.3459,17.971563,34.768597,17.73091,21.577127,18.926191,32.344593,17.68287,-8.265162525
210338_s_at,69.77707,92.48359,78.80879,106.31306,90.78846,45.871796,93.66014,95.09724,77.432556,66.56181,85.159424,32.68552,20.967442,19.876951,67.09717,84.46742,37.2,53.481956,26.819586,11.57642,88.65436,78.70199,19.762962,60.675556,83.712074,92.9936,113.60894,49.086597,76.588234,22.943607,97.048,69.757675,20.229927,127.04586,115.532104,75.04896,86.38642,86.62722,41.73077,64.3127,84.3216,85.631355,85.677704,86.05469,128.26343,87.28155,97.82658,60.361565,33.780487,92.97286,102.24567,107.04785,88.008675,94.79889,92.55069,91.08695,81.9834,90.41473,91.915634,91.50333,98.36256,113.3719,34.072727,73.34309,95.03571,104.77026,34.229164,-11.53104381
218200_s_at,32.471336,39.542316,30.916483,42.923424,35.83205,29.803421,33.581905,41.616512,40.263565,31.81181,49.075363,29.26923,30.753489,33.81456,40.82186,42.974506,34.596226,40.6879,41.211338,21.733625,37.090607,51.149002,25.444445,35.024445,34.334187,44.452026,56.87151,40.7514,41.843136,22.357141,56.564,45.657978,32.383213,49.213978,67.88379,35.03709,37.575375,42.353058,35.011314,35.67778,47.171364,47.523308,50.978912,37,56.27419,39.67961,46.317566,34.654724,23.445122,40.846897,45.30925,49.748806,50.490242,43.754192,34.769863,43.574368,45.73651,49.94186,42.55087,52.434593,45.523693,61.169422,40.076363,48.11702,45.29286,65.47297,36.942127,-21.64788869
Group,bipolar,bipolar,bipolar,bipolar,bipolar,bipolar,bipolar,bipolar,bipolar,bipolar,bipolar,bipolar,bipolar,bipolar,bipolar,bipolar,bipolar,bipolar,bipolar,bipolar,bipolar,bipolar,bipolar,bipolar,bipolar,bipolar,bipolar,bipolar,bipolar,bipolar,bipolar,bipolar,bipolar,control,control,control,control,control,control,control,control,control,control,control,control,control,control,control,control,control,control,control,control,control,control,control,control,control,control,control,control,control,control,control,control,control,control,
