ID_REF,200048_s_at,200766_at,200987_x_at,201145_at,201274_at,201354_s_at,201363_s_at,201386_s_at,201394_s_at,201551_s_at,201853_s_at,201882_x_at,201898_s_at,201998_at,202313_at,202414_at,202608_s_at,202857_at,202867_s_at,203197_s_at,203637_s_at,204014_at,204493_at,205404_at,205695_at,205699_at,205984_at,206102_at,206245_s_at,206488_s_at,206721_at,207172_s_at,207180_s_at,207571_x_at,207656_s_at,208503_s_at,208538_at,208726_s_at,208893_s_at,208894_at,208996_s_at,209035_at,209542_x_at,209688_s_at,209698_at,209821_at,210127_at,210136_at,210338_s_at,210639_s_at,211582_x_at,211890_x_at,211966_at,212496_s_at,212589_at,212769_at,212866_at,213098_at,213523_at,213594_x_at,213921_at,214441_at,214686_at,214785_at,214826_at,215516_at,215653_at,215943_at,215977_x_at,216334_s_at,216375_s_at,216457_s_at,216498_at,216905_s_at,217617_at,217932_at,217981_s_at,217984_at,218034_at,218186_at,218200_s_at,218281_at,218495_at,219231_at,219260_s_at,219377_at,219798_s_at,220082_at,220323_at,220335_x_at,220691_at,220766_at,220876_at,221249_s_at,221380_at,221581_s_at,221780_s_at,47105_at,47530_at,AFFX-ThrX-5_at,Group
GSM317385,10.573249,1.7802548,3.8980892,7.0191083,5.8726115,1.0923567,2.5700636,9.471337,5.3248405,4.11465,3.4840765,0.4012739,2.7261147,2.8980892,6.968153,2.6433122,0.07324841,7.7356687,1.6560509,3.257962,2.191083,0.38853502,1.3025478,0.9458599,1.0127388,0.37261146,1.2515924,0.5509554,3.3407645,0.50318474,1.289809,0.96496814,1.4267516,0.53503186,0.06687898,3.4363058,0.12101911,10.633758,1.5031848,0.589172,6.9808917,0.90127385,0.14649682,2.1401274,0.82802546,0.2356688,1.5541401,24.751593,69.77707,1.0191083,0.34394905,3.2292995,0.67834395,4.5191083,1.5605096,0.4713376,2.2611465,0.5573248,0.4968153,3.2197452,7.2356687,0.21974523,2.1114652,1.3535032,0.6210191,0.3280255,0.53503186,0.31210193,0.5700637,0.050955415,1.8821656,2.9140127,0.31210193,0.3152866,1.1050956,4.2070065,2.0509555,3.5636945,13.923568,0.098726116,32.471336,3.914013,2.6496816,1.2929935,2.0286624,1.6910828,2.0732484,1.1273886,0.45541403,1.0828025,0.36942676,0.37261146,0.035031848,1.1974522,0.22292994,0.72292995,0.933121,0.9076433,1.0732485,0.21656051,bipolar
GSM317386,12.853195,2.6753023,4.6580315,8.5095,3.877375,2.043178,2.2521589,9.352332,6.2383423,3.5112264,3.998273,0.17271158,2.9775474,3.7115717,8.25734,2.4542315,0.112262525,10.12608,2.0241797,4.376511,1.580311,0.8963731,1.6787565,1.1450778,0.58721936,0.33678758,2.0034542,1.0397236,2.925734,0.037996545,1.0500864,1.4870466,1.4680483,0.44559586,0.21243525,2.896373,0.07772021,15.806563,1.775475,0.77202076,8.880829,0.4507772,1.8566494,2.0414507,0.7253886,0.39205527,2.2469776,14.92228,92.48359,2.2037997,0.08290156,1.7996546,0.746114,3.7322972,1.4749569,0.17789292,3.5474956,0.7081174,1.1364422,3.7547495,19.167532,0.78411055,1.6027634,2.2797928,0.31606215,0.3074266,0.20207253,0.034542315,0.9689119,0.022452503,2.7374785,2.4853194,0.110535406,0.21243525,1.1260794,5.4542313,1.986183,3.2366147,22.075993,0.33678758,39.542316,3.9291883,3.5716753,1.3678756,2.8445597,2.0949914,2.699482,1.3022453,1.2642486,1.5319515,1.4473231,0.27979276,0.08117443,1.6632125,0.06908463,0.164076,1.476684,0.54404145,1.0604491,0.20725389,bipolar
GSM317388,10.661539,2.7494507,3.9824176,6.516484,3.5824177,3.2351649,2.4263737,6.026374,5.054945,5.90989,4.4835167,0.41318682,2.8000002,3.0725276,7.3142858,1.9120879,0.52087915,8.189012,2.167033,3.6703298,2.2131867,0.36483517,1.7186813,1.3582418,1.301099,0.45934066,0.7824176,0.978022,2.397802,0.2769231,1.567033,1.7318683,1.1516484,0.84175825,0.052747257,2.9626374,0.06373627,9.446154,2.356044,0.2923077,7.6527476,0.42197806,0.52087915,1.923077,0.53626376,0.7032967,1.2043957,16.687912,78.80879,1.0483516,0.13626373,2.8505495,0.745055,4.3274727,1.1274725,0.30989012,2.265934,0.5912088,1.0153847,2.4747252,3.8813188,0.3802198,2.3736265,1.7758243,0.4087912,0.14065935,0.3802198,0.21758242,0.7032967,0.03736264,1.5186813,2.591209,0.14285715,0.23516484,0.8219781,3.6263738,1.3912088,3.4439561,15.087913,0.26373628,30.916483,3.043956,2.5076923,1.1252748,1.49011,2.3032968,3.4373627,0.8813187,0.73626375,1.8395604,0.7978022,0.18241759,0.026373629,1.7164835,0.046153843,0.2769231,0.83736265,0.8857143,1.3428571,0.114285715,bipolar
GSM317389,13.639639,2.198198,4.1666665,10.2139635,6.833333,1.3716216,2.5495493,8.756757,6.9549546,5.0495496,4.358108,0.3581081,3.4436934,5.3063064,10.488739,1.4999999,0.12162162,9.06982,1.376126,3.5495496,1.6689188,0.4617117,1.4752252,1.2162162,0.9279279,0.35135135,1.599099,0.8851351,3.3288288,0.074324325,1.5585585,1.259009,2.2432432,0.98198193,0.09009009,4.3040543,0.04954955,15.603603,1.4549549,0.9572072,9.63964,0.8265766,0.87387383,2.0608108,0.5427928,0.5540541,1.581081,9.06982,106.31306,1.9932432,0.06531531,3.9211712,0.536036,4.247748,1.2094594,0.2972973,3.222973,1.045045,0.7477478,5.083333,8.299549,0.6509009,1.8671172,1.4459459,0.5923423,0.24099098,0.26576576,0.29054052,1.0135134,0.018018018,2.7815316,2.8851352,0.09684685,0.1036036,0.5608108,3.8738737,2.7117116,5.076576,16.536036,0.067567565,42.923424,5.218468,4.858108,1.2882882,2.1846848,3.2927926,2.8085585,1.0067568,0.89639634,1.3603604,0.6981982,0.0990991,0.038288288,1.7927927,0.056306306,0.15765765,1.5067568,0.7072072,1.1216216,0.09684685,bipolar
GSM317391,13.7615385,2.4948719,4.480769,8.817948,4.5833335,1.8397436,2.8371797,7.9064107,6.374359,5.3794875,4.126923,0.1653846,3.2076924,3.9884617,8.258975,1.6807693,0.13461539,8.892307,1.801282,3.9512823,2.0282052,1.0205128,1.6038462,1.4205129,0.9,0.2551282,1.7025641,1.075641,3.2461538,0.11794872,1.1679487,1.3269231,1.821795,1.0461538,0.16794872,3.3820512,0.21923077,14.396154,1.9910257,1.5256411,7.769231,0.46153846,1.3153846,2.325641,0.83717954,0.57051283,1.024359,19.31282,90.78846,2.048718,0.16666667,3.1666667,0.73333335,4.5217953,1.1243589,0.33589745,2.9320512,0.6769231,1.0269231,4.374359,21.852564,0.94871795,2.6166668,1.9384615,0.45128205,0.057692308,0.28333333,0.07564103,0.7935898,0.13974358,2.3846154,2.5435896,0.02948718,0.15384616,0.9525642,4.2602563,2.2128205,4.1615386,16.93718,0.2153846,35.83205,5.0307693,3.9384618,1.1397436,2.5782053,2.5166667,2.0653846,0.6717949,0.48846152,1.0897436,0.92435896,0.2846154,0.028205128,1.4551282,0.12179487,0.48589745,1.2115384,0.67564106,1.1871794,0.020512821,bipolar
GSM317396,8.602565,1.9017094,2.7863247,5.0641026,2.482906,2.2692308,2.0811968,3.8076923,3.4572651,3.9615386,3.0683763,0.15384616,1.9700855,1.9914529,5.598291,2.8931623,0.055555556,5.965812,1.0470086,2.3846154,4.636752,0.0982906,1.1111112,1.6111112,2.2564104,0.25641027,0.21367522,0.6965812,2.5299146,0.055555556,1.2008548,1.0897436,1.965812,0.49572653,0.3846154,2.2649574,0.32478634,7.7692313,0.20940171,0.17521368,5.846154,1.2264957,0.05982906,1.8504274,1.0854701,0.84615386,1.2307693,20.615385,45.871796,0.70512825,0.17094018,2.4786325,1.017094,6.5042734,1.2393162,0.6367521,1.5940171,0.4529915,1.2393162,1.9786325,2.0726497,0.24786326,1.7264959,1.8589745,0.6837607,0.15811966,0.52136755,0.50427353,0.55128205,0.0982906,1.7863249,2.3504274,0.482906,0.52136755,1.931624,4.786325,1.6794872,3.3504274,11.1410265,0.5,29.803421,2.8888888,2.9786325,1.7735044,1.2564102,1.8376069,3.9658122,0.508547,1.4358975,2.1452992,0.7478633,0.47863248,0.034188036,2,0.31196582,0.25213677,1.0256411,0.99572647,1.0128206,0.1837607,bipolar
GSM317397,10.427873,3.1540341,2.4963324,6.574572,4.9168706,2.2347188,2.5647922,8.171149,6.1026897,4.875305,3.8753057,0.06356968,3.0611246,2.6210268,9.880196,1.396088,0.05378973,8.6577015,1.5256724,4.6601467,1.7212714,0.44498777,2.5256724,2.1931539,7.7261615,0.20537896,0.9388753,0.34474328,3.6528115,0.034229826,1.0513448,1.6454768,2.2860634,1.0391198,0.24938874,2.8117359,0.041564792,10.848411,1.6943766,0.74816626,8.704156,0.5794621,0.53056234,1.8899755,0.78728604,0.53056234,0.87286067,17.141808,93.66014,1.5770171,0.12958436,6.625917,0.9022005,4.6577015,1.1320293,0.30317846,2.4303179,0.4816626,0.9535452,2.4596577,9.488997,1.0880195,2.782396,1.4792175,0.24449877,0.15158923,0.20537896,0.40097797,0.9388753,0.009779952,1.589242,2.4327629,0.075794615,0.07823961,0.75061125,3.6577017,1.806846,3.6650364,15.0684595,0.42298287,33.581905,4.202934,3.8826406,1.8973105,1.376528,3.3154035,3.0171149,1.0195599,0.85330075,1.5183374,0.39608803,0.017114913,0.024449877,2.0831294,0.09535453,0.45721272,2.1075795,0.55256724,0.7237164,0.11491442,bipolar
GSM317399,14.700917,2.5633025,4.289908,10.381651,6.416514,1.9247706,2.517431,8.082568,5.244036,6.152293,3.3467886,0.06972477,3.2568805,4.855046,9.256881,2.411009,0.21651375,10.422018,2.1651375,4.133945,2.6055045,1.157798,1.8220184,1.2844036,1.4587156,0.22568807,2.1522934,0.97798157,3.198165,0.036697246,1.2110091,1.3045871,1.9155962,0.7889908,0.06238532,3.5100915,0.023853209,15.987155,1.8825687,1.0752293,8.455046,0.30458716,0.029357797,1.5009174,0.6330275,0.8183486,1.2348624,7.1412845,95.09724,1.5944954,0.88623846,2.7743118,0.4770642,4.899082,1.5247705,0.2880734,3.1724768,0.7302752,1.025688,2.3816514,18.278898,0.9284403,2.6348624,2.3009174,0.36697245,0.14128439,0.4330275,0.047706418,0.77064216,0.016513761,2.7669723,2.7229354,0.033027522,0.044036698,0.5688073,5.8036695,2.7302752,5.088073,16.363302,0.3302752,41.616512,4.8733945,4.533945,1.6605504,2.3339448,2.546789,2.4862385,0.7743119,0.640367,0.99999994,0.9541284,0.078899086,0.011009174,1.4880733,0.078899086,0.19999999,1.3174312,0.64403665,0.9706422,0.049541283,bipolar
GSM317401,15.269768,2.6372094,5.324031,9.537985,5.6511626,1.8852713,2.4744186,10.182945,6.3565893,5.4465113,3.1007752,0.27751938,3.2015505,4.462015,9.555038,2.3472867,0.24806201,9.522481,2.448062,4.9085274,2.1209302,0.53643405,2.587597,1.5457364,1.2434108,0.29147285,1.1333333,0.83875966,4.376744,0.007751938,1.5736434,1.1038759,1.5162791,1.0604651,0.024806201,3.683721,0.027906977,16.728682,1.3674418,0.7209302,7.9782944,0.53023255,0.62015504,1.8356589,0.751938,0.32093024,1.275969,6.404651,77.432556,2.420155,0.14263566,2.5178294,0.77984494,6.3503876,1.3937985,0.24341086,2.0589147,0.5271318,1.0294573,4.7968993,8.658915,0.54573643,3.308527,1.6511627,0.45736435,0.018604651,0.21860465,0.351938,0.6108527,0.09767442,1.620155,2.8387597,0.05736434,0.031007752,1.0139536,5.0248065,2.6759691,3.7612405,18.367441,0.15503876,40.263565,4.995349,4.4217057,1.2697674,1.8930233,2.7891471,4.1953487,0.27596897,0.91782945,1.751938,0.44341084,0.23255813,0.03255814,1.5875969,0.17674418,0.48372093,1.1410853,0.56589144,1.1193798,0.037209302,bipolar
GSM317403,13.9423065,2.381868,3.7046702,6.082417,5.9615383,3.690934,2.767857,10.504121,4.4436812,8.833791,3.7307692,0.0576923,3.6002746,2.3351648,10.280219,2.5384614,0.22527471,9.200549,0.907967,3.4945052,1.3749999,0.146978,1.0796702,1.2417582,0.85439557,0.5892857,1.2815933,1.4780219,3.4162085,0.3186813,1.7554945,1.1318681,0.7843406,1.9271977,0.22390108,2.837912,0.24313186,12.028846,0.06730769,0.760989,9.083791,0.40521976,0.19230768,2.2335165,0.73901093,0.15521978,1.043956,18.347527,66.56181,1.723901,0.060439557,2.6785712,0.67307687,5.086538,1.3392856,0.260989,3.6813185,1.1126373,2.0590658,3.4079669,8.618132,1.0425824,2.6675823,2.1071427,0.1098901,0.20329669,0.39972526,0.3502747,0.82554936,0.02197802,1.1991758,1.811813,0.10851648,0.1153846,0.56730765,3.5892854,2.0590658,4.6950545,15.4972515,0.26785713,31.81181,4.0219774,3.7994504,2.1991758,1.2596153,2.656593,1.9903845,1.0810438,0.60851645,1.35989,0.962912,0.25961536,0.023351647,2.7870877,0.04807692,0.55219775,1.206044,0.6456044,0.60164833,0.034340657,bipolar
GSM317404,12.689855,2.2086957,2.9449275,8.089855,5.5014496,1.9188405,2.1768117,6.7710147,5.6492753,2.431884,3.136232,0.057971016,2.3536232,2.9449275,7.617391,2.310145,0.09275363,7.7797103,1.0724638,4.121739,2.136232,0.27246377,1.1739131,0.86956525,0.73333335,0.5217391,1.226087,1.6927537,1.8927537,0.36231884,1.826087,1.1246377,0.6144928,0.8666667,0.62028986,2.2956522,0.04057971,11.959421,0.08405797,0.4289855,7.214493,0.5565218,0.69855076,2.2695653,1.4927536,0.17391305,0.95942026,8.08116,85.159424,1.9449276,0.08695652,0.75942034,0.9652174,3.7826087,1.1913043,0.43188405,2.9913044,1.168116,1.5913044,3.6434782,5.463768,0.51594204,3.1275363,1.8057971,0.089855075,0.017391305,0.44927537,0.19710146,0.8521739,0.055072464,1.2376812,2.110145,0.1884058,0.31594202,0.742029,5.4869566,2.4173913,4.7797103,18.107246,0.5536232,49.075363,4.684058,4.272464,2.3217392,1.8202899,2.42029,2.2550726,1.4434782,0.81739134,1.0318841,0.73913044,0.42028987,0.055072464,2.5913045,0.089855075,0.32173914,1.1739131,0.8898551,0.62318844,0.055072464,bipolar
GSM317406,7.0022626,1.647059,3.2828057,6.29638,2.683258,2.1085973,1.7036201,5.1402717,3.622172,4.074661,3.1968327,0.3529412,1.8031673,2.5135746,4.9298644,2.178733,0.08371041,7.809955,1.20362,2.8981903,3.3846157,0.80995476,1.1764706,1.076923,1.4411765,0.3529412,0.7307692,0.85067874,2.561086,0.4321267,1.4049773,1.5203619,1.1877829,0.51357466,0.35067874,2.5339367,0.43438917,5.80543,0.19004524,0.65384614,5.9547515,1.0746607,0.28054297,1.540724,0.46832582,0.47058824,1.1923077,8.658372,32.68552,1.0542986,0.24660634,1.6764706,0.7850679,4.565611,1.3959277,0.60181,2.1583712,0.9117647,1.7126696,1.5226245,4.402715,0.15837105,2.5633485,1.6606336,0.22624435,0.24660634,0.40950227,0.27149323,0.9343892,0.036199097,2.10181,1.6877828,0.28959277,0.5972851,1.2058823,3.6131222,1.321267,3.6334844,9.253394,0.32126698,29.26923,2.8031676,2.5746608,1.0837104,0.87104076,1.861991,3.4298644,1.7760181,0.5565611,1.7126696,0.83484167,0.1719457,0.042986427,2.1176472,0.7126697,0.71945703,1.4298643,0.9592761,0.69004524,0.04751131,bipolar
GSM317411,10.158139,1.8000001,3.0651164,5.460465,2.888372,3.3581393,1.7255813,7.627907,2.9069767,1.572093,2.3116279,0.40930232,1.9209301,3.3488371,5.260465,2.9534883,0.2,6.139535,1.4976745,2.7813952,5.451163,0.18604651,0.84651166,1.2604651,1.5906976,0.21860464,0.08837209,0.6744186,2.8930233,0.2837209,0.85116273,0.8976744,1.0418605,1.0232558,0.26976746,2.0697675,0.49302328,11.227906,0.21860464,0.38139534,4.7953486,0.87441856,0.13953489,1.6232558,0.67906976,0.40465117,0.77674425,2.6604652,20.967442,0.73023254,0.10697674,1.2232558,1.3302326,5.2976747,1.5395348,1.1860465,2.623256,0.572093,1.4558139,1.4558139,0.42790696,0.5116279,2.4232557,1.2511628,0.5860465,0.31627908,0.85116273,0.84651166,1.1209302,0.060465112,0.6232558,1.6511627,0.28837207,0.17674418,1.7488371,2.9813952,1.1999999,3.5069768,8.432558,0.34418604,30.753489,3.52093,3.7581396,1.9069767,1.1999999,1.5395348,6.4465117,1.172093,1.4465116,2.2,1.0139534,0.7348837,0.037209302,1.6651162,0.23255813,0.32093024,1.5302327,0.63255817,0.84651166,0.27906978,bipolar
GSM317415,10.095321,1.4159445,2.8474872,6.119584,4.1421146,2.3760834,1.4939342,3.6377816,3.7383015,1.6620451,3.4800694,0.28076258,1.8596188,3.032929,5.6776433,3.7833624,0.14038129,8.977469,1.7105719,4.171577,2.4350088,0.05199307,1.2253033,0.7261699,1.6204506,0.26169845,0.6880416,1.1369151,1.7105719,0.055459272,1.388215,0.9705373,1.0138649,1.0970538,0.28249565,1.8232236,0.0779896,7.7521663,0.17331022,0.71923745,6.216638,0.61698437,0.13171577,2.1785095,1.422877,0.74523395,0.932409,10.668977,19.876951,1.0554593,0.09185442,1.3951473,0.6551126,5.258232,1.3743502,0.42634317,2.440208,0.26169845,0.897747,1.1733102,5.1802425,0.42807627,3.081456,2.2062392,0.48353553,0.19930676,0.41421145,0.06065858,0.7036395,0.057192374,1.1802427,1.1819757,0.3812825,0.083188914,1.8093588,3.5649912,1.5337955,3.5303292,11.807626,0.16291161,33.81456,3.5129983,3.0242634,1.3292894,0.7677643,0.87001735,2.1473138,0.8960139,1.0294628,1.9740036,0.13691509,0.26516464,0.064124785,2.3639514,0.3587522,0.15077989,1.4003466,1.1091855,1.0051993,0.110918544,bipolar
GSM317417,13.178138,3.2955465,4.502024,9.248987,5.7408905,2.2044535,3.0728745,7.8866396,6.1356277,3.8097165,3.8603237,0.08502024,2.8502023,3.7894735,9.510121,2.291498,0.09919028,10.852226,1.9493927,4.242915,1.9291499,0.55263156,1.4190283,2.8360324,0.9089069,0.3016194,1.7753036,0.7044534,3.089069,0.12348178,1.1194332,1.0242914,2.1619434,1.5323886,0.07692307,3.8522267,0.026315788,13.380567,0.8279352,0.9068826,7.0404854,0.68218625,0.44129553,2.5445342,0.7408906,0.3562753,0.8663967,10.230769,67.09717,1.5708501,0.27935222,4.805668,0.7004048,4.3036437,1.3279352,0.22874494,2.4352226,0.6295546,1.2773279,2.1437247,13.981781,0.34008095,1.9574897,2.1032388,0.354251,0.12550607,0.3502024,0.24898785,0.83198375,0.097165994,1.7570851,2.8218622,0.02834008,0.3704453,1.3461539,4.356275,2.0647774,3.791498,16.67004,0.2834008,40.82186,6.3380566,5.1356273,0.95141697,1.3157895,3.1497977,4.8259106,0.8117408,0.7672065,1.5769231,0.9676113,0.08097166,0.030364372,1.4939271,0.07489879,0.38259107,1.0951416,0.6497975,0.8643725,0.08097166,bipolar
GSM317419,13.320114,2.818697,3.305949,8.592068,4.7308784,1.4844193,2.189802,8.592068,5.164306,4.2549577,4.566572,0.29461756,2.7733712,3.1784701,9.736545,2.4532578,0.3371105,10.730878,1.6685553,3.6940508,2.2209632,0.033994336,1.1926346,1.6203966,2.3172805,0.22096318,1.2266289,1.121813,2.8895185,0.045325782,1.3201133,0.694051,1.470255,0.9858357,0.388102,3.3342776,0.045325782,15.305949,0.42776206,0.8045326,8.365438,0.5807366,0.7422097,2.03966,0.8498584,0.34844193,1.4957507,20.832863,84.46742,1.1019831,0.37110484,2.6713881,0.88951844,4.9490085,1.1529746,0.2634561,2.470255,0.41076487,0.9575071,4.354108,12.620397,0.48725215,2.9093485,2,0.2776204,0.22096318,0.34560907,0.3286119,0.74787533,0.016997168,1.5949008,2.7563741,0.022662891,0.048158642,0.9348442,4.0623226,2.0056658,4.86119,16.342777,0.19546743,42.974506,4.9546742,4.8328614,1.082153,1.1926346,1.858357,2.325779,0.8498584,0.9121813,1.9490086,0.69121814,0.033994336,0.016997168,1.7847025,0.096317284,0.7138811,0.91501415,0.5807366,1.0566572,0.22096318,bipolar
GSM317425,12.954717,1.6490567,2.6150944,9.184906,4.8339624,3.0867927,1.4113208,7.2754717,3.5811322,3.683019,4.6679244,0.12830189,1.7207547,3.664151,8.275472,1.637736,0.086792454,11.811321,1.883019,4.3886795,3.0792453,0.026415095,1.4867926,1.2075472,1.4415095,0.018867925,0.38867927,0.8113208,1.4528302,0.064150944,1.1245283,0.9056604,1.7358491,1.1509434,0.39245284,2.3660378,0.41132075,10.362265,0.39245284,0.12075472,7.7433963,1.1584907,0.09056604,1.909434,1.5660378,0.3735849,1.1924529,10.037736,37.2,0.86415094,0.101886794,3.6566038,0.8566038,4.9509435,1.1773585,0.44150943,3.135849,0.24528302,1.5132076,2.2943397,1.8301888,0.13207547,2.1471698,0.76981133,1.0226415,0.32830188,0.23396227,0.29811323,0.72075474,0.056603774,0.7622642,2.3471699,0.12830189,0.46792454,0.9056604,2.4641511,2.064151,3.5962267,14.735849,0.079245284,34.596226,4.0867925,5.6415095,1.3698113,0.554717,3.3132076,2.9471698,0.9358491,0.5924528,2.0075471,0.8943397,0.53962266,0.056603774,2.4867926,0.4301887,0.19622642,0.89056605,0.46037737,1,0.354717,bipolar
GSM317429,16.188961,2.1273887,3.3205945,10.677283,5.050956,2.2462847,2.4479833,5.163482,6.167729,5.5159235,4.180467,0.13375798,2.5583866,4.2972403,8.456476,3.1613588,0.32696393,10.617835,1.3439491,4.2590237,2.1104035,0.1804671,1.0764332,0.6921444,1.626327,0.38641194,0.8237792,1.1974523,3.012739,0.023354568,1.3779194,0.65817416,1.6454353,1.2484077,0.23566881,3.339703,0.08280256,12.477708,0.34394908,0.5414013,8.613589,0.40976647,0.42038217,2.1295118,1.774947,0.28237796,0.6921444,14.806796,53.481956,1.2208068,0.14649683,4.889597,0.53927815,5.8683653,1.5180469,0.3842888,3.4670916,0.60721874,1.477707,3.1061573,4.770701,0.37154993,1.997877,2.025478,0.35244164,0.006369427,0.2208068,0.4246285,0.66454357,0.02547771,1.549894,2.1422508,0.38641194,0.05095542,0.8811041,4.0721874,2.2208068,4.023355,17.692146,0.32908708,40.6879,4.8959665,4.7813168,1.4734609,1.7983016,1.9469215,3.3269641,0.29936308,0.7707007,1.8386413,0.8174098,0.28874737,0.07643312,2.2611465,0.3609342,0.4161359,1.700637,0.60934186,0.92356694,0.16985139,bipolar
GSM317431,11.572165,2.5824742,3.628866,6.7628865,2.871134,3.185567,2.1907215,5.1237116,2.6082473,2.0927835,2.8556702,0.48453605,1.6907216,3.185567,5.097938,3.1134021,0.19072165,7.350516,1.2061856,2.8144329,9.608247,0.8350516,1.2938144,0.41237113,4.0360827,0.19587629,0.45360824,0.78350514,1.5103092,0.05670103,1.314433,0.29381442,0.5463918,0.2216495,0.20618556,1.6494845,0.077319585,12.252577,0.087628864,0.9536082,5.118557,0.7010309,0.7525773,2.072165,1.1082474,1.1649485,0.077319585,4.268041,26.819586,1.1597939,0.0927835,1.5412371,1.1082474,5.3865976,0.9072165,0.23195876,2.4793813,0.35051546,1.1494845,2.4896905,1.3092784,0.12886597,1.5412371,1.3092784,0.8505154,0.28350514,0.48453605,0.072164945,0.9226804,0.04639175,2.1597939,1.6907216,0.7886598,0.4175258,1.6701032,5.2989693,1.4381443,3.5824742,10.412371,0.6082474,41.211338,3.9175258,4.025773,1.4329896,1.6340207,2.7216494,3.0773196,1.1030928,1.1185567,2.3402061,1.8298969,0.2989691,0.20103092,2.329897,0.5412371,0.23195876,1.3659793,0.6185567,0.82474226,0.45360824,bipolar
GSM317433,6.432315,1.3056769,1.6855896,5.49345,2.0524018,2.0349345,0.8864629,3.004367,1.8558953,1.6157206,2,0.12227075,2.0174675,2.262009,3.965066,2.144105,0.13537118,5.0174675,1.1310045,2.8733628,2.6200874,0.069869004,1.0567687,1.3493451,1.5545852,0.57641923,0.4497817,1.3056769,1.3799127,0.23580788,0.97379917,0.35807863,1.4410481,1.1921397,0.19650656,1.1310045,0.1048035,6.537118,0.07860262,1.5065503,4.091703,0.90393025,0.11790394,1.0349346,0.35807863,0.5633188,0.61572057,3.9737995,11.57642,1.2751093,0.19650656,2.5065506,1.2663757,3.4323146,1.069869,0.8558953,2.5109172,0.15720524,1.4410481,2.49345,1.4934499,1.069869,1.7161573,1.2358079,1.3406115,0.4410481,0.2445415,0.7248909,2,0.030567687,1.6375546,0.8515284,0.53275114,0.68122274,1.0524018,2.2925766,1.3406115,2.703057,13.545853,0.30131006,21.733625,3.4803493,3.4803493,1.3231442,0.51091707,1.279476,1.6637555,1.4672489,2.231441,3.358079,5.0000005,0.2838428,0.061135374,1.5458517,0.16157207,0.5895197,1.3056769,0.9868996,1.1091703,0.29257643,bipolar
GSM317439,12.2651005,2.6644294,4.3590603,6.795302,5.318792,1.5503355,2.0973153,7.6375837,5.234899,2.724832,2.7516778,0.0704698,2.419463,2.9093957,8.657718,1.8825502,0.13087249,9.171141,1.7214764,3.5536911,1.3758389,0.27516776,1.100671,1.7583892,1.4127516,0.2852349,0.9597315,0.69798654,2.372483,0.077181205,1.0201342,0.32885906,1.466443,0.8590604,0.08389261,3.671141,0.08724832,11.61745,0.27181208,1.0067114,6.5604024,0.5637584,0.053691275,2.1174495,0.6140939,0.40604028,1.2248322,9.620806,88.65436,1.5973153,0.09731544,4.862416,0.7483221,3.057047,1.2281878,0.3758389,2.4664428,0.6308724,1.1644295,2.5704696,6.6208053,0.5872483,1.8456376,2.0503354,0.6409396,0.16442953,0.3154362,0.2818792,0.64765096,0.12416107,2.261745,1.9261745,0.23489933,0.37248322,0.80536914,4.154362,1.5838926,4.0503354,14.104026,0.32885906,37.090607,5.9194627,3.9932885,0.93624157,1.8355705,2.9832215,2.7315435,1.2583892,1.6442952,1.7818791,0.7718121,0.590604,0.05033557,1.885906,0.10067114,0.09731544,0.8456376,1.090604,1.3154362,0.2818792,bipolar
GSM317440,14.63245,2.4039733,3.6721854,9.125828,4.201987,1.5298012,1.678808,6.63245,5.5298014,3.7715232,3.5695364,0.5033112,2.178808,6.284768,8.980133,1.9701986,0.29801324,13.625828,2.2350993,3.9271522,2.4834437,0.64238405,0.75496686,2.642384,1.2748344,0.205298,1.3245033,0.7615894,2.6059601,0.07284768,1.4139073,0.6192053,1.0033112,0.8543046,0.052980132,2.9271524,0.026490066,13.556291,0.90066224,1.9569535,7.566225,0.6192053,0.39735097,1.7483443,0.78807944,0.37417218,1.0298012,18.238409,78.70199,1.4470198,0.08940397,3.5993376,0.75496686,3.8907285,1.0463576,0.28145695,1.281457,0.81125826,1.3509933,3.7516556,12.059603,0.15562913,2.0596025,1.2715232,0.13907284,0.2615894,0.26821193,0.31456953,0.5397351,0.01986755,1.7880794,1.7218542,0.10927152,0.49337745,0.8245033,4.814569,2.281457,4.029801,16.172184,0.27814567,51.149002,5.92053,3.7582781,1.0860927,1.7715231,1.9470198,2.6059601,1.4337747,1.0430464,1.6390728,0.78145695,0.31456953,0.026490066,1.8973509,0.08609271,0.9569536,0.67549664,0.8907284,1.0695363,0.13576159,bipolar
GSM317443,7.1259255,1.3851852,1.9296296,6.5222225,3.151852,3.5962963,1.3518518,4.1666665,3.4185185,4.2777777,2.4,0.33703706,1.6296296,2.4851851,6.0814815,3.2962964,0.15555555,7.4407406,1.9962964,2.5481484,1.7370371,0.5777778,0.6555556,2.4851851,1.3481482,0.24814814,0.7814815,0.9481482,1.6481482,0.14074074,1.488889,0.22962962,1.1629629,0.9888889,0.074074075,2.4592593,0.29259259,7.0666666,0.7777778,1.1666666,5.296296,1.6703703,0.27407408,2.0259259,0.8444444,0.2962963,0.937037,24.47778,19.762962,0.7037037,0.14814815,6.5851855,0.8148148,7.4740744,1.5962963,0.37777779,2.3037038,0.37777779,1.3074074,1.8185185,5.92963,0.15555555,2.5592592,1.7481482,0.8185185,0.21851853,0.24444444,0.15925927,0.4,0.022222223,1.2777778,1.2222222,0.23703705,0.4666667,1.6148148,3.6333332,1.337037,3.251852,14.633333,0.08148149,25.444445,4.674074,2.7222223,1.1333333,0.8333333,2.0037036,3.9814816,1.1555556,1.2259259,2.0148149,0.6074074,0.15925927,0.11481481,2.0222223,0.6666667,0.3814815,1.8703704,0.6740741,1.0407407,0.044444446,bipolar
GSM317444,9.997778,3.3155556,3.9644444,8.900001,4.46,2.1244445,1.4511112,6.5333333,5.146667,3.7955558,3.0800002,0.37333333,2.3266666,4.442222,8.577778,2.728889,0.12444445,8.268889,1.5622224,3.76,2.26,0.21555556,1.1177778,1.108889,1.2755556,0.14222223,0.8577778,1.0177778,1.8155556,0.097777784,1.4866667,1.2377778,1.8088889,1.1844444,0.060000002,2.9622223,0.05111111,10.72,0.6666667,1.0200001,7.493334,1.14,0.5822223,1.9666667,1.08,0.4,1.34,16.355556,60.675556,1.7333333,0.06666667,2.8555555,0.46000004,3.2755556,1.3244444,0.3466667,1.988889,0.68222225,1.1222223,2.9955556,4.106667,0.12444445,2.1311111,1.5422223,0.42,0.10666668,0.3688889,0.32666668,0.7666667,0.042222224,2.1933334,1.9555556,0.21555556,0.26222223,0.31777778,4.324445,2.02,3.5622225,14.220001,0.29111114,35.024445,5.217778,3.6488888,1.3777778,1.0111111,2.7822223,2.6777778,1.3533334,0.9533334,1.0511111,0.6244445,0.6622222,0.042222224,2.06,0.46666667,0.7911111,0.6844444,0.6266667,0.6622222,0.08888889,bipolar
GSM317445,13.403599,2.6452441,3.9305909,7.0668373,4.1542416,2.215938,2.1799486,10.311053,5.7146525,4.2030845,4.8020563,0.071979426,2.3547556,3.881748,10.305912,2.5758352,0.08226221,9.03856,1.5655526,3.974293,1.1902313,0.09511568,1.6812339,2.8251927,1.1645243,0.5758354,1.2133676,0.61439586,2.81491,0.31362465,1.3419023,0.8354755,1.2879176,1.0514139,0.09511568,2.9023135,0.113110535,11.172236,0.18251927,1.6169665,6.5886884,0.48843184,0.089974284,2.1516707,0.5938303,0.28277633,1.4884318,14.377891,83.712074,1.8997428,0.11568123,3.7275062,0.92544985,4.200514,0.6426735,0.52956295,2.218509,0.41645244,1.0771208,2.437018,3.737789,0.5912596,2.125964,1.3059125,1.1850898,0.07969151,0.4241645,0.37532133,0.8123393,0.035989713,1.6143957,1.7069408,0.28534704,0.34961438,0.6735218,5.1362467,2.082262,5.526992,16.915167,0.51156807,34.334187,4.699229,4.8560405,1.4473007,1.763496,2.1131103,3.0976863,1.3007711,1.3110539,1.7660667,0.73521847,0.19280204,0.05398457,2.0514138,0.056555267,0.3470437,0.69922876,0.6041131,1.0642673,0.19794343,bipolar
GSM317446,15.304904,2.8763325,5.272921,9.353945,5.206823,1.9211087,2.3283582,9.594883,6.2452025,5.10661,5.5181236,0.08955224,2.6993604,3.673774,10.481876,2.5522387,0.26652452,10.420043,2.0362473,4.5692964,2.098081,1.0852879,1.4115138,1.6162047,1.2196162,0.25799575,1.2729211,0.9339019,3.3901918,0.10660981,0.90191895,0.793177,1.4754797,1.0895522,0.3944563,4.191898,0.053304903,12.641791,1.6673774,0.91684437,7.5650315,0.36460555,0.9936034,1.7185501,0.80383795,0.15351813,1.0277185,7.974414,92.9936,1.5565032,0.19402985,3.9850745,0.52238804,4.716418,1.0511727,0.16204691,3.2686567,0.52665246,1.3944563,2.8720682,15.7675905,0.60554373,2.9594884,1.859275,0.55650324,0.09168444,0.21748401,0.15138593,0.5159915,0.008528785,2.5671642,3.326226,0.042643923,0.08955224,1.3176972,4.8187633,2.0788913,5.0767593,16.411514,0.13219616,44.452026,5.3027716,4.4648185,1.1876333,1.4733475,2.82516,5.1215353,0.8550106,0.72281456,1.7270789,1.0127932,0.03411514,0.031982943,1.8422176,0.09808102,0.6012793,1.3752666,0.7953091,1.1364605,0.03411514,bipolar
GSM317451,17.558659,3.2625701,4.9385476,9.743017,6.6983247,1.3743018,2.4189944,8.642458,7.1061454,3.251397,3.6648047,0.37430167,3.2960896,5.223464,8.905028,2.7597768,0.54748607,11.525141,1.5586593,3.8715088,1.6648045,0.06145252,1.1731844,1.9106147,1.0446929,0.41899443,1.1061453,0.64245814,2.9553075,0.027932962,1.3743018,0.5139665,0.76536316,0.97206706,0.106145255,2.7374303,0.027932962,14.994414,0.18435755,0.25139666,8.011173,0.2178771,0.13407822,2.2569835,1.5418996,0.41340786,1.1899441,12.98324,113.60894,1.8994415,0.19553074,2.0223465,0.7709498,3.9664807,1.4078213,0.2290503,3.8379889,0.71508384,0.98882693,3.497207,8.575419,0.98882693,1.452514,1.4916202,0.2960894,0.20111732,0.150838,0.083798885,1.055866,0.20111732,1.5865922,2.0055869,0.027932962,0.9162012,1.0335196,4.6424584,2.2569835,4.044693,18.675978,0.35195532,56.87151,6.128492,5.932961,1.2793297,1.3519554,1.5977654,3.0000002,0.64804476,0.83798885,1.5530727,0.5363129,0.5921788,0.06145252,2.290503,0.106145255,0.18435755,1.027933,0.70391065,0.726257,0.04469274,bipolar
GSM317454,13.37151,3.5111732,3.337989,10.142459,5.215084,2.2122905,1.9357544,5.3184357,6.536313,3.4525142,4.9804473,0.1480447,2.0502794,2.969274,8.76257,3.5279331,0.10055866,10.452515,2.1424582,4.586592,2.2094972,0.033519555,0.9608939,1.9385476,2.0111732,0.4441341,0.6536313,0.8882682,2.064246,0.11731844,1.3491621,0.55307263,1.8351955,1.0167599,0.12569833,3.2541902,0.03072626,10.2905035,0.06983241,0.42178774,8.315643,1.5111732,0.3687151,1.4469274,1.5083799,0.5,1.3296089,22.745811,49.086597,0.9692738,0.17318437,4.312849,0.5055866,4.874302,1.3826816,0.40223464,3.405028,0.7011174,0.8184358,1.9748603,4.365922,0.6871509,2.1256983,1.1564246,0.28491622,0.09776537,0.31284916,0.35754192,0.5139665,0.011173185,1.4776537,2.3910615,0.05027933,0.15921788,1.6703911,4.3296094,1.5251397,3.8798883,17.430168,0.31284916,40.7514,3.8407824,4.9720674,1.206704,1.659218,2.726257,3.4832404,0.9748604,0.54469275,1.877095,0.7206704,0.4581006,0.025139665,1.7178771,0.16759777,0.61731845,1.0977654,0.9162012,1.865922,0.039106146,bipolar
GSM317456,15.529411,2.0479302,5.143791,9.830066,5.664488,2.43573,2.3376906,7.2897606,5.769063,5.3551197,4.409586,0.1503268,2.583878,3.8104575,9.148148,2.4553375,0.26797387,10.640523,1.875817,4.4814816,1.7843138,1.1546841,1.1154684,1.2897604,1.1808279,0.1590414,1.5882354,0.72549015,3.2396514,0.010893246,1.1895424,1.2222222,1.9346405,1.0108932,0.119825706,3.010893,0.22222222,14.694989,2.372549,0.708061,8.019608,0.5163399,0.6056645,1.9215685,0.62091506,0.40958604,0.5185185,20.610022,76.588234,1.6688453,0.18518518,3.858388,0.6165577,4.7429194,1.4836601,0.3093682,3.5642703,0.4880174,1.0718955,2.7625272,12.411765,0.6296296,2.5163398,0.993464,0.57516336,0.019607842,0.19825709,0.30718955,0.6383442,0.019607842,3.3703704,2.1960785,0.061002176,0.16557734,0.90631807,4.385621,2.0479302,6.540305,16.342047,0.18736385,41.843136,6.041394,4.2766886,0.90631807,2.2875817,3.0544662,2.3747277,1.1808279,0.7276689,1.2461873,1.5468409,0.16993465,0.35729846,1.7973856,0.05664488,0.7320261,1.4771242,0.62309366,1.3594772,0.032679737,bipolar
GSM317458,6.590225,1.6992481,2.1353383,8.428571,2.18797,2.3571427,1.8796991,3.5676692,3.7142856,2.6503758,2.3421052,0.07142857,2.3270676,5.699248,5.1353383,2.9398494,0.10150376,8.804511,1.6428571,2.3533833,2.6616542,0.056390975,1.1090225,1.5902255,2.142857,0.59774435,0.49999997,1.1992481,1.3834585,0.12030075,1.1428571,1.2255638,1.7067668,0.09398496,0.09022556,2.2255638,0.086466156,7.8609023,0.09398496,1.1503758,5.887218,0.5451127,0.06390978,2.0037594,1.1541353,0.481203,0.73308265,7.7142854,22.943607,0.7706767,0.16165413,2.7218044,1.1578946,4.2368417,1.6842104,0.33834586,2.1127818,0.47744358,1.3120301,1.793233,2.9323306,0.78947365,2.3759398,2.3195488,0.5488722,0.34962404,0.46992478,0.13157894,0.97368413,0.15413533,1.3646616,2.086466,0.04511278,0.27067667,0.83834577,3.075188,2.218045,2.8759396,10.515038,0.16917293,22.357141,3.879699,2.4398496,2.1240602,0.8458646,1.3270676,3.755639,0.924812,0.9586466,2.7706764,1.4586465,0.06390978,0.052631576,3.0451126,0.2406015,0.15789472,0.8421052,0.7180451,1.0338346,0.13909774,bipolar
GSM317479,19.551998,3.9879997,5.0239997,11.988,8.98,2.156,1.188,8.148,7.16,9.832,5.272,0.28,2.268,5.38,11.784,2.456,0.08399999,10.331999,2.156,5.976,1.268,0.072,0.664,2.316,1.436,0.372,1.7839999,0.684,1.5919999,0.22,0.57199997,0.98800004,1.828,1.7919999,0.12399999,3.044,0.136,12.628,0.864,1.104,10.651999,0.77199996,0.308,2.4199998,1.2759999,0.408,1.024,19.844,97.048,1.64,0.308,6.544,0.664,4.7879996,1.0919999,0.32799998,3.1039999,1.16,1.54,2.112,7.672,0.96,2.8799999,0.67199993,0.31599998,0.04,0.212,0.188,0.50799996,0.055999998,2.1239998,2.816,0.048,0.39599997,0.7,6.332,2.04,6.54,28.208,0.592,56.564,6.648,6.8840003,1.0719999,2.448,3.024,6.088,1.132,0.204,1.436,1.308,0.18399999,0.036,2.096,0.19999999,0.74,1.236,1.5799999,1.048,0.252,bipolar
GSM317483,13.4800625,3.5153377,3.745399,9.961658,7.067485,2.7070553,2.2730062,6.61043,6.703988,4.7070556,3.4708593,0.27300614,2.685583,4.61043,8.2361965,2.0828223,0.08588958,9.019938,2.4984663,4.429448,1.9156443,0.83282214,0.96012276,1.5812885,1.6303682,0.17177916,1.4785278,0.9907976,2.6472394,0.121165656,1.185583,1.27454,1.5690186,1.0858897,0.2131902,3.5828223,0.088957064,12.881903,2.555215,1.9861964,10.013804,0.6349694,0.5935583,2.381902,0.8435583,0.42177916,1.559816,10.736197,69.757675,1.2423314,0.50766873,2.8374236,0.43558285,5.7745404,1.4493866,0.4371166,2.9693255,0.964724,1.1763804,4.030675,11.590491,0.5567485,2.9509203,1.7438651,0.41104296,0.121165656,0.22239265,0.2852761,0.58435583,0.015337424,1.834356,3.1119633,0.16871166,0.26226997,0.85429454,4.794479,2.4616566,4.4447856,19.349693,0.19631903,45.657978,4.3665648,5.2116566,1.1180983,2.483129,2.650307,4.055215,0.57668716,1.5153376,1.888037,1.0475461,0.16564418,0.01840491,2.1395707,0.25,0.23312885,1.6042945,0.4877301,0.7254602,0.16104296,bipolar
GSM317485,9.729928,1.3357664,2.1642337,5.8649635,2.7299273,3.4160585,2.1678834,5.565694,3.9306571,2.9452555,3.733577,0.310219,2.2408762,3.620438,7.1131387,2.551095,0.25182483,9.642337,1.1970804,3.372263,3.0145986,0.20437957,1.0912409,0.5583942,2.1934307,0.27372265,0.3394161,1.3321168,2.0255475,0.047445256,1.4270073,0.45985407,1.1240876,0.86131394,0.076642334,2.3357666,0.43065697,5.5583944,0.21167885,0.6131387,5.7080293,0.86131394,0.26277372,3.613139,1.321168,0.6094891,0.660584,22.937958,20.229927,0.6058395,0.28467155,2.4562047,0.6788322,7.9452558,1.970803,0.42700732,2.6605842,0.54379565,1.1131388,1.9014599,4.8868613,0.4562044,2.6277373,2,0.17518249,0.11678833,0.48540148,0.49270076,0.3248175,0.021897811,1.2518249,1.7262775,0.2591241,0.1240876,1.0766424,2.9854016,1.5182482,4.4051094,10.062045,0.29562047,32.383213,3.281022,2.6788323,1.2518249,0.7591241,2.1532848,3.0401464,0.850365,0.8686132,2.2408762,0.08394161,0.17518249,0.025547447,2.5693433,0.40510952,0.55474454,0.79197085,0.79562044,1.1459855,0.2189781,bipolar
GSM317398,15.131005,3.3668125,5.8078604,11.617904,5.7969437,1.7030568,3.2205243,11.111354,9.246725,7.9890833,3.9497817,0.07641922,3.2423582,4.8275113,8.735808,2.7314413,0.55895203,11.945415,2.956332,6.1310043,1.0917032,1.1353712,1.8624456,2.0982533,0.78602624,0.27729258,2.338428,0.75327516,4.9039307,0.12227075,1.478166,1.268559,1.8427949,1.6266377,0.050218344,3.482533,0.030567687,13.462882,3.5174675,0.72270745,10.002184,0.65065503,0.97379917,1.7423582,0.57641923,0.23580788,1.5938866,29.072054,127.04586,2.6637557,0.38646293,6.368996,0.28602624,4.155022,1.0633188,0.037117906,4.707424,0.95851535,0.80567694,3.8253276,19.353714,1.1703057,2.0458515,1.1899564,0.054585155,0.13318779,0.16157207,0.2467249,0.89737993,0.019650655,3.2838428,3.0742362,0.061135374,0.06331878,0.8449782,4.8056774,2.4192142,4.3930135,25.299128,0.4257642,49.213978,6.2794766,6.2576423,1.1703057,1.9061137,3.3449783,3.740175,0.7139739,1.128821,1.1462883,0.36244544,0.10262009,0.25764194,1.1637555,0.02838428,0.38646293,1.746725,0.6593887,0.6724891,0.026200876,control
GSM317402,20.507643,3.969419,7.1957183,13.516819,10.944954,1.8990824,2.5137613,17.171253,7.5321097,4.6972475,6.2599382,0.10703363,3.883792,8.49847,13.051987,1.2324158,0.051987767,14.727828,2.4525993,7.336391,0.6269113,0.68501526,2.0366971,2.2201834,0.9755351,0.20795107,2.3119264,0.9388379,2.740061,0.08562691,0.98470944,2.3975534,1.5076451,1.2201835,0.064220175,2.119266,0.25993884,25.012232,2.5871558,1.6636086,11.400611,0.24464831,1.3944952,1.9021406,0.20489295,0.23853211,1.0214068,10.807339,115.532104,3.0458715,0.8318043,3.7492352,0.50764525,4.3180428,0.94189596,0.07033639,4.0886846,0.66360855,1.562691,2.8165135,14.905198,1.149847,2.795107,0.81345564,0.09174311,0.021406727,0.20489295,0.027522935,0.795107,0.015290519,2.7828746,5.3577976,0.25076452,0.17737003,0.29357797,7.6269107,2.889908,4.2874613,28.253822,0.27828747,67.88379,7.0550456,6.513761,0.53211004,2.1314983,1.9541284,3.9327216,0.9510703,0.9510703,1.0795107,0.5688073,0.28746176,0.6911315,1.9847095,0.05810397,0.4831804,2.330275,0.77370024,0.9357798,0.033639144,control
GSM317407,13.507419,3.1839762,3.864985,8.149851,4.715133,1.9272995,2.6246288,7.62908,6.6913943,6.7344213,4.617211,0.39762607,3.2997031,4.416914,9.786349,2.037092,0.3308605,9.540059,2.3887239,4.7922845,2.2225518,0.5074184,1.3249258,2.689911,1.0637982,0.21513352,1.5252225,0.7670623,3.5712163,0.2818991,1.1172106,1.2744807,1.9896142,1.0727003,0.043026704,4.8961425,0.028189909,14.086053,0.73145396,1.3175074,7.8694363,0.45697325,0.56973296,1.5074183,0.29080117,0.347181,1.7997032,21.771513,75.04896,1.6913946,0.5548961,5.6038575,0.23738872,4.7181005,0.96735895,0.17655785,2.8456972,0.8916913,0.76557857,2.7373886,15.967358,0.7551929,1.3620178,1.2759644,0.3234421,0.2240356,0.18842728,0.08456973,0.82047474,0.03264095,1.9421363,2.2566767,0.02670623,0.115727,0.7893175,3.7462907,2.2715135,5.283383,18.712164,0.23293768,35.03709,5.648368,4.5341244,1.087537,2.0994065,3.0534124,4.2537093,0.615727,0.60089016,0.9955489,0.37833828,0.19732937,0.062314536,1.5474777,0.068249255,0.8605341,0.95845693,0.48961422,1.4272996,0.15727003,control
GSM317410,12.252654,2.416136,3.666667,7.3673043,4.2399154,2.0191083,2.2717624,7.7048836,4.7112527,3.4607222,3.4670916,0.09766455,2.9320598,3.8067944,7.044586,2.7452233,0.31847137,8.430999,2.161359,4.131635,0.7685776,0.715499,1.0806795,1.1380043,0.7940553,0.25902337,1.8747348,0.8216561,3.6539283,0.35244164,1.2420382,0.90445864,1.4033971,1.2866243,0.09341827,3.4522297,0.033970278,10.414014,1.6581742,1.0318471,7.9830155,0.46496817,0.58174103,2.0360937,0.64755845,0.08280256,2.0106158,21.93206,86.38642,1.7961785,0.18471338,2.7473462,0.8237792,3.679406,0.92569005,0.34819534,2.8110404,0.7261147,1.1443738,2.787686,12.380043,0.92993635,1.5583866,1.3014863,0.087048836,0.021231424,0.2144374,0.07855627,0.9171975,0.010615712,2.203822,1.819533,0.059447985,0.11677283,1.0297241,4.656051,2.0509555,3.0828028,13.736732,0.20806795,37.575375,4.2250533,3.0042465,1.1698514,2.0106158,2.29724,3.4968154,1.0382167,0.6602973,1.4033971,0.50530785,0.16772825,0.084925696,1.4394906,0.10191084,0.57961786,1.29724,0.66242045,0.8917198,0.057324845,control
GSM317412,14.023669,2.56213,5.0493097,8.282051,6.193294,1.9447732,3.1045363,8.808679,5.44576,5.775148,3.8737671,0.11439843,3.0927024,5.076923,9.451677,2.4201183,0.2504931,9.684419,1.8086785,3.7475345,1.8836292,1.0650887,2.2998028,1.6232742,0.71005917,0.2820513,1.6587771,0.8106509,3.846154,0.19132149,1.1459566,1.7100592,1.5798817,1.1696253,0.18343195,3.8323472,0.06311637,14.652861,1.923077,1.7061144,8.483235,0.4852071,1.3155818,1.6666667,0.9191321,0.2820513,1.6291913,24.512821,86.62722,1.8737673,0.3116371,3.627219,0.3846154,4.6134124,1.0276134,0.09664695,2.8856018,0.8461539,0.83629197,3.2011836,12.856016,0.9270217,2.270217,1.1972387,0.54043394,0.027613413,0.25641027,0.16568047,0.5424063,0.011834321,3.035503,2.366864,0.039447732,0.055226825,0.58579886,5.341223,2.5285995,4.684418,15.976332,0.2524655,42.353058,5.096647,4.189349,0.87376726,2.861933,3.4260354,4.001972,0.3688363,0.68441814,1.0019724,0.8639053,0.2071006,0.041420117,1.5029585,0.05325444,0.83629197,1.6370809,0.5029586,1.5088757,0.013806706,control
GSM317413,11.115385,2.2579186,3.5113122,7.699095,3.8733032,2.6312218,1.7692307,4.2624435,4.540724,3.504525,4.350679,0.042986427,1.8574661,3.4705882,7.176471,1.617647,0.5045249,9.524887,2.3642535,3.6606336,2.1945703,1.3280543,0.8529412,1.0429864,2.1153846,0.022624435,0.581448,0.71040726,2.2692308,0.23981902,1.0701357,0.8438914,0.9253394,0.8642534,0.03167421,3.1855204,0.07013574,8.391403,0.8936652,0.88235295,7.549774,0.42081448,0.14027148,1.7873304,1.1108598,0.520362,1.4457015,13.895928,41.73077,0.9638009,0.44343895,2.4660635,0.48190045,6.047511,1.2262443,0.28733033,3.4095023,0.94570136,0.9751131,2.1651583,7.60181,0.40950227,2.199095,1.6380091,0.33710408,0.013574662,0.46832582,0.29185522,0.21719459,0.015837105,1.8371041,2.5769231,0.027149323,0.07692308,1.1515838,4.479638,1.7579185,4.959276,12.361992,0.10859729,35.011314,3.3280544,3.8574662,0.5972851,1.5384616,3.6244345,3.1832578,0.44117647,1.1945702,1.5067873,0.7285068,0.26244345,0.21266969,1.6764706,0.08597285,0.4479638,1.8054299,0.5520362,0.93891406,0.19683258,control
GSM317416,13.350794,2.5603178,4.471429,8.585715,5.573016,1.8111112,2.477778,7.325397,6.536508,4.638096,4.2333336,0.114285715,2.5809526,4.1126986,7.92381,3.509524,0.4015873,9.934921,1.368254,4.2761908,2.0841272,0.6238096,1.673016,1.4761906,1.1444445,0.21904764,1.0920635,1.0253968,3.7539685,0.031746034,1.8873017,1.1190476,1.2952381,1.4222223,0.0984127,3.4063494,0.08095238,11.384128,1.8079367,0.5539683,7.284127,0.10158731,0.6333334,2.0857143,0.5253968,0.41746032,1.6095239,13.393651,64.3127,1.4507937,0.12380953,3.1269844,0.45238099,3.9523811,1.5000001,0.26825398,2.8063495,1.2222223,1.020635,2.5904763,8.268255,0.4555556,1.7428573,2.630159,0.25714287,0.0920635,0.60634923,0.23809525,0.6619048,0.007936508,1.1809524,2.4190476,0.17777778,0.23492065,0.69682544,4.3238096,1.8428572,4.4333334,16.444445,0.21746033,35.67778,4.6873016,4.2380953,1.4920635,1.2746032,2.888889,4.663492,0.6396826,0.16666667,1.6095239,0.48571432,0.031746034,0.29682544,1.909524,0.052380953,0.4793651,1.4015875,0.5190477,1.3317461,0.19206351,control
GSM317418,15.913147,2.3051643,4.7253523,11.795775,8.0422535,1.8098592,3.5140846,13.298122,6.7300477,4.4342723,4.779343,0.079812214,3.3403757,5.8615026,9.220657,1.6455399,0.22065727,11.859156,1.5399061,4.830986,2.741784,0.99061036,1.0657278,1.9741784,1.185446,0.21361504,2.6079812,0.8239437,4.4225354,0.09859155,1.2558686,1.4272301,2.5140846,1.2065729,0.14553991,3.6384978,0.12910798,18.19249,1.3568076,1.2511737,9.389671,0.94366205,0.9788733,1.8521128,0.15023474,0.3826291,1.9553992,23.514086,84.3216,2.0845072,0.49765262,3.5938969,0.3028169,5.232394,1.2910799,0.29812208,2.7323945,0.65023476,0.96948355,3.4319248,22.03756,0.5187794,3.056338,1.3943663,0.09859155,0.08920188,0.35211268,0.037558686,0.43896717,0.016431926,2.57277,3.2793427,0.009389672,0.20657279,0.5258216,4.887324,2.0985916,4.089202,19.805164,0.039906107,47.171364,6.492958,5.093897,1.0821596,2.1549296,3.1807513,2.8732395,0.63615024,0.7323944,1.3450705,0.34741786,0.14788733,0.24413146,1.8192489,0.030516433,1.0516433,1.3732395,0.52347416,1.3896714,0.02347418,control
GSM317421,16.097458,2.0381355,4.2033896,9.93856,4.9788136,2.2733052,2.92161,8.862288,6.0720344,2.7351696,5.4025426,0.13135593,3.3241525,4.440678,8.669492,3.0254238,0.31567797,10.900424,1.1737288,4.71822,2.197034,0.4131356,1.9216101,1.6525424,0.90466106,0.13135593,1.3665254,0.5444915,4.423729,0.038135592,1.1716102,1.3008475,1.9957627,1.1165254,0.06144068,2.8855932,0.038135592,14.305085,1.8241526,0.99788135,7.5635595,0.51059324,0.4894068,2.2394068,0.940678,0.24152543,1.4237288,9.597458,85.631355,1.947034,0.18855932,3.6525424,0.4088983,3.8368647,1.0381356,0.21398306,2.7182205,0.5423729,1.0338984,4.038136,11.264831,0.5572034,1.6906781,1.4618645,0.565678,0.038135592,0.39618647,0.036016952,0.7711865,0.016949153,1.881356,3.118644,0.1292373,0.06991526,0.470339,5.4555087,2.2817798,5.625,17.894068,0.012711865,47.523308,5.8135595,5.0826273,1.2436441,2.3432205,3.17161,3.4088984,0.5148305,1.1843221,1.5911016,0.5084746,0.08898305,0.084745765,1.8093221,0.22457628,0.57627124,2.0487287,0.5805085,1.720339,0.059322033,control
GSM317426,13.951807,2.8042166,4.3795176,9.084337,5.1596384,1.4518071,1.6746987,7.2409635,4.933735,5.9548187,3.822289,0.15361445,2.4849396,2.870482,8.41265,1.8072288,0.10843373,10.391566,2.0873494,3.8704817,1.1686746,0.71385545,1.6174698,1.7259035,0.560241,0.21385542,1.379518,0.71385545,2.5542169,0.07831325,0.93674695,1.4066265,1.5783132,0.95481926,0.036144577,3.3855422,0.0873494,14.265059,1.1385541,1.4186746,9.039157,0.66566265,0.5391566,1.7740964,0.8102409,0.2379518,1.5210843,9.632529,85.677704,1.4307228,0.24397591,5.900602,0.43373492,3.695783,0.9096385,0.30421686,3.2891564,0.48795182,1.4277109,3.5572288,14.28012,1.4126506,1.8042169,1.3584336,0.25903615,0.14457831,0.21987952,0.03313253,0.105421685,0.024096385,2.3915663,3.2198794,0.027108433,0.036144577,0.4457831,6.14759,1.7349397,5.0361443,20.084335,0.11445782,50.978912,5.2228913,4.6596384,0.9909639,2.810241,3.0602407,4.394578,0.83433735,0.98192763,1.5030121,0.29819274,0.12349397,0.045180723,1.4879518,0.19277108,0.61746985,1.3885541,0.53614455,1.0903615,0.042168673,control
GSM317432,14.7786455,2.0390625,4.2942705,8.239583,5.552083,2.2083333,2.2395833,11.4869795,5.8489585,5.606771,3.5703125,0.041666668,3.4921875,4.8567705,9.822917,1.5416666,0.072916664,10.346354,3.0234375,3.3255208,1.0859375,0.5078125,1.71875,1.25,1.0130209,0.25260416,1.6666666,0.6848958,2.5572915,0.3828125,0.9244791,1.1093749,1.21875,1.5286459,0.015625,2.1197917,0.052083332,17.354166,1.2734375,7.4375,9.6276045,0.3671875,0.7786458,1.5989584,0.1796875,0.3515625,2.1406248,11.213542,86.05469,1.4765625,0.890625,2.0572915,0.9895833,2.9401042,0.9791666,0.3645833,3.0703125,0.7994792,0.6276042,4.0625,12.3828125,0.6223958,2.328125,1.2838541,0.140625,0.005208334,0.24739583,0.140625,0.6067708,0.010416667,2.3359373,2.440104,0.25520834,0.054687496,0.6432292,4.973958,1.7083333,10.2109375,13.2838545,0.203125,37,5.4453125,3.7265625,1.7291666,1.640625,1.9791666,3.3072915,1.1067708,0.6848958,1.015625,0.4609375,0.06770833,0.065104164,1.4791666,0.052083332,2.205729,1.4817709,0.39322916,1.3880208,0.14583333,control
GSM317434,15.080645,2.8172042,3.376344,14.161289,7.1451607,1.9301075,1.3172042,14.854837,6.3709674,7.387096,5.704301,0.053763438,3.5376344,7.3118277,9.801075,0.9032257,0.5053763,12.435483,2.7096775,6.9838705,1.4838709,0.6612903,1.6827955,1.1774193,1.672043,0.23655914,2.2849462,0.48387095,2.2311826,0.091397844,0.5053763,2.3064516,2.3010752,1.3064516,0.6397849,2.3817203,0.032258064,16.666666,2.5322578,2.344086,13.301074,0.14516129,2.5591395,1.6182795,0.12903225,0.33870968,1.8118279,16.268816,128.26343,1.4408602,0.77419347,4.801075,0.45698923,3.424731,1.2473118,0.16129032,2.5913978,0.89784944,1.4838709,3.4677417,13.849462,0.5107527,2.112903,0.7365591,0.9516129,0.069892466,0.12365591,0.12903225,0.5268817,0.07526881,2.8225806,3.0376341,0.032258064,0.037634406,0.27956986,4.817204,2.844086,5.983871,20.12903,0.016129032,56.27419,5.38172,4.725806,1.1505376,3.4516125,3.1827955,3.9516127,0.55376345,0.27956986,1.7150537,0.68817204,0.107526876,0.021505376,1.5967741,0.069892466,0.6290322,0.81720424,0.80645156,0.89784944,0.032258064,control
GSM317435,15.830097,3.381068,5.211165,7.881068,5.305825,1.5995146,2.9538834,8.490291,6.441747,4.5339804,5.5485435,0.087378636,2.9368932,4.148058,9.691747,1.6213592,0.114077665,10.847087,2.684466,4.291262,1.4999999,0.64320385,1.4368932,1.6650485,0.8082524,0.21359223,1.5024272,0.7597087,2.2451456,0.3859223,1.0703883,1.5364077,1.3640777,1.42233,0.029126214,3.7281554,0.029126214,11.499999,1.487864,1.7330097,9.953883,0.5970874,1.0800971,2.012136,0.32038835,0.27427185,1.7063107,21.62864,87.28155,1.6237864,0.78398055,3.618932,0.26456308,4.106796,1.0509708,0.26456308,3.2063107,0.711165,0.72330093,3.434466,16.553398,0.8907767,1.776699,0.97330093,0.0461165,0.012135922,0.27184466,0.08252427,0.6359223,0.012135922,2.461165,3.0242717,0.036407765,0.25,0.7014563,5.0339804,2.143204,5.752427,15.679611,0.1699029,39.67961,5.0922327,4.1213593,0.8398058,2.3592231,2.514563,4.5752425,0.9053398,0.106796116,1.5849515,0.5315534,0.24514563,0.036407765,1.4587377,0.12864077,0.5436893,1.711165,0.58252424,1.2597088,0.06310679,control
GSM317436,14.436936,2.7207208,5.1644144,8.114864,5.238739,0.8783784,2.9369369,9.324325,5.8738737,6.594594,3.8130631,0.123873875,3.06982,3.7027025,10.191442,2.054054,0.7072072,10.259008,2.6036036,5.6126122,0.6869369,0.5382883,1.6306306,2.3175676,0.6801802,0.37837836,1.7027026,0.7094594,3.6238737,0.22747748,0.8986487,1.382883,1.2815316,0.9504505,0.06081081,4.216216,0.033783782,11.914414,0.5135135,0.5878378,7.9752254,0.8378378,0.9932432,1.8198198,0.2027027,0.17792793,2.1013515,18.360361,97.82658,2.3986485,0.18018018,3.5337837,0.3648649,3.68018,0.7477478,0.38963962,2.9391892,0.5518018,0.7657657,3.8333333,13.804054,0.8108108,2.5315316,1.0923424,0.40765765,0.009009009,0.074324325,0.33783785,0.5563063,0.018018018,2.2635136,2.1193693,0.022522522,0.22972973,0.6644144,4.382883,2.009009,4.0495496,19.786036,0.286036,46.317566,5.3355856,4.7094593,1.1463964,2.6554053,2.4572072,4.047297,0.7905405,0.36036035,1.4234234,0.3963964,0.09684685,0.04054054,1.4887387,0.072072074,0.16666667,1.2837838,0.7387387,1.385135,0.02027027,control
GSM317438,9.553745,1.752443,3.6710098,7.4039087,4.289902,2.348534,2.2345276,5.9185667,5.876221,5.4169383,5.4299674,0.1237785,2.3843648,3.0358305,7.8436484,2.247557,0.22801304,8.8925085,1.8501629,3.5179152,2.7263844,0.4820847,1.1661237,2.8175895,1.4071661,0.016286645,0.6188925,0.78175896,3.2996745,0.14006515,1.1986971,1.1791531,2.0781758,0.9381107,0.06840391,3.2996745,0.03583062,8.5114,0.9055374,1.4723127,8.947884,0.54723126,0.6319218,2.2638438,0.80130297,0.23127036,0.9381107,17.807817,60.361565,1.3583062,0.21498372,3.6026058,0.84039086,4.7198696,1.2149837,0.042345274,2.4364822,0.7068404,1.0814333,3.7296417,7.52443,0.6579805,1.325733,1.7719871,0.052117266,0.026058633,0.42996743,0.42996743,0.64169383,0.006514658,2.3452768,2.175896,0.06514658,0.3387622,1.6026059,4.4820848,1.7882737,5.1140065,13.231271,0.055374596,34.654724,4.2214985,3.9771986,1.1172638,0.990228,4.019544,4.7198696,0.4495114,0.247557,1.2052118,0.5504886,0.06514658,0.03583062,1.7719871,0.09120521,0.37459284,1.237785,0.6775244,1.6449511,0.247557,control
GSM317441,8.487805,2.695122,2.4756098,11.97561,3.5609758,1.3414634,1.2804878,6.445122,3.030488,2.7865856,3.0914636,0.085365854,2.2743902,5.6768293,9.268293,2.682927,0.8963415,6.4268293,1.6707318,2.6158538,5.2865853,0.11585366,1.3780488,1.042683,2.640244,0.018292684,0.8719512,0.45731708,1.4024391,0.07926829,0.74390244,1.5853659,1.6280489,0.51829267,0.12195122,2.9756098,0.18902439,9.841463,0.09146342,1.4634147,7.042683,1.2439024,0.20731708,1.347561,1.2012196,0.5731707,0.7378049,5.4268293,33.780487,1.5182927,0.17073171,1.5609757,0.39634147,2.432927,0.9390244,0.22560976,2.0487804,0.6585366,0.38414636,2.5792682,1.1280488,0.8231708,2.5548782,0.99390244,0.2987805,0.030487806,0.43292683,0.57926834,0.39634147,0.07317074,1.6585367,2.2500002,0.57926834,0.12195122,1.9024391,4.3170733,2.042683,3.140244,10.731708,0.20731708,23.445122,4.0060973,3.7256098,1.4512196,1.2621952,1.4390244,3.5731707,1.1097561,0.4695122,2.0060978,1.0060976,0.03658537,0.030487806,1.890244,0.42073172,0.66463417,1.0487806,0.31707317,0.9207317,0.03658537,control
GSM317442,14,3.6976745,5.3100777,8.653101,5.317829,1.9282945,2.8914728,8.903101,7.0038757,5.3914733,4.9980617,0.046511628,3.114341,4.1220927,10.358527,1.9050388,0.116279066,11.067829,1.9302325,4.162791,1.0562016,0.57751936,1.6492248,2.8585272,0.79457366,0.03875969,1.6860465,0.9612403,4.0542636,0.19573644,1.2112403,0.6492248,2.3275194,1.3488371,0.029069766,3.4689922,0.027131783,12.643412,0.875969,1.1976744,8.614341,0.5697674,1.1046512,1.9244187,0.7732558,0.22286822,1.2325581,34.001938,92.97286,1.7344961,0.91085273,5.1705422,0.627907,4.418605,0.8410853,0.2984496,2.7073643,0.57751936,0.91085273,3.2228682,13.51938,0.5542636,2.4089148,1.2790698,0.37984496,0.01744186,0.18217054,0.10271318,0.6705426,0.02131783,1.9108527,2.7558138,0.09689923,0.046511628,0.8255814,5.1744184,1.9670542,5.2616277,18.782946,0.12790698,40.846897,6.218992,4.763566,0.8333333,1.9127907,2.5717053,3.8333335,0.9224806,0.14147288,1.4089147,0.7015504,0.125969,0.11821705,1.3197674,0.036821704,0.3468992,1.5116279,0.36627907,1.0562016,0.04069767,control
GSM317447,13.500001,4.2052026,5.5867057,7.947977,5.8988442,1.4450867,2.0057805,10.858382,6.514451,6.3468213,4.589596,0.11560694,3.1907516,4.410405,10.286127,1.7514452,0.08959538,9.228324,1.7832371,4.5,1.2572255,0.6127168,1.8872834,2.82948,0.6763006,0.0982659,1.2919075,0.66184974,2.2109828,0.3063584,0.73988444,1.2745665,1.7369943,1.0057803,0.043352604,3.1329482,0.054913297,14.930635,2.2254336,2.150289,10.33526,0.109826595,1.1965319,1.6531793,0.6271677,0.24855493,1.5924855,14.098267,102.24567,1.6791908,0.7543353,4.0057807,0.58092487,3.0722547,1.0924855,0.32947978,2.8063583,0.51445085,0.8728324,2.3352604,14.034683,0.60693645,1.3583815,1.2514452,0.10404625,0.28034684,0.15606937,0.04046243,0.16184972,0.008670521,2.7109828,1.8034683,0.037572253,0.21387285,0.7861272,5.245665,2.5780346,5.0491333,18.83815,0.124277465,45.30925,6.0606937,4.16474,1.2080926,2.2745664,2.9277458,3.8930635,0.9884394,1.2138729,0.76589596,0.4248555,0.08381504,0.046242777,1.7109828,0.106936425,0.97109824,1.6416185,0.9739885,0.9393064,0.20231214,control
GSM317449,17.311005,3.4593303,6.105263,9.739235,7.5622015,1.5430622,3.0047848,10.866029,6.7583733,4.2822967,5.3540673,0.13636364,3.949761,5.1698565,9.241627,2.4186604,0.6148326,9.849283,2.4258375,4.980861,0.9449761,0.8684211,1.7392344,1.7464116,0.90909094,0.1985646,1.4521532,0.784689,2.88756,0.1076555,1.409091,1.3875599,1.2535886,1.1315789,0.09569378,2.5287082,0.0430622,17.629187,2.9545455,0.7344498,9.882775,0.54066986,1.0143541,1.8277513,0.90909094,0.35167465,1.0550239,19.071772,107.04785,1.6961724,1.1578948,3.5813398,0.7344498,3.7248805,1.3229666,0.3110048,3.3229663,0.67942584,0.6100479,3.7775118,19.555025,0.8636364,2.8349283,1.65311,0.354067,0.0215311,0.15311006,0.1555024,0.5909091,0.016746411,2.2129188,3.755981,0.026315792,0.24401914,0.9880383,5.6674643,1.8995216,5.311005,19.421053,0.0861244,49.748806,5.043062,5.270335,1.5598086,2.2177033,3.2846892,4.633971,0.5909091,0.5191388,1.6459332,0.4736842,0.03588517,0.23444977,1.4066986,0.04784689,0.56937796,1.8779905,0.7631579,1.3875599,0.04784689,control
GSM317452,14.809111,3.2646422,5.778742,9.826465,6.464208,1.3817787,2.4728851,8.234274,5.043384,5.1236444,3.9088936,0.1713666,3.3383946,4.2039046,6.5032535,1.570499,0.4229935,11.7396965,1.2017354,5.21692,1.2321041,0.4143167,1.7613883,1.6420823,0.7223427,0.44034708,1.8481561,0.8286334,3.6854663,0.1713666,1.1952277,1.5878525,1.5010846,1.0759219,0.052060742,3.110629,0.052060742,14.2429495,1.6550977,0.73969626,9.590022,1.1019523,0.44902387,1.0715835,0.7635575,0.21691975,1.0954447,12.006508,88.008675,2.0954447,0.15401301,1.4468546,0.7505423,3.2711499,0.91540134,0.23210412,3.5097616,0.56832975,0.79175705,4.1279826,13.778742,0.91540134,1.6117138,1.8156182,0.14967462,0.06941432,0.0824295,0.37310198,0.8004339,0.028199565,1.8893709,3.7483733,0.13232104,0.047722343,0.64859,5.3449025,3.1713665,3.659436,15.206074,0.060737528,50.490242,4.6572666,5.748373,1.1800435,2.5878525,2.4967463,3.7722342,0.55748373,0.483731,1.8416487,0.28850326,0.04338395,0.04338395,1.835141,0.05639913,0.24078092,1.5075922,0.46420825,1.0824295,0.106290676,control
GSM317453,16.27933,2.9748604,5.6899443,9.103353,5.748604,2.4608939,1.6061454,8.793296,5.0502796,4.50838,4.153631,0.09217878,3.234637,4.536313,8.438548,2.4217877,0.57262576,10.416202,2.1675978,4.5111732,0.86312854,0.86871517,1.659218,1.8603352,0.55586594,0.033519555,1.5027933,0.7458101,2.5949721,0.48882684,0.91061455,1.3910615,1.849162,1.1536313,0.16201119,3.592179,0.04469274,13.097766,0.37430167,1.1675978,9.430168,0.12849163,0.27374303,1.5083799,0.15921788,0.23463687,2.3212292,26.307264,94.79889,2.0530727,0.08938548,3.2150838,0.6983241,2.7430167,0.7597766,0.0726257,2.480447,1.0335196,0.8715084,5.2262573,8.9776535,0.61731845,1.7849163,1.5027933,0.05865922,0.019553073,0.11173185,0.053072628,0.932961,0.053072628,3.0391064,5.103352,0.13966481,0.19273745,0.3547486,6.064246,2.5167599,5.469274,21.751398,0.31843576,43.754192,6.069833,4.6452518,1.1061453,2.3798883,2.980447,4.9217877,0.4385475,0.76815647,1.4106146,0.6703911,0.05027933,0.055865925,1.3938549,0.11452515,0.575419,1.3882682,0.77653635,1.9329609,0.2206704,control
GSM317459,11.063013,2.4438355,3.4547944,9.142466,4.0520544,1.4164383,2.5808218,10.786302,4.2767124,5.2246575,3.8356164,0.12054795,2.8136985,3.8630137,13.619178,2.1890411,0.12876712,9.498631,1.2849315,2.460274,5.147945,0.66027397,1.9287672,3.7315068,2.1972601,0.3452055,0.43013698,0.4712329,4.7260275,0.21917808,0.8438356,1.5013698,3.0630138,1.3397261,0.057534244,3.1342466,0.035616435,24.750685,1.3671234,1.2547945,7.663014,0.8931506,0.25753424,1.6465753,0.21643835,0.52328765,1.1123288,21.7863,92.55069,1.7479452,0.13424657,8.613698,1.8246574,2.468493,1.369863,0.18356164,2.8849316,1.1424657,0.48493153,4.978082,3.2027397,0.7616438,1.7643836,1.2465754,0.31780824,0.21917808,0.057534244,0.08219178,0.69863015,0.057534244,2.2246575,2.6027398,0.04109589,0.1890411,0.22739726,3.6164384,2.5150685,3.9945207,12.065753,0.26849315,34.769863,4.241096,5.7534246,1.4520547,1.2958903,4.1424656,3.3260274,0.8356164,0.9205479,1.2328767,0.7150685,0.038356163,0.09315069,2.8246574,0.05479452,2.2465754,1.7479452,0.34246576,1.2465754,0.12602739,control
GSM317461,14.185354,4.1807775,5.7368417,9.352403,5.5835238,1.729977,2.7780318,8.636155,6.4256287,8.308925,4.0274596,0.33867276,3.1990845,3.221968,9.846682,1.3867276,0.597254,9.338673,2.2631578,4.416476,1.4256293,0.27002287,2.6659038,2.1693363,1.1647598,0.27688786,1.4187642,0.6864988,2.757437,0.27688786,1.2151029,0.9610984,1.8558351,1.2242563,0.07551487,3.9016016,0.0389016,14.782608,0.76659036,0.7597254,9.318078,0.34096107,0.6842105,1.535469,0.26773453,0.40732262,1.2379862,12.1670475,91.08695,1.6544622,0.1716247,5.5423336,0.41418764,3.4462242,0.8192219,0.28146452,2.95881,0.49427918,0.83295196,4.613272,14.9794035,0.6750572,1.7391304,1.7208236,0.61784893,0.09153318,0.33180776,0.21510296,0.5423341,0.013729977,2.208238,2.6064072,0.1716247,0.0938215,0.36384436,5.668192,2.231121,3.2860413,18.951944,0.27231118,43.574368,6.0983977,4.2974825,1.1350113,2.3913043,2.299771,3.9359267,1.0343249,1.0091532,1.3729976,0.3340961,0.10526315,0.027459955,1.8032037,0.082379855,0.13501143,1.3867276,0.4965675,0.9771167,0.011441647,control
GSM317462,14.622405,2.4232364,5.112033,9.109958,5.446058,2.039419,2.6078837,8.1742735,6.821576,4.2157674,3.76556,0.08921162,3.226141,4.26141,8.921162,2.033195,0.32157674,11.008298,1.6556016,4.703319,0.76970947,1.1141078,1.9564315,2.0207467,0.5103734,0.3879668,1.3630704,0.6244813,2.6431534,0.20331949,0.6431535,0.8091286,1.9356846,1.0228215,0.08091286,4.358921,0.029045641,12.551867,2.4813275,1.0269709,9.176348,0.5788381,0.74273854,1.5663899,1.0933609,0.26763484,1.5705392,26.145226,81.9834,1.6141078,0.36099583,4.3630705,0.659751,4.6950207,0.8360995,0.15352696,2.838174,0.9896265,0.92116183,4.2157674,13.641078,0.66804975,2.0373442,0.95228213,0.43360993,0.1286307,0.15975103,0.051867217,0.3858921,0.035269707,2.6369293,2.5290456,0.08091286,0.04564315,0.9377593,4.8236513,1.9585061,5.4107876,19.300829,0.085062236,45.73651,4.885892,4.892116,1.0311203,2.4273858,2.877593,3.3547716,0.5497925,0.719917,1.6244813,0.52282155,0.056016594,0.039419085,1.4937758,0.10580912,0.65145224,1.5497924,0.76970947,1.1286306,0.035269707,control
GSM317465,15.420543,2.8294573,4.47093,9.300387,5.6337214,1.4302326,3.403101,8.934109,6.523256,6.358527,4.7306204,0.062015504,3.261628,4.4573646,9.949613,1.6744186,0.29457363,12.637596,1.6782945,4.746124,1.4360465,0.25968993,1.2015504,1.3062016,1.0910852,0.20736434,1.5620154,0.8023256,3.9166667,0.31976745,1.2267442,0.9224806,1.9186046,1.9573643,0.031007752,4.494186,0.029069766,15.953488,1.6492248,0.7015504,7.3139534,0.16860464,0.74418604,1.6046512,0.41472867,0.30813953,1.2674419,13.232558,90.41473,1.5736433,0.29069766,5.498062,0.46705428,5.5542636,1.2228682,0.2771318,4.331395,0.87403095,0.92635655,4.713178,11.331395,0.5484496,1.8217055,0.9612403,0.16085272,0.06395349,0.2364341,0.29069766,0.29651162,0.015503876,1.507752,2.9612403,0.027131783,0.3391473,0.8624031,3.9166667,2.3372092,4.9379845,20.422482,0.08139534,49.94186,6.01938,5.5949616,1.1705427,1.622093,3.7693799,3.612403,0.6356589,0.40697673,1.1143411,0.8352713,0.031007752,0.029069766,1.6879845,0.032945737,0.58914727,1.0174419,0.58914727,1.9748062,0.03875969,control
GSM317466,14.930522,2.7915633,4.92804,10.540943,6.6178665,1.394541,3.325062,7.369727,5.9255586,5.3275433,4.369727,0.099255584,2.8734493,5.387097,9.114143,2.2307694,0.50124073,10.133995,2.5210917,5.049628,0.90322584,0.24813896,1.593052,1.8833747,1.2109181,0.2853598,1.4044665,0.5210918,3.2208438,0.21339951,1.2084367,1.1960298,1.5707196,1.2258065,0.034739453,3.890819,0.05210918,14.977667,0.20843671,2.8610423,9.186105,0.42183623,0.6501241,1.394541,0.19602978,0.19602978,1.7990074,20.617867,91.915634,1.9851117,0.7890819,3.4267993,0.4540943,3.682382,1.1091812,0.3101737,3.1364765,0.764268,0.98263025,3.4665012,16.521091,0.55583125,1.4367247,1.3225807,0.4565757,0.027295286,0.28039703,0.22828785,0.46898264,0.032258064,3.240695,2.1364765,0.079404466,0.2828784,0.6476427,5.503722,2.6451614,5.94541,14.51861,0.084367245,42.55087,4.816377,4.1885858,1.0942928,2.08933,2.2952855,3.1439207,0.9429281,0.99751866,1.0024815,0.34987596,0.2878412,0.3076923,1.9404466,0.034739453,0.83870965,1.4615386,0.3622829,0.9702233,0.044665013,control
GSM317468,15.401331,3.9512196,4.2350335,10.4434595,5.124169,1.1995566,3.742794,8.419069,5.909091,9.101996,5.381375,0.23946786,2.9866962,5.031042,10.463415,2.660754,0.3525499,13.261641,2.179601,5.048781,1.0354768,0.6940133,1.6075389,1.9844791,0.6119734,0.33481157,1.8381376,0.64745015,4.3481154,0.082039915,0.86917967,1.1219512,2.337029,1.5742794,0.07538803,6.57428,0.20177385,14.753881,1.7760533,2.2815967,8.4434595,0.60310423,0.751663,1.5742794,0.81152993,0.1396896,1.1485589,53.700665,91.50333,1.547672,0.5764967,8.8603115,0.5609756,4.179601,0.67184037,0.29046565,4.756098,0.68292683,0.45454547,3.4412417,13.485589,0.46341464,2.6186254,1.1064303,0.60310423,0.11973393,0.08647451,0.059866965,0.37028828,0.03547672,2.5099778,2.6186254,0.033259425,0.028824834,0.69844794,4.8137474,1.8403549,5.7827053,25.3459,0.23503327,52.434593,7.4478936,6.3237257,1.2439024,1.9512196,3.277162,3.7738361,0.47893572,0.18181819,1.4345899,0.28381377,0.15077606,0.06873614,1.3170732,0.09534369,1.2749447,1.4966742,0.6208426,1.3547672,0.028824834,control
GSM317471,15.753553,2.9715638,5.220379,9.407582,5.125592,2.0142179,3.5331755,8.805687,5.746445,5.040284,4.3933644,0.32464454,3.819905,4.5734596,8.42654,1.5450236,0.17298578,10.57109,1.9597155,5.13981,2.1682463,0.81990516,1.3104265,1.9170616,1.0189573,0.2085308,2.0734596,0.5663507,2.9739335,0.20379147,1.5213269,1.4241705,2.2417061,0.9502369,0.030805685,3.270142,0.06398104,14.805686,1.8056871,1.0900474,9.251184,0.1042654,1.3578198,1.5236967,0.76066345,0.25592417,1.514218,21.14692,98.36256,2.0758293,0.26303318,2.8672984,0.56872034,3.575829,1.1042653,0.27251184,3.6540282,0.5734597,0.5094786,3.383886,21.374407,0.56161135,1.549763,1.0758294,0.39099523,0.011848341,0.13507108,0.36492887,0.91469187,0.021327013,2.779621,2.5592415,0.101895735,0.16824643,1.1018957,4.5663505,2.5971563,5.106635,17.971563,0.059241705,45.523693,4.246445,5.798578,0.8436018,1.9715638,3.5331755,2.869668,0.43838862,0.02606635,0.92890996,0.7559241,0.25118482,0.07109004,1.8056871,0.23933649,0.53317535,1.5853081,0.5094786,1.2867298,0.021327013,control
GSM317472,20.607439,5.838843,8.177686,12.338843,10.392562,1.8636363,1.8595041,10.458677,10.066115,11.020661,6.1735535,0.057851236,2.5578513,5.2685947,12.942149,1.1900826,0.18181819,12.657024,3.0785124,6.2851243,0.76859504,0.6776859,2.0991735,2.7024794,0.95454544,0.012396694,2.3264463,0.3966942,2.8842976,0.29338843,0.8471074,0.9421487,2.3347106,1.5991735,0.028925618,4.3842974,0.028925618,18.706612,2.198347,1.3140495,11.53719,0.2231405,1.6528926,1.5950413,1.107438,0.29752064,1.785124,24.02066,113.3719,1.698347,0.98347104,9.677686,0.93801653,3.9917355,0.78512394,0.13636363,4.363636,0.80991733,0.74380165,2.5330577,15.053719,0.88842976,2.231405,0.58677685,0.07024793,0.24793388,0.041322313,0.03305785,0.041322313,0.012396694,4.1115704,4.049587,0.020661157,0.07851239,0.4504132,6.7272725,3.2479339,5.355372,34.768597,0.012396694,61.169422,5.5082645,6.780992,0.9256198,2.7561982,5.392562,4.483471,0.35537192,0.2644628,1.0495868,0.3016529,0.09504132,0.08264463,1.3966942,0.016528925,0.9958678,1.1528925,0.4504132,1.0123967,0.016528925,control
GSM317476,12.487272,1.9745454,2.7090907,6.643636,5.5418177,1.7963636,2.712727,6.843636,6.436363,2.9927273,4.1854544,0.09454545,2.461818,3.9563637,10.719999,3.3163633,0.15636364,12.887272,1.8145454,3.56,5.581818,0.46909088,1.1199999,4.2181816,1.9781818,0.014545455,0.85090905,0.5672727,3.9963636,0.20363635,0.96363634,1.3672726,2.5636363,1.6581817,0.08363636,2.8363636,0.03272727,15.694545,0.3090909,0.9490909,5.7854548,0.24727273,0.11636364,2.3054545,0.52363634,0.40363637,0.9309091,20.498182,34.072727,0.8727273,0.20363635,8.850908,0.47636363,4.1781816,1.08,0.29090908,2.4581816,0.7309091,1.1927272,2.509091,4.5745454,0.71636367,1.6181818,0.79272723,0.11272726,0.21818182,0.59272724,0.23272727,0.58181816,0.09454545,2.2072728,3.5927272,0.0690909,0.087272726,0.4109091,3.4981816,1.8654544,3.4945452,17.73091,0.5272727,40.076363,5.0945454,6.643636,1.3127272,0.93454546,3.810909,4.163636,0.54181814,1.4218181,1.9381818,0.4981818,0.047272723,0.02909091,2.0545454,0.03272727,0.31272727,1.2654545,0.9418181,1.0036364,0.03272727,control
GSM317477,15.250001,4.18883,3.3085108,8.81117,6.1117024,1.8005319,2.5345745,6.369681,6.6781917,6.449468,4.8563833,0.042553194,2.6356382,3.8005319,8.484043,1.4361702,0.13031915,10.952127,1.4627659,4.8404255,2.5159574,1.0026596,1.125,2.069149,1.5159575,0.19414894,1.7978723,1.0265957,2.6728723,0.20744681,0.9787234,1.2180852,1.268617,1.6117021,0.050531916,4.3484044,0.03989362,14.898937,2.0452127,1.4813831,7.478724,0.5611702,0.13829787,1.3643618,0.8164894,0.3856383,0.60372347,23.571808,73.34309,1.5079788,1.0292554,6.156915,0.69414896,4.994681,1.1117021,0.23404257,3.6914895,0.9175532,1.0292554,3.3936172,17.015957,0.5505319,1.9893619,1.3351064,0.27925533,0.17819148,0.2925532,0.034574468,0.6356383,0.013297873,2.5398936,2.6462767,0.02393617,0.061170213,1.1622341,4.0292554,1.925532,5.138298,21.577127,0.19414894,48.11702,5.526596,4.9707446,1.1356384,2.0957448,3.3776596,4.507979,0.8590425,0.92287236,1.1702127,0.122340426,0.4175532,0.045212768,1.5372341,0.042553194,0.7819149,1.4627659,0.57446814,1.0797873,0.1356383,control
GSM317480,15.111905,4.202381,5.2976193,11.473809,5.9904766,1.9309524,3.252381,7.0833335,6.454762,5.4285717,4.188095,0.061904762,2.4476192,4.8809524,8.080953,2.0261905,0.7,9.554762,1.804762,4.2,0.92857146,0.052380953,1.4380953,2.1904762,0.3904762,0.15238096,1.9595239,0.5809524,3.0261905,0.15238096,1.1166667,0.9166667,1.8785715,1.1142857,0.07619048,3.5595238,0.04047619,13.128572,1.0214286,0.9619048,8.504763,0.12857144,0.95476186,1.5595238,0.24523811,0.1404762,1.9023811,7.6285715,95.03571,1.8928572,0.3119048,5.0023813,0.6309524,3.9261904,0.98333335,0.23571429,3.3714287,0.81428576,1.2761905,3.147619,10.473809,0.4214286,1.9619049,1.5785716,0.33333334,0.004761905,0.17619048,0.05714286,0.45,0.026190476,2.3119047,2.0690477,0.03809524,0.04761905,0.74285716,5.578572,3.007143,6.3,18.926191,0.36666667,45.29286,6.8023815,4.8238096,0.7857143,2.2190475,2.3738096,2.642857,1.2214286,0.8738096,1.4095238,0.48333332,0.11904762,0.2404762,1.6642858,0.11428572,0.6309524,1.55,0.74761903,1.502381,0.026190476,control
GSM317484,16.128378,2.7094593,4.385135,10.648648,7.858108,2.2229729,2.8716216,8.054053,7.5337834,4.574324,5.189189,0.04054054,2.1824322,6.3986483,11.236486,0.85810804,0.23648648,10.614864,3.8648648,6.9864864,0.7635135,0.1081081,1.3783783,2.2229729,1.3986486,0.047297295,1.195946,0.4797297,2.162162,0.34459457,0.6081081,0.7094594,2.5743241,1.6756755,0.16216215,4.04054,0.047297295,12.729729,1.1824324,0.8175675,9.047297,0.18243243,1.1418918,0.9527027,0.18243243,0.02027027,2.4797297,20.35135,104.77026,1.7229729,0.36486486,4.466216,1.1891892,2.9729729,1.1283784,0.12837838,3.081081,0.9527027,1.4256756,3.351351,15.216215,1.1554054,0.8986486,0.9594594,0.29054055,0.013513513,0.2027027,0.14864865,0.18918918,0.027027026,3.3445945,3.0067565,0.121621616,0.65540534,0.12837838,6.168919,3.027027,5.466216,32.344593,0.3243243,65.47297,6.932432,5.486486,0.9864865,3.1216216,2.5,3.2635133,0.9729729,0.13513513,1.0675676,0.33108106,0.22297296,0.23648648,1.9999999,1.0135134,0.41216213,1.5472972,0.99999994,1.2364864,0.02027027,control
GSM317486,12.349537,2.6574073,3.3217592,7.902777,3.8611112,2.4583333,3.363426,7.5740743,6.888889,6.4699073,3.925926,0.2847222,2.5555556,2.4976852,9.738426,2.511574,0.5208333,12.8310175,2.613426,4.247685,2.8287036,0.2546296,1.2337962,2.9675925,1.6365739,0.2847222,0.5,0.66898143,3.6412036,0.25,0.84722215,1.1828703,2.5277777,1.7731481,0.071759254,6.240741,0.023148147,15.212963,0.84027773,1.375,4.9699073,0.537037,0.22685185,2.0416665,1.3935184,0.6203703,0.6967592,39.23148,34.229164,0.95138884,0.1273148,9.664351,0.52777773,6.270833,1.1273148,0.28703701,3.8402774,1.1041666,1.0162038,2.5509257,3.0023146,0.48379627,1.9166666,1.0046296,0.5347222,0.04398148,0.46296296,0.4328704,0.8541667,0.018518519,0.90509254,2.6550925,0.025462963,0.06481481,1.5046296,3.2685184,2.0625,3.6643517,17.68287,0.13888888,36.942127,5.256944,5.49537,1.4027777,2.0208333,2.736111,3.747685,0.6527778,0.22453703,1.8356482,0.8726852,0.25,0.032407407,1.6458333,0.08333333,0.48148146,1.5208333,0.81249994,1.5185184,0.113425925,control
