ID_REF,200987_x_at,201219_at,201386_s_at,201866_s_at,201898_s_at,202066_at,202300_at,202479_s_at,202489_s_at,202688_at,203168_at,203676_at,203851_at,203874_s_at,204047_s_at,204151_x_at,204391_x_at,204493_at,204557_s_at,204633_s_at,204806_x_at,204846_at,204863_s_at,204880_at,205404_at,205726_at,205984_at,206174_s_at,206925_at,206989_s_at,207266_x_at,207757_at,207899_at,208245_at,208601_s_at,208882_s_at,208944_at,209015_s_at,209156_s_at,209493_at,209523_at,209699_x_at,209735_at,209788_s_at,209959_at,210210_at,210506_at,210639_s_at,211582_x_at,211653_x_at,211794_at,211799_x_at,211904_x_at,212094_at,212238_at,212294_at,213680_at,213694_at,213900_at,214244_s_at,214283_at,214379_at,214565_s_at,215219_at,215663_at,215814_at,216373_at,216457_s_at,216652_s_at,217166_at,217380_s_at,217536_x_at,217757_at,217855_x_at,217863_at,217961_at,218075_at,218259_at,218357_s_at,218411_s_at,218454_at,219324_at,219530_at,219595_at,219699_at,219731_at,219869_s_at,220418_at,220433_at,220622_at,220641_at,220691_at,221011_s_at,221715_at,221780_s_at,221966_at,221967_at,222217_s_at,222273_at,52741_at,Group
GSM317398,5.8078604,0.7969433,11.111354,3.6200876,3.2423582,3.052402,17.058952,2.574236,0.9563319,0.91703063,0.6353712,1.3296944,2.4213974,2.6157207,0.61572057,9.078603,2.0283844,1.8624456,1.7336246,5.8930135,3.6746728,0.34061137,0.21397382,1.5611354,2.0982533,1.8689957,2.338428,7.4366817,0.19650656,1.7554586,2.982533,0.22270744,0.054585155,0.004366813,0.37991267,3.731441,2.231441,1.0720525,0.43668124,8.213975,2.4410481,3.4410484,6.1484723,0.5786027,1.7772927,0.8231442,0.021834062,2.6637557,0.38646293,3.5021834,0.19213976,1.8777294,0.019650655,8.668123,2.7423582,1.8646289,0.16157207,2.79476,1.6724892,0.026200876,0.5895197,0.34497818,0.06331878,0.17248909,0.09606988,0.04585153,0.11353712,3.0742362,1.6746725,0.13537118,0.23580788,0.09606988,15.644106,6.078603,2.7663755,2.8296945,0.9650656,20.572054,13.956333,0.8493451,0.15502185,2.106987,1.1179041,2.213974,1.187773,1.2117904,1.048035,0.041484717,0.07641922,0.015283844,0.2074236,0.36244544,3.2161574,0.13537118,1.746725,1.3144106,1.2510917,1.0960699,1.4585154,1.1790394,control
GSM317402,7.1957183,0.79816514,17.171253,4.770642,3.883792,1.7920488,17.46483,3.8501527,0.079510696,1.620795,0.50152904,1.211009,3.7370028,2.8501527,0.49541286,6.6697245,1.53211,2.0366971,1.3486238,4.085627,5.2629967,0.16207951,0.26605502,1.3119266,2.2201834,2.7798164,2.3119264,6.889908,0.12538226,1.0061163,4.6758404,1.0519878,0.4006116,0.02446483,0.66360855,2.6238532,2.7461774,0.9235474,0.5749235,6.9663606,1.6177369,4.6330276,5.7278285,0.18960243,2.058104,1.211009,0.045871556,3.0458715,0.8318043,3.7920487,0.10091743,1.6299694,0.45565745,4.146789,2.5504587,1.1100917,0.079510696,2.8990824,1.2201835,0.021406727,0.9908257,0.3761468,0.1529052,0.030581038,0.25382262,0.27522933,0.039755348,5.3577976,1.4556574,0.119266056,0.04892966,0.28746176,17.07951,5.4036694,1.2538226,2.9051986,1.2262996,14.357798,18.672781,0.82568806,0.039755348,1.5779816,1.2507645,2.6146789,0.9388379,1.4801223,1.4954128,0.22324158,0.38226297,0.015290519,1.0764526,0.5688073,4.030581,0.5045871,2.330275,1.7308867,0.9357798,1.2691131,1.0214068,1.556575,control
GSM317407,3.864985,1.15727,7.62908,2.3427298,3.2997031,3.008902,12.618694,2.15727,0.047477745,1.1023738,1.4332343,0.8902077,2.3664687,3.013353,0.65578634,4.850148,1.2893175,1.3249258,1.5934718,6.304154,2.869436,0.33531156,1.1038575,1.249258,2.689911,2.0222552,1.5252225,4.4376855,0.17507418,2.2284865,1.7611275,0.5504451,0.08160237,0.008902078,0.050445102,2.8412461,1.8204746,0.74629074,0.6780415,6.376854,2.498516,3.620178,2.8961422,0.6231454,1.8353114,0.51186943,0.2982196,1.6913946,0.5548961,3.8026702,0.7759644,0.86201775,0.20474777,7.6750736,1.8768545,2.7344213,0.615727,3.4406526,2.4703264,0.040059347,1.1305637,0.45845696,0.08456973,0.023738872,0.21513352,0.14985164,0.22106823,2.2566767,0.97626114,0.1439169,0.5281899,0.17507418,12.210682,3.1038575,2.8175073,2.4510384,1.5905043,16.91543,10.176558,0.9020771,0.33679524,1.4569732,1.12908,2.37092,0.59940654,0.9406528,0.60979223,0.11721068,0.28635013,0.010385756,0.68991095,0.37833828,2.5608308,0.53857565,0.95845693,2.0103858,0.9732937,0.6854599,1.3026706,0.80563796,control
GSM317410,3.666667,0.7940553,7.7048836,2.653928,2.9320598,2.5668793,13.227178,2.52017,0.14012739,1.0976646,1.1252655,0.45222932,2.1740978,2.0679407,0.656051,4.868366,1.6157113,1.0806795,1.3651806,5.2993636,2.6454353,0.5414013,0.90870494,1.2314225,1.1380043,2.1210194,1.8747348,4.713376,0.23779194,1.5244163,2.193206,0.5456476,0.24628453,0.08067941,0.070063695,3.131635,1.9193208,0.7813164,0.67303616,7.2951174,1.9639068,3.8089173,3.1337583,0.37579623,1.6921444,0.7961784,0.042462848,1.7961785,0.18471338,3.5838645,0.11889597,1.101911,0.22929938,6.1146502,1.774947,2.0912952,0.34394908,3.9002125,1.4628452,0.02760085,1.0764332,0.59660304,0.17834395,0.01910828,0.3099788,0.19745225,0.16560511,1.819533,1.0318471,0.24840766,0.07643312,0.2059448,11.231423,3.3736732,1.8174099,2.1719747,0.98301494,15.772825,10.921445,0.7643313,0.21868367,1.6900213,1.3290871,1.7324842,1.0360935,0.9745224,1.1507432,0.07855627,0.5010616,0.02760085,0.47558388,0.50530785,2.81741,0.789809,1.29724,0.50955415,0.7112527,1.0743101,1.6624205,1.2292994,control
GSM317412,5.0493097,1.0493097,8.808679,3.566075,3.0927024,2.224852,14.499014,2.948718,0.29980275,1.3550296,0.5838264,0.58185405,2.0552268,2.698225,0.678501,5.3510847,1.7455622,2.2998028,1.923077,5.8658776,4.8816566,0.17159763,0.75147927,1.5917159,1.6232742,2.1755426,1.6587771,5.0216966,0.0591716,2.504931,2.6390533,0.90729785,0.027613413,0.011834321,0.06903353,3.0177515,2.2919133,0.7218935,0.67455626,7.932939,2.4240632,3.4497042,4.4516764,0.67061144,1.8461539,0.88757396,0.05128205,1.8737673,0.3116371,3.1715977,0.24457593,1.4930966,0.30177516,6.3037477,1.7731756,1.7258383,0.18145956,4.1913214,1.4595661,0.047337282,0.8126233,0.37869826,0.2366864,0.01775148,0.28796846,0.09072978,0.013806706,2.366864,1.285996,0.13806707,0.4122288,0.07692308,13.353057,3.852071,2.6548326,2.0039449,1.3392506,18.315582,11.274161,0.9526627,0.092702165,1.4378699,0.94280076,2.3333335,0.6646943,1.2071006,1.0118343,0.15581855,0.17159763,0.0295858,0.4852071,0.8639053,2.4615386,0.27218935,1.6370809,1.6607494,0.84023666,0.98224854,2.0532544,0.8974359,control
GSM317413,3.5113122,0.8552036,4.2624435,1.4705883,1.8574661,2.9253395,11.052036,1.9389141,0.06787331,1.3959277,1.6877828,0.24886878,2.6651585,3.0384617,0.300905,4.719457,1.2466063,0.8529412,1.8529413,4.5904975,2.678733,0.17420815,1.061086,1.5701358,1.0429864,2.3891404,0.581448,4.063349,0.19004524,1.4977375,2.0882354,0.5565611,0.28054297,0.20135747,0.05882353,3.382353,1.6244345,0.7692308,0.9932127,9.115385,2.9592762,3.138009,2.8438914,0.11764706,1.719457,1.545249,0.040723983,0.9638009,0.44343895,2.5316744,0.6877828,1.0588236,0.4841629,8.647059,1.7579185,3.199095,0.18552037,4.2262444,2.4728508,0.18099548,0.73981905,0.5294118,0.25339368,0.024886878,0.08144797,0.1923077,0.12669684,2.5769231,0.5701358,0.18778281,0.59049773,0.3846154,11.527149,4.49095,2.6968327,3.0837104,2.4230769,20.567873,12.133484,0.7850679,0.24660634,1.5950227,1.5022625,3.036199,0.32126698,1.0226245,0.69004524,0.05882353,0.10859729,0.036199097,0.9004525,0.7285068,3.0565612,1.3936652,1.8054299,1.3076923,1.0429864,1.6583711,2.5384614,1.142534,control
GSM317416,4.471429,1.1206349,7.325397,2.2904763,2.5809526,3.5380952,10.963493,2.4539685,0.16825399,0.4587302,0.21904764,0.4714286,1.8095239,3.352381,0.61111116,4.7888894,2.125397,1.673016,2.3841271,5.5428576,3.009524,0.104761906,0.58571434,1.520635,1.4761906,2.44127,1.0920635,4.896826,0.18888889,2.9952383,2.5730162,0.53968257,0.03968254,0.0984127,0.1793651,3.98254,2.236508,0.8031746,0.89206356,8.969841,3.4634922,3.320635,3.798413,0.24126986,5.246032,0.87936515,0.06984127,1.4507937,0.12380953,3.1523812,0.12380953,1.0492064,0.23650794,9.98889,1.8444445,2.8507938,0.50317466,3.603175,1.9968256,0.058730163,0.7285715,0.49047622,0.057142857,0.019047622,0.21746033,0.45714286,0.10952382,2.4190476,0.8063492,0.22222224,0.34603176,0.06825397,13.253969,4.5793653,3.8539686,2.877778,1.3349206,20.37619,12.273017,1.3873017,0.5380953,1.6317462,1.352381,2.6666667,0.16666667,1.3174604,1.0714287,0.15396826,0.31269845,0.02698413,0.7825397,0.48571432,3.7063494,0.6269842,1.4015875,1.5682541,0.97142863,0.9603175,2.5603178,0.78095245,control
GSM317418,4.7253523,0.88967144,13.298122,4.0399065,3.3403757,3.3943665,17.103287,3.1431925,0.07042254,1.8098592,1.0985916,0.44835684,1.6384978,2.915493,0.65023476,5.8169017,2.4295776,1.0657278,2.1079814,5.5187798,3.3051646,0.15023474,0.6384977,1.4788733,1.9741784,2.3521128,2.6079812,5.6877937,0.23943663,1.9835682,3.6150236,0.24413146,0.079812214,0.016431926,0.29577467,3.3333335,2.4694836,1.2065729,0.629108,10.765259,1.6361502,4.1056337,4.6549296,0.41079813,1.7558687,0.730047,0.02347418,2.0845072,0.49765262,4.1361504,0.13615024,0.81690145,0.12206573,7.6596246,1.8497654,2.5868545,0.443662,4.345071,2.0469484,0.17605634,1.3638498,0.39201882,0.086854465,0.11032864,0.2746479,0.049295776,0.02112676,3.2793427,1.4389671,0.06807512,0.37558687,0.058685448,14.115024,4.5962443,2.6314554,2.0704226,1.2676057,17.509392,15.08216,0.9929578,0.41314557,1.5140846,1.258216,2.1502347,0.29812208,1.5187793,0.98356813,0.058685448,0.3685446,0.03286385,0.673709,0.34741786,2.9342723,0.39201882,1.3732395,0.77230054,0.96948355,0.45070425,1.7276995,0.9929578,control
GSM317421,4.2033896,1.0360171,8.862288,4.120763,3.3241525,3.3495765,16.485168,2.809322,0.04025424,1.1271187,0.8622882,0.48093224,2.2372882,3.6822035,0.49152544,4.976695,1.8029661,1.9216101,2.4110172,6.9385595,2.6038136,0.27118644,0.059322033,1.6800848,1.6525424,2.1080508,1.3665254,4.904661,0.34533897,2.4512713,3.0169492,0.69491524,0.048728812,0.12288136,0.06355932,4.519068,2.0254238,1.1059322,0.5529661,9.758475,3.3686442,3.2394068,3.561441,0.5677966,1.4661016,0.9830509,0.06567796,1.947034,0.18855932,3.6800847,0.29449153,0.9364407,0.32627118,9.902542,2.006356,2.3538136,0.19703391,4.5932207,1.881356,0.24364407,0.5466102,0.59322035,0.086864404,0.014830508,0.3495763,0.059322033,0.059322033,3.118644,1.0805085,0.20127119,0.48728815,0.17372881,13.620764,4.324153,2.6737287,2.7394068,0.8834746,20.495764,13.358051,1.2118645,0.7161017,1.5805085,1.292373,2.512712,0.720339,1.1398305,0.8368644,0.07838983,0.093220346,0.023305086,0.95127124,0.5084746,3.3453388,0.29872882,2.0487287,1.0317796,0.7966102,0.73093224,2.4427967,1.1144068,control
GSM317426,4.3795176,0.9096385,7.2409635,2.3433735,2.4849396,2.138554,15.728915,3.1415663,0.093373485,0.7439759,1.0843374,0.5722891,2.2379518,2.9367468,0.3885542,6.7861443,1.7259035,1.6174698,1.2048192,4.8644576,4.3825297,0.14759035,0.71385545,1.0120481,1.7259035,1.9548192,1.379518,5.210843,0.24698794,1.5240963,2.259036,0.66566265,0.20783132,0.13253012,0.06626506,2.629518,1.4698794,0.7650602,0.65361446,7.0030117,2.2198794,4.638554,3.2319276,0.37349394,1.8132529,1.0210843,0.03313253,1.4307228,0.24397591,3.5451806,0.12650602,1.5331326,0.30421686,5.981928,2.0722892,1.3343372,0.7620481,2.7289155,2.2228916,0.054216865,0.93072283,0.40361443,0.4066265,0.024096385,0.24096385,0.15361445,0.10843373,3.2198794,0.813253,0.4307229,0.0873494,0.012048192,12.14759,4.53012,2.2981927,2.563253,1.2951807,16.960842,12.716867,0.5903614,0.5963855,1.2108433,0.9036144,2.5933733,0.22289155,1.1415663,0.560241,0.0753012,0.4638554,0.03313253,1.2469879,0.29819274,2.8975902,0.813253,1.3885541,1.0421686,1.2319278,1.1837349,1.4879518,1.0301205,control
GSM317432,4.2942705,0.6666667,11.4869795,2.8177083,3.4921875,2.893229,12.1484375,2.8645833,0.065104164,3.388021,1.0677083,0.87499994,2.1953125,2.3046875,0.7317708,5.7005205,1.6510416,1.71875,1.640625,3.5546875,6.7317705,0.5104167,0.8697917,1.5052083,1.25,2.5859375,1.6666666,5.114583,0.5494792,1.7734374,4.8645835,0.7578125,0.033854164,0.065104164,0.078125,2.8385415,1.8515624,1.3333334,0.30729166,7.919271,2.1328125,3.5260415,0.484375,0.5989583,0.27604166,1.25,0.21874999,1.4765625,0.890625,3.765625,0.484375,3.5963542,0.13541666,5.346354,1.8463541,1.3776041,0.6875,2.5546875,2.7682292,0.026041666,1.1510416,0.2708333,0.15885416,0.015625,0.4427083,0.21354166,0.046874996,2.440104,1.1770834,0.29427084,0.09374999,0.26302084,5.2552085,3.8489583,2.1822917,1.6718749,1.3385416,14.661458,12.755208,0.51562494,0.9322916,1.046875,1.0312499,1.7760415,0.5130208,1.3489583,1.0546875,0.15104167,0.12239583,0.033854164,0.13020833,0.4609375,1.8359375,1.1276041,1.4817709,1.3229166,1.1015625,1.3307291,1.7317708,1.296875,control
GSM317434,3.376344,0.8333333,14.854837,3.1881719,3.5376344,1.4408602,13.693547,3.1935482,0.059139784,1.1989247,0.94086015,1.3978494,3.1827955,1.1612903,0.38709673,8.010753,0.97311825,1.6827955,0.091397844,2.9623654,4.596774,0.037634406,0.58064514,1.8655913,1.1774193,1.0430107,2.2849462,4.645161,0.6612903,1.1612903,4.725806,0.8333333,0.10215053,0.021505376,0.22580643,1.4892473,2.7580643,0.9247312,0.77419347,2.784946,0.80645156,4.9623656,6.5752687,0.6129032,2.6505375,0.516129,0.043010753,1.4408602,0.77419347,3.6290321,0.42473117,0.7580645,0.49462363,1.7150537,2.9193547,1.6505376,0.37096772,1.9623655,1.4838709,0.29032257,0.6935483,0.6666666,0.15591398,0.059139784,0.14516129,0.86559135,0.47849458,3.0376341,1.2741935,0.24731182,0.44086018,0.14516129,21.591396,3.9301074,0.91397846,1.4946235,2.2903223,7.4946227,16.295698,0.43548387,0.053763438,1.736559,0.7956989,2.505376,0.4623656,1.8010752,1.1290323,0.112903215,0.12903225,0.053763438,0.47849458,0.68817204,3.8064516,2.2634406,0.81720424,3.892473,0.7473118,0.8870967,0.4623656,1.3010752,control
GSM317435,5.211165,0.88349515,8.490291,3.4490292,2.9368932,2.2184465,12.701456,4.135922,0.45631066,1.6796116,1.3883495,0.86165047,2.252427,2.2038834,0.737864,6.201456,1.4635922,1.4368932,1.4029126,3.9902909,3.8859224,0.368932,0.89805824,1.6456311,1.6650485,1.5169903,1.5024272,4.711165,0.47330096,1.2791262,2.5703883,0.32038835,0.07038835,0.12864077,0.44902912,2.8373785,3.6359222,0.776699,0.71359223,7.4053397,1.6941748,3.3883495,4.1334953,0.25,1.6674756,0.6140776,0.048543688,1.6237864,0.78398055,3.7281554,0.13106796,2.002427,0.40048543,4.7936893,2.0631068,2.053398,0.7281553,2.9417474,1.9538834,0.053398058,1.4635922,0.35679612,0.0461165,0.016990291,0.097087376,0.19902912,0.12864077,3.0242717,1.2087379,0.15048543,0.14805825,0.097087376,19.723299,5.3592234,1.9805825,1.9077669,1.3276699,17.468447,11.402912,1.1310679,0.4538835,1.6262136,1.2524271,2.1747572,0.342233,1.1990291,0.8713592,0.053398058,0.036407765,0.029126214,0.70873785,0.5315534,2.762136,0.40776697,1.711165,1.8373785,1.0461165,1.1359223,1.5728155,1.0242718,control
GSM317436,5.1644144,1,9.324325,3.0405405,3.06982,1.804054,14.475225,2.6914413,0.10135135,1.2387388,1.222973,0.6554054,2.3873873,3.4346845,0.4054054,5.8716216,1.481982,1.6306306,1.7995496,6.3153152,3.4707208,0.3671171,0.6261261,1.5405406,2.3175676,1.8288287,1.7027026,4.9189186,0.27702704,1.6644144,2.4864864,0.33783785,0.04954955,0.13288288,0.045045044,2.921171,1.7792792,0.759009,0.8265766,9.1418915,1.9144144,4.11036,3.2995496,0.16891892,1.5067568,1.2522522,0.04954955,2.3986485,0.18018018,2.8423421,0.10585585,1.5337837,0.23648648,7.1711707,2.1734233,1.3806306,0.3873874,3.2905407,1.4527026,0.08108108,1.0765766,0.5315315,0.1036036,0.018018018,0.10810811,0.45045045,0.23198198,2.1193693,0.87387383,0.3873874,0.033783782,0.15765765,11.558558,3.054054,2.0608108,2.4234233,1.1621621,17.536036,13.254504,0.9211712,0.6869369,1.7545046,1.3873873,2.3806305,0.63738734,1.259009,0.8423424,0.08558559,0.18018018,0.022522522,0.6036036,0.3963964,1.945946,0.4842342,1.2837838,2.376126,0.81981987,0.8490991,1.9436938,0.7747748,control
GSM317438,3.6710098,1.0260587,5.9185667,2.0912051,2.3843648,2.1433227,13.674267,2.296417,0.0781759,2.801303,0.78827363,0.5342019,2.2214983,2.2117264,0.6384365,5.1270356,1.9153094,1.1661237,1.3127036,4.029316,3.8827362,0.39413682,0.6058632,1.6742672,2.8175895,2.7003257,0.6188925,4.4495115,0.3029316,1.1693811,2.8534203,0.5537459,0.08469055,0.013029316,0.5504886,3.2899022,2.631922,1.0716614,0.8469055,9.605863,1.9153094,3.2345278,3.1824102,0.5309446,0.7296417,1.0162867,0.19869706,1.3583062,0.21498372,3.4136808,0.18241042,1.257329,0.42996743,4.2833877,1.8501629,4.117264,0.1791531,3.5081432,1.7263844,0.045602605,1.2182411,0.5374593,0.06840391,0.03583062,0.36156353,0.22801304,0.09120521,2.175896,0.69381106,0.042345274,0.43648207,0.23778503,14.355049,4.8762217,2.1009772,1.970684,1.8338763,17.02606,13.716613,0.8175896,0.42996743,1.4201955,1.1074919,2.7557003,0.4136808,1.5276873,1.4267101,0.06188925,0.03583062,0.03257329,0.8045603,0.5504886,2.2084692,0.47231272,1.237785,2.3583062,0.9315961,0.7850163,1.6156352,1.5830618,control
GSM317441,2.4756098,1.6829269,6.445122,1.4146342,2.2743902,1.8231708,11.841463,3.1097562,0.07926829,0.28658536,0.6402439,0.6219512,3.4146342,2.0914633,0.93292683,8.70122,1.7439024,1.3780488,1.1280488,4.8414636,6.3170733,4.9939027,1.7256098,2.9695122,1.042683,1.5243902,0.8719512,2.8231707,0.37804878,1.6829269,2.378049,0.4390244,0.16463415,0.03658537,0.12195122,3.5243902,4.652439,1.25,0.9756098,4.4390244,1.2682927,4.9878054,7.4390244,1.25,0.41463417,1.3902439,0.067073174,1.5182927,0.17073171,6.7621956,0.15853658,2.5182927,0.11585366,4.542683,2.0731707,3.695122,0.6707317,2.0792682,4.1036587,0.1097561,0.5853659,0.9268293,0.26219514,0.1097561,0.9207317,0.25609756,0.030487806,2.2500002,0.84146345,0.085365854,0.6707317,0.34756097,27,3.3170733,1.4085367,1.8597561,0.8353659,7.72561,13.70122,0.6463415,0.51829267,1.3292683,0.93292683,2.6768293,0.75609756,1.6158537,2.3658538,0.12195122,0.10365854,0.04878049,1.9390244,1.0060976,1.4878049,0.9085366,1.0487806,2.0914633,1.7500001,1.7743903,1.3109757,1.8109757,control
GSM317442,5.3100777,0.8856589,8.903101,3.0387597,3.114341,2.846899,12.73062,2.498062,0.07364341,0.9748062,1.0891473,0.75581396,2.3217056,2.2093024,0.5581395,5.9166665,2.261628,1.6492248,1.0523256,4.6782947,3.2771318,0.21705426,0.9437985,1.507752,2.8585272,2.015504,1.6860465,5.5639534,0.21899225,1.75,2.9631782,0.41666666,0.20348836,0.005813954,0.050387595,3.4457364,1.6782945,0.7267442,0.80813956,7.9282947,1.8449612,4.125969,3.4360466,0.7151163,1.2441859,0.8236434,0.027131783,1.7344961,0.91085273,4.2984495,0.37403098,1.7073643,0.12403101,6.24031,2.003876,1.4476744,0.3352713,2.9689922,1.5930232,0.20930232,1.0775193,0.4127907,0.40310076,0.03488372,0.14341085,0.251938,0.13759689,2.7558138,0.99999994,0.31007752,0.058139533,0.20348836,12.8953495,4.6996126,1.8817829,2.2170544,1.8798449,15.872093,13.968992,0.79457366,0.5116279,1.6647288,0.9457364,2.5290697,0.7635659,1.3178295,0.9534884,0.062015504,0.07364341,0.032945737,0.78488374,0.7015504,3.1782947,0.6763566,1.5116279,1.6492248,1.0329458,0.9011628,1.9554263,1.131783,control
GSM317447,5.5867057,0.9479769,10.858382,2.7052023,3.1907516,2.6647398,14.138729,3.3208094,0.109826595,1.3294798,0.92485553,0.5433526,2.1965318,2.8410406,0.92485553,9.381503,1.6300579,1.8872834,1.2716763,4.2052026,4.3439307,0.50867057,0.69075143,1.4624277,2.82948,1.6618497,1.2919075,4.875723,0.3410405,1.632948,3.8410404,0.6473989,0.0982659,0.17341042,0.31791908,2.7369943,2.1589596,1.3670521,0.699422,6.2716765,1.83237,5.210983,4.294798,0.08092486,0.8526012,0.7601156,0.03179191,1.6791908,0.7543353,5.5000005,0.1531792,1.7254336,0.36127168,5.9248557,1.947977,1.5028902,0.682081,2.864162,1.7947978,0.06936417,0.6763006,0.2716763,0.0982659,0.054913297,0.2630058,0.20520231,0.017341042,1.8034683,1.1184971,0.15606937,0.40751448,0.19075145,16.540462,3.6358385,1.4595376,1.9855491,1.6965319,15.945087,13.508671,0.7514451,0.81502897,1.6589596,0.92485553,2.3468208,0.48554912,1.1791908,1.0895954,0.06936417,0.11271677,0.03179191,0.46820813,0.4248555,3.930636,0.56358385,1.6416185,1.4942198,0.7947977,0.69653183,1.4104047,0.79190755,control
GSM317449,6.105263,1.2535886,10.866029,3.0956936,3.949761,2.7751198,15.0741625,3.5263157,0.059808612,1.5550239,1.2105263,0.5263158,3.3923447,2.368421,0.430622,10.229666,1.9976077,1.7392344,2.0382774,5.3851676,4,0.1770335,0.6698565,1.354067,1.7464116,2.5311005,1.4521532,5.131579,0.36363637,2.3803828,4.1674643,0.8444976,0.05741627,0.028708136,0.16746412,3.4569378,2.2033494,1.0861244,0.64593303,10.4258375,2.4066985,5.002393,4.949761,0.430622,2.3732057,0.9832536,0.045454547,1.6961724,1.1578948,6.198565,0.08373206,1.9736843,0.215311,7.366029,2.2057416,1.8421053,0.06459331,2.9736843,1.5119618,0.059808612,0.8564593,0.49282297,0.055023924,0.05741627,0.2631579,0.16267943,0.20813397,3.755981,1.3181818,0.215311,0.13636364,0.11004785,15.765551,6.7511964,2.744019,2.88756,1.6052631,22.717703,12.35646,0.5382775,0.46411484,1.8851676,1.5598086,2.95933,0.4712919,1.3923446,0.95933014,0.28708136,0.07177034,0.0215311,0.3062201,0.4736842,3.0502393,0.34210527,1.8779905,1.8660288,0.92583734,0.83253586,2.035885,0.64593303,control
GSM317452,5.778742,1.2169198,8.234274,2.6117136,3.3383946,2.813449,17.748373,1.6529284,0.06507592,1.4967462,0.8872018,0.73969626,2.9978309,3.8937094,0.7483731,9.236443,1.6399132,1.7613883,2.373102,7.130152,3.6876357,0.54013014,0.362256,1.6312364,1.6420823,2.394794,1.8481561,6.429501,0.093275495,1.7939262,3.7483733,0.5900217,0.060737528,0.036876358,0.5010846,3.5314534,2.7635574,1.438178,0.83947945,10.548807,3.427332,6.4989157,4.9501085,0.38611713,1.6420823,0.99132323,0.047722343,2.0954447,0.15401301,6.587853,0.39696312,1.5314534,0.2364425,15.134491,1.3557484,1.2386117,0.46637744,3.3101954,1.1084598,0.06507592,0.29934925,0.43167028,0.12364425,0.03253796,0.35357916,0.17787418,0.09544469,3.7483733,0.9587853,0.20824297,0.29501086,0.06941432,16.720173,4.1691976,3.308026,2.7396965,0.99132323,21.83514,12.281996,1.1518438,0.106290676,1.5683298,1.1062907,2.0412147,1.0173537,1.1301519,1.4295012,0.06290673,0.0867679,0.04338395,0.5097614,0.28850326,3.3752713,0.4360087,1.5075922,1.0737528,0.7809111,0.813449,1.4707159,1.1301519,control
GSM317453,5.6899443,0.4664805,8.793296,2.8324025,3.234637,2.036313,11.882682,2.5586593,0.11173185,1.9441341,0.8072626,0.86312854,2.7486036,2.1173186,0.5837989,7.446928,1.2513967,1.659218,1.611732,4.382682,4.248604,0.10055866,0.67877096,1.1229051,1.8603352,1.4106146,1.5027933,4.723464,0.24581008,1.9189944,3.301676,0.07821229,0.11452515,0.10055866,0.027932962,2.5810058,2.7178774,0.77653635,0.86592185,7.4050283,2.1899443,5.874302,6.307263,0.56703913,0.77653635,1.0698324,0.31843576,2.0530727,0.08938548,5.120112,0.13687152,1.3631285,0.66480446,7.29609,1.6843576,1.3324023,0.5921788,2.4273744,0.70391065,0.2960894,1.3743018,0.78770953,0.32122907,0.18715084,0.2932961,0.19832402,0.12290504,5.103352,1.0083799,0.31005588,0.10893855,0.17318437,17.192738,2.6815643,1.7262571,2.3212292,1.6675979,16.251398,11.282124,0.5167598,0.19273745,1.4106146,0.7932961,2.5418997,0.081005596,1.8798884,1.5139666,0.17039107,0.18994415,0.039106146,0.31843576,0.6703911,3.5251398,0.19832402,1.3882682,0.5167598,0.9748604,1.5586593,1.5810056,1.5111732,control
GSM317459,3.4547944,1.0356164,10.786302,2.5589042,2.8136985,3.6328769,13.079452,2.3123288,0.049315065,0.96986306,1.1835617,1.1726027,1.830137,2.2109587,0.8383562,7.9753428,1.1150686,1.9287672,1.2794521,4.00274,6.120548,1.3369863,1.690411,1.4712329,3.7315068,1.3753425,0.43013698,4.4575343,0.37534246,3.0739725,5.49863,0.31780824,0.073972605,0.25753424,0.30958906,3.380822,5.0328765,3.7506847,1.6876712,3.630137,2.6,5.550685,3.7342467,1.060274,2.2219179,1.969863,0.043835618,1.7479452,0.13424657,5.657534,0.101369865,1.6273973,0.16712329,5.5424657,2.5589042,5.4136987,0.7315069,2.2575343,2.9835618,0.27123287,1.3232876,0.5287671,0.0849315,0.076712325,0.06849315,0.39452052,0.07123287,2.6027398,1.3342466,0.3068493,0.6109589,0.36438358,14.641096,3.7945206,1.090411,1.6794521,1.2328767,8.210959,11.556164,0.7863014,0.91780823,1.6958904,1.2383562,2.2520547,0.83013695,1.0465753,1.5452055,0.12054795,0.33150685,0.02739726,0.8219178,0.7150685,1.5452055,0.36438358,1.7479452,0.4109589,0.5890411,0.29041097,1.1972603,1.5178082,control
GSM317461,5.7368417,1.0022882,8.636155,2.8169334,3.1990845,1.7162471,15.544621,2.7345536,0.086956516,1.501144,1.2494278,0.9496567,2.0389016,2.9679632,0.7391304,7.521739,1.361556,2.6659038,1.9199084,4.6315784,3.9473681,0.07322654,0.8260869,1.5789473,2.1693363,2.340961,1.4187642,5.1441646,0.15789473,1.7070937,3.0274599,0.38215104,0.11441647,0.009153318,0.057208236,2.0228832,1.743707,1.0137299,0.5652174,9.812356,2.1967962,3.6224256,3.5263157,0.43935928,1.0526315,0.7002288,0.04576659,1.6544622,0.1716247,4.9702516,0.0778032,1.6979403,0.08009153,6.1281457,2.0686498,1.9839815,0.48283753,3.1167047,1.8100685,0.03432494,1.7185353,0.201373,0.06864988,0.011441647,0.0389016,0.041189928,0.03661327,2.6064072,0.5743707,0.26086953,0.052631576,0.194508,11.4141865,4.4759727,2.340961,2.5812356,0.9748283,14.411899,13.794049,0.7528604,0.51716244,1.4874141,1.5652174,1.98627,0.48741415,1.1693363,1.0778031,0.36155605,0.13272311,0.26773453,0.36842105,0.3340961,2.5743706,0.68192214,1.3867276,1.4141876,1.1029748,1.1762013,2.347826,0.8512586,control
GSM317462,5.112033,1.1348547,8.1742735,2.7468877,3.226141,2.1970954,14.535269,1.8983401,0.056016594,0.9419087,0.75311196,0.64730287,2.3941908,2.244813,0.5311203,6.4211617,1.8506222,1.9564315,1.6307052,4.7800827,3.112033,0.23029046,0.5456431,1.2406638,2.0207467,1.8319502,1.3630704,5.5082984,0.2365145,1.9585061,3.1037345,0.3838174,0.1078838,0.10580912,0.30290455,2.83195,2.4294603,0.8049792,0.6867219,8.425311,2.9688797,3.4813278,4.9149375,0.1825726,1.6286306,1.1265559,0.04356846,1.6141078,0.36099583,3.7800827,0.31535268,1.3609958,0.022821575,6.377593,1.8941908,2.1784232,0.88796675,3.3381739,1.0456431,0.06639004,0.5248962,0.44605806,0.29668048,0.07676348,0.4087137,0.2551867,0.14315352,2.5290456,0.946058,0.19917013,0.051867217,0.014522821,14.473027,5.170124,1.9232364,2.2489626,0.7033195,16.09751,13.350621,0.66182566,0.22821575,1.4917012,1.5726141,2.4087136,1.0746887,1.1887966,1.2448132,0.03319502,0.14315352,0.099585064,0.67634845,0.52282155,3.1244812,0.16182572,1.5497924,1.2759335,0.66597503,0.93153524,1.5912862,1.3278008,control
GSM317465,4.47093,1.1182171,8.934109,2.2170544,3.261628,2.3875968,15.027132,1.874031,0.10852713,0.37790698,0.75581396,0.5736434,1.864341,2.6957366,0.6317829,6.45155,1.8003876,1.2015504,1.7480619,7.0213175,3.9127905,1.1724806,0.8992248,1.2131783,1.3062016,2.0697675,1.5620154,5.162791,0.12403101,2.0174417,3.0329456,0.7131783,0.08139534,0.013565891,0.05232558,3.850775,1.7810078,0.7616279,0.53100777,10.645349,2.389535,4.978682,2.102713,0.32364342,0.7151163,0.9709302,0.04069767,1.5736433,0.29069766,4.7751937,0.37015504,0.89728683,0.27131784,9.124031,1.7596899,2.899225,0.49224806,3.9980621,2.4418604,0.12015504,1.5387597,0.5271318,0.26550388,0.019379845,0.09108527,0.31589144,0.1744186,2.9612403,1.2945737,0.2112403,0.34108528,0.17829457,10.166666,4.5174417,2.625969,1.8837209,1.507752,18.374031,14.637597,0.65891474,0.5251938,1.618217,1.242248,2.1918604,0.3527132,1.2926356,0.625969,0.116279066,0.2383721,0.031007752,0.8352713,0.8352713,1.6492248,0.7054264,1.0174419,1.5813953,1.0310078,0.9011628,2.4554262,1.1337209,control
GSM317466,4.92804,1.0248139,7.369727,2.0372207,2.8734493,2.0744417,13.315136,1.6426798,0.079404466,2.223325,1.0148884,0.6674938,2.573201,2.7146404,0.67493796,8.851117,1.471464,1.593052,1.5086849,3.6253104,3.630273,0.121588096,0.6327543,0.97270477,1.8833747,2.027295,1.4044665,4.83871,0.044665013,1.8684864,4.2555833,0.3870968,0.079404466,0.079404466,0.3126551,3.4937966,2.516129,0.8263027,1.3275435,7.697271,1.7717122,5.645161,3.0942929,0.7444169,0.9454094,0.8039703,0.074441686,1.9851117,0.7890819,5.4764266,0.32754344,2.126551,0.30521092,7.573201,1.8858562,2.004963,0.33995038,3.0173697,1.9379653,0.05707196,0.83870965,0.5235732,0.13895781,0.019851116,0.14888337,0.12655087,0.21091811,2.1364765,1.1315136,0.13151366,0.34987596,0.20099257,14.320099,5.307692,1.8163772,1.8436725,1.7171215,16.73201,15.699752,0.4764268,1.0148884,1.6997519,1.223325,2.4168735,0.6253102,1.3176179,0.9751861,0.042183623,0.46650124,0.05955335,0.7468983,0.34987596,3.0744417,0.91067,1.4615386,1.9379653,1.1811414,1,1.8957816,1.0272954,control
GSM317468,4.2350335,0.95343685,8.419069,2.4988914,2.9866962,2.4456766,11.931264,2.1773837,0.055432376,2.2017741,0.8780488,0.51219517,2.2217295,2.4390244,0.64966744,5.3104215,1.1441242,1.6075389,1.3104213,6.5720625,3.583149,0.34811532,0.8980045,1.3658537,1.9844791,1.7450111,1.8381376,4.2483373,0.055432376,1.7317073,3.390244,0.42572066,0.06430156,0.09977828,0.32150778,3.0997784,2.9290469,0.9933482,0.34589803,7.9135256,2.7184036,3.7760534,4.758315,0.49445677,1.8625278,1.1906874,0.028824834,1.547672,0.5764967,3.5654104,0.1396896,1.6230599,0.2660754,9.4102,1.9866964,1.4900222,0.25720623,2.7472286,1.6097561,0.13747229,1.044346,0.368071,0.05764967,0.015521065,0.028824834,0.23059867,0.082039915,2.6186254,0.86031044,0.29268295,0.46563196,0.19512196,18.02661,3.818182,1.3547672,2.0975611,2.0709536,14.84479,11.372507,0.46563196,0.54545456,2.2527716,1.2017739,2.0399115,0.4079823,1.3614192,1.1308205,0.015521065,0.4013304,0.09534369,0.3192905,0.28381377,2.4523282,0.5166297,1.4966742,2.1019957,1.044346,0.89578724,1.2638582,1.1175168,control
GSM317471,5.220379,1.0260663,8.805687,2.4526064,3.819905,3.161137,14.06635,2.7251184,0.18483412,1.2559241,1.2535545,0.8909952,2.1303318,2.156398,0.39099523,7.7677717,1.6658767,1.3104265,1.5023696,4.720379,3.1658769,0.13981043,0.3554502,1.6090047,1.9170616,2.4028435,2.0734596,4.872038,0.19905211,2.0521326,3.298578,0.5094786,0.056872036,0.06398104,0.24170615,3.8104265,2.0236967,1.2156397,0.6611374,10.229857,1.985782,3.741706,4.6161137,0.21800947,1.8151658,0.6445497,0.03554502,2.0758293,0.26303318,5.7582936,0.1563981,1.4478672,0.07109004,8.049763,1.9075829,1.6540284,0.18720378,3.5379145,1.6729857,0.18246444,0.66587675,0.4905213,0.033175353,0.03791469,0.20616113,0.20616113,0.11374407,2.5592415,1.4265403,0.25592417,0.20616113,0.40521327,14.587677,4.350711,2.4952607,2.2180092,1.2819904,17.246445,15.151659,0.94549763,0.33649287,1.6090047,1.2345971,2.4739337,0.6113744,1.1800947,1.0734596,0.023696681,0.13507108,0.014218009,0.3862559,0.7559241,2.670616,0.116113745,1.5853081,1.663507,0.74170613,0.91469187,1.8933649,1.5758293,control
GSM317472,8.177686,0.8719008,10.458677,2.6157024,2.5578513,1.4338843,16.88843,2.677686,0.1735537,1.2438016,1.3305786,0.62809914,2.6033058,2.0950413,0.59090906,10.7190075,1.177686,2.0991735,0.77685946,6.3305783,4.338843,0.057851236,0.11570247,1.7644628,2.7024794,2.4421487,2.3264463,4.9917355,0.22727272,0.80165285,3.7355373,0.60743797,0.049586777,0.14049587,0.024793388,1.8719008,2.1404958,1.0454545,0.76033056,5.590909,1.8884298,5.338843,4.268595,0.3305785,1.4132231,1.2024794,0.03719008,1.698347,0.98347104,4.0123963,0.15702479,1.5619835,0.2768595,2.446281,2.0826447,2.053719,0.057851236,2.3140495,1.9338843,0.03305785,0.98760325,0.55785125,0.07438016,0.016528925,0.03719008,0.06198347,0.028925618,4.049587,1.4710743,0.09504132,0.016528925,0.29338843,13.987603,5.380165,1.177686,2.268595,1.838843,10.057851,20.322313,0.5165289,0.38429752,1.5867769,1.2396694,2.4710743,0.30578512,1.7892561,0.6859504,0.041322313,0.028925618,0.024793388,0.80991733,0.3016529,2.8842976,0.4628099,1.1528925,3.2479339,0.6694215,1.0454545,0.9421487,1.2314049,control
GSM317476,2.7090907,1.3090909,6.843636,1.4690909,2.461818,3.3163633,13.352727,1.1454545,0.17454545,5.690909,0.9090909,0.84,2.1636362,2.421818,0.45454544,6.4181814,2.1490908,1.1199999,1.5236363,5.410909,6.4218183,0.3090909,0.05818182,1.9636363,4.2181816,2.0836363,0.85090905,3.661818,0.38181818,2.0945454,3.1527271,0.3490909,0.0690909,0.014545455,0.5854545,4.923636,7.945454,1.92,0.79272723,7.1418176,2.821818,3.9709089,8.752727,0.11636364,0.17818181,0.71636367,0.05818182,0.8727273,0.20363635,3.5309088,0.19272727,2.6545453,0.38545454,3.5454545,1.8036362,4.723636,0.21818182,2.5163634,3.050909,0.03272727,1.36,0.48,0.3272727,0.021818181,0.021818181,0.05818182,0.38181818,3.5927272,1.2145455,0.05818182,0.43272725,0.21818182,31.101816,5.832727,1.7345455,2.0690908,1.4399999,9.465454,21.207272,0.91999996,0.09454545,1.9745454,1.3018181,2.0690908,0.13090909,1.4727272,1.9272727,0.087272726,0.15272726,0.10545455,0.76363635,0.4981818,1.8836362,0.17454545,1.2654545,2.1636362,1.0727272,1.4145454,2.3999999,1.5854545,control
GSM317477,3.3085108,1.0558511,6.369681,1.9920213,2.6356382,2.662234,14.648936,2.4468086,0.082446806,1.0638298,0.5771277,0.71010643,1.9547873,3.2127662,0.6728723,6.507979,1.4521277,1.125,1.2021277,5.720745,3.7952127,0.18617022,0.9547873,1.4388298,2.069149,1.9069148,1.7978723,4.390958,0.13031915,2.2154257,2.1968086,0.64893615,0.1356383,0.14361703,0.058510642,2.8882978,2.343085,1.0664893,0.8111702,6.9095745,2.0744681,3.867021,3.0851064,0.3643617,1.7154256,0.78723407,0.061170213,1.5079788,1.0292554,2.5851064,0.2712766,1.675532,0.3138298,6.5,1.787234,2.343085,0.4920213,2.444149,2.4787233,0.05319149,0.57978725,0.122340426,0.077127665,0.05585106,0.13297872,0.16489361,0.32978722,2.6462767,1.0372341,0.22606383,0.5,0.09574468,16.648937,5.651596,2.2606382,2.4547873,1.9893619,16.707447,12.452128,0.50265956,0.84042555,1.4494681,1.2260638,2.4148939,0.46542555,1.2180852,0.5771277,0.082446806,0.21808511,0.21010639,0.3324468,0.122340426,1.9042553,0.13031915,1.4627659,2.0292554,0.981383,1.1861702,2.0292554,0.8643617,control
GSM317480,5.2976193,0.8857143,7.0833335,2.3214285,2.4476192,2.352381,13.809525,1.9023811,0.083333336,2.6785715,1.1761905,0.77142864,3.2666667,2.904762,0.7642857,6.7690473,1.4404762,1.4380953,1.502381,4.209524,3.7142859,0.41190475,0.7595238,1.4238095,2.1904762,2.2619047,1.9595239,4.6309524,0.104761906,1.3690476,3.4309525,0.3,0.1904762,0.17857143,0.6452381,2.9404762,2.8809524,0.5857143,0.45238096,6.792857,2.4904761,4.845238,4.354762,0.56904763,0.53571427,1.4404762,0.07619048,1.8928572,0.3119048,4.3809524,0.20238096,1.395238,0.2904762,8.223809,2.2214286,1.302381,0.3357143,2.8833334,1.1190476,0.15476191,0.9404762,0.6357143,0.0952381,0.014285715,0.37142858,0.06904762,0.13571428,2.0690477,0.9880953,0.092857145,0.3404762,0.19761905,17.757143,3.997619,2.3690476,1.9452381,1.757143,17.054762,14.185715,0.7357143,0.33095238,1.4666667,1.1880953,2.0547621,0.7857143,1.2380953,0.7619048,0.05714286,0.34285715,0.061904762,0.8214286,0.48333332,2.6690476,1.0380952,1.55,1.4928572,0.8333334,0.7595238,2.0928571,1.2690476,control
GSM317484,4.385135,0.83108103,8.054053,2.52027,2.1824322,1.8445945,14.75,2.8175676,0.18243243,1.027027,0.5202702,1.081081,3.5337837,1.7297297,0.9864865,10.959458,1.3243243,1.3783783,0.44594592,3.3716216,4.4729724,0.28378376,0.09459459,2.5540538,2.2229729,1.5337838,1.195946,4.29054,0.5405405,1.2094594,4.466216,0.09459459,0.45270267,0.02027027,0.5135135,2.1824322,1.4527026,1.0337838,1.2905405,3.4391892,1.2094594,5.7567563,5.027027,0.24324323,0.6283784,0.87837833,0.027027026,1.7229729,0.36486486,2.8378377,0.3716216,2.2364862,0.47297296,3.0405405,2.3175673,1.3378377,0.121621616,1.608108,1.4391891,0.033783782,1.1418918,0.5608108,0.13513513,0.18918918,0.49324325,0.13513513,0.33783782,3.0067565,1.3648648,0.64189184,0.24324323,0.16216215,14.371621,5.8581076,0.93918914,2.6756754,1.1148648,11.567567,17.91216,0.24324323,0.121621616,1.5135134,1.554054,1.7905405,1.1689188,1.1756756,1.1283784,0.10135135,0.074324325,0.04054054,2.4256756,0.33108106,2.8378377,1.1756756,1.5472972,2.2567568,1.1891892,0.99999994,0.9189189,1.4054053,control
GSM317486,3.3217592,1.2013888,7.5740743,1.6759259,2.5555556,4.3032403,9.569444,2.3634257,0.7199074,3.0324073,0.57638884,0.85648143,2.4953704,2.5648148,0.4537037,5.0393515,1.8541666,1.2337962,1.1388888,7.3101845,5.710648,0.2708333,1.0717592,1.824074,2.9675925,1.486111,0.5,4.0254626,0.13888888,1.4907408,2.3564816,0.6481481,0.03472222,0.013888889,0.5810185,3.2708333,3.3055556,1.4768518,1.4930555,6.944444,3.1203704,4.053241,11.958332,0.7222222,1.2824074,1.361111,0.032407407,0.95138884,0.1273148,3.7268517,0.14583333,3.6203701,0.6782407,3.601852,2.085648,2.335648,0.7615741,2.2569444,4.4560184,0.1412037,0.49768516,0.51620364,0.05787037,0.018518519,0.21527778,0.3726852,0.12268519,2.6550925,0.724537,0.5393518,0.4212963,0.8055555,29.115742,5.201389,1.2453703,1.8958333,1.761574,10.608796,13.479166,0.6203703,0.08333333,1.4953703,1.800926,4.162037,0.1736111,1.5416666,1.7199074,0.08333333,0.15277778,0.04861111,0.5509259,0.8726852,2.872685,1.0462962,1.5208333,2.4027777,0.6504629,0.56249994,2.101852,1.7685184,control
GSM317387,3.152,1.5386667,9.525334,1.5013334,2.8266668,2.2133334,13.797335,2.7706668,0.82933336,0.7866667,0.44,0.25333333,2.104,2.5226667,0.34666666,6.9573336,1.4773334,1.32,3.144,6.696,3.6480002,0.3866667,0.75200003,1.5120001,0.26933336,3.9786668,0.66400003,4.232,0.29333335,1.2720001,2.2906668,0.40800002,0.055999998,0.208,0.034666665,3.2826667,0.9653334,0.49066666,0.7546667,12.802667,3.0106668,3.376,1.4986668,0.784,1.2373334,0.83466667,0.018666666,1.9066668,0.111999996,2.9733334,0.79733336,0.8640001,0.25066665,13.538668,1.904,4.4266667,0.4826667,2.872,2.832,0.23733333,0.464,0.39733332,0.15466668,0.034666665,0.061333332,0.050666668,0.30666667,2.5733335,0.67733335,0.2,0.5466667,0.09866667,6.714667,4.357333,3.104,2.512,0.25866666,20.714666,17.373333,1.2080001,0.6186667,1.5786667,1.5653334,2.3600001,0.120000005,1.2346667,0.7626667,0.026666667,0.192,0.034666665,0.08533334,0.6293334,2.904,0.122666664,1.3466667,0.30933335,0.8986667,1.2773334,1.5306667,1.2133334,schizophrenia
GSM317390,2.586626,1.443769,6.960486,1.7325227,2.4589665,3.1580546,7.990881,1.911854,0.93920964,0.44376898,1.2948327,0.5410334,1.9604862,3.3890576,0.27355623,5.550152,2.617021,0.8297872,1.8753799,6.708206,3.4376898,1.0334346,0.8449847,1.5258359,1.2340424,3.006079,0.5866261,3.528875,0.115501516,2.100304,3.386018,0.3130699,0.04255319,0.012158054,0.17325227,4.3829784,2.012158,0.793313,0.73860174,10.218844,2.9817626,4.2340426,1.6048632,0.8784194,0.6291793,1.1550151,0.05471124,1.1337385,0.082066864,3.3677812,0.18844983,2.1641335,0.06382978,6.4468083,1.8966565,3.805471,0.57750756,4.1975684,5.2887535,0.3525836,0.71124613,0.38601822,0.13677812,0.018237082,0.012158054,0.045592703,0.015197568,2.3039513,0.93920964,0.3161094,0.38905773,0.16413373,9.197568,4.680851,2.4012158,2.9574468,1.012158,18.975683,10.671732,1.0030395,0.21580546,1.3191489,1.367781,2.8693008,0.449848,1.1033434,1.0425531,0.04255319,0.21276595,0.045592703,0.32522795,1.224924,1.7659574,0.775076,1.4316108,1.8297871,0.8297872,1.8723403,1.7082067,1.5075986,schizophrenia
GSM317392,3.8157897,1.3864266,9.973684,2.9168978,3.2797785,3.1385043,8.606648,3.023546,0.06094183,1.398892,1.1038781,0.6218837,1.7271469,3.4058173,0.62049866,4.621884,1.4653741,1.6606649,1.7770084,6.5083103,2.095568,0.367036,1.2299169,1.1523546,1.9681442,1.9252079,1.5263158,5.5927978,0.11634349,2.2686982,1.831025,0.54847646,0.029085873,0.088642664,0.01800554,2.7063713,2.296399,1.095568,0.50415516,7.4459834,2.296399,3.0124655,3.4182827,0.35180056,0.7631579,1.1454294,0.037396125,1.5844877,0.28670362,3.7036011,0.12465374,1.2243768,0.2534626,6.556787,2.0872576,2.8573408,0.5180056,3.6897507,2.2908587,0.02631579,0.20775624,0.35457066,0.06786704,0.020775624,0.07479225,0.009695292,0.02493075,2.626039,1.0083103,0.17867036,0.40443215,0.32963988,13.026317,4.163435,2.7174516,2.094183,1.1163435,14.504155,9.781164,1.0429363,0.61357343,1.4722992,0.92243767,2.198061,0.4459834,1.034626,0.95429367,0.033241,0.49030474,0.16481994,0.24099724,0.9764543,2.1329641,0.090027705,1.0443214,1.6108035,0.85734075,0.6842106,1.9515235,0.7216067,schizophrenia
GSM317393,3.9268818,1.5204301,6.5204306,1.5741935,2.3311827,3.316129,11.339785,1.6494623,0.53548384,1.1677419,1.5892473,0.74623656,1.5655915,3.5612905,0.39784947,4.2666664,2.292473,1.2903225,2.8387096,6.556989,3.692473,0.9247312,1.6236559,0.93763435,0.85591394,2.9462366,0.52043015,4.167742,0.16774194,3.1096776,1.8043011,0.55698925,0.040860213,0.006451613,0.043010753,4.172043,2.5784945,1.1741935,0.15698925,11.346236,3.5505378,2.7569892,2.8774195,0.3956989,0.6537634,0.89462364,0.025806453,1.0903226,0.07526882,3.180645,0.08817204,1.567742,0.17634408,12.384947,1.8473119,3.8107526,0.38709676,4.632258,3.1333332,0.098924726,1.1548387,0.33333334,0.034408603,0.030107526,0.2,0.14408602,0.058064517,2.772043,0.916129,0.3956989,0.49462366,0.45376346,14.866667,6.6150537,2.8,2.5311828,1.1913979,18.503227,10.350537,1.1956989,1.0752689,1.1892473,1.6301076,2.3032258,0.21935484,1.0215054,0.88387096,0.021505376,0.22365591,0.036559142,0.3139785,0.6666667,1.4451612,0.8043011,1.2215054,1.2129033,0.81935483,1.4860215,2.5698924,0.6494624,schizophrenia
GSM317394,2.5647323,1.1339285,7.6316967,2.21875,2.3125,3.390625,12.616072,1.8281251,0.03794643,2.0691965,1.1852678,0.71875006,2.107143,3.2098215,0.3549107,8.200892,1.7165179,1.0133929,1.7566963,5.522321,3.5491073,0.45535713,1.375,0.95312506,2.0200894,2.3549109,1.1071428,4.245536,0.058035713,1.9665179,2.7723215,0.6294643,0.049107146,0.04017857,0.071428575,3.140625,2.0357141,0.9241072,0.5491072,8.551339,2.9486609,6.417411,4.8125005,0.8660714,1.140625,0.95312506,0.035714287,1.6138394,0.37053573,4.4375,0.051339287,1.2566965,0.03794643,8.245536,1.2522322,2.03125,0.37053573,3.3169644,1.7924109,0.27232143,0.8303572,0.20312501,0.035714287,0.042410716,0.25,0.024553573,0.23883928,2.5044644,0.9285714,0.49107143,0.29017857,0.53348213,14.553572,5.075893,1.8816966,2.5200894,1.7812501,19.75893,15.022322,0.87500006,0.62053573,1.9754465,1.3147322,2.7767859,0.4508929,1.1250001,0.86160713,0.017857144,0.37723213,0.017857144,0.15401787,0.33035716,1.8816966,0.14062501,1.9977679,1.578125,0.49776787,1.375,2.5379465,1.0825893,schizophrenia
GSM317395,4.189979,1.0125262,8.371608,2.7098122,2.7473905,3.3945723,15.286013,2.2588725,0.64926934,0.59498954,1.4050105,0.4676409,2.5448852,3.1753654,0.65344465,7.0375786,1.9728601,1.6576201,2.1816285,4.7620044,2.6075156,0.3736952,1.3006263,1.3549061,0.8392485,3.045929,1.8643007,4.1461377,0.36534446,2.749478,1.4279749,0.55114824,0.05427975,0.073068894,0.035490606,3.254697,2.2964509,1.1858038,0.23590815,11.467641,3.4780796,4.569937,3.6805847,1.045929,0.65762,0.9937369,0.020876827,1.736952,0.08768267,5.0772443,0.08977036,0.82045925,0.10438413,10.175365,1.4425887,1.645094,0.3841336,4.0814195,1.2254697,0.19832985,0.5615866,0.4091858,0.0605428,0.03757829,0.029227557,0.19415449,0.008350731,2.3256786,1.2192067,0.302714,0.36951986,0.39874738,8.636744,5.3173275,3.6534448,2.7327764,0.565762,23.158665,12.820458,1.0208769,0.4947808,1.1795408,1.5093946,2.348643,0.3131524,1.4551147,1.177453,0.029227557,0.3862213,0.07098121,0.31732777,0.75156575,2.1795406,0.54488516,1.3465554,0.43632567,1,0.822547,2.914405,0.87473905,schizophrenia
GSM317400,5.276786,1.3178573,7.226786,2.544643,2.8875,2.5517857,10.980358,2.8035715,0.1,0.74285716,0.9053572,0.9339286,1.5250001,2.9482145,0.6946429,5.158929,1.894643,1.3607143,1.8660715,4.994643,1.7946429,0.62857145,1.1339287,1.325,1.7535715,1.7964287,1.4553572,3.764286,0.13928573,2.0964286,2.1053572,0.75535715,0.07678572,0.08035715,0.13214287,3.9250002,1.3964286,0.69107145,0.08928572,8.325001,2.325,3.0035715,2.9625,0.8607143,0.58214283,1.3000001,0.025,1.9428573,0.17678572,3.671429,0.5517857,1.2857144,0.021428574,6.6607146,2.0964286,1.7946429,0.8214286,3.4982142,1.594643,0.17142859,0.8607143,0.4875,0.042857148,0.019642858,0.34107146,0.47678575,0.28392857,2.5910716,0.9464286,0.33035716,0.2107143,0.15357144,10.501785,4.2803574,2.5035715,1.9678571,1.3732144,17.942858,9.358929,0.9142858,0.30892858,1.2517858,1.3642858,2.3392859,0.41250002,1.0714287,0.80357146,0.12142858,0.3482143,0.030357145,0.11964286,0.40892857,2.575,0.50178576,0.5464286,0.31428573,0.5089286,1.125,2.1053572,0.86428577,schizophrenia
GSM317405,3.9825175,1.7167832,7.9405594,2.409091,2.8391607,3.6433566,19.965034,3.2342658,0.520979,0.6503497,1.5314685,0.67132866,2.132867,3.493007,0.53496504,4.248252,2.1783216,1.1888112,2.2867134,5.7377625,3.7377622,0.6888112,1.6293706,1.1643356,1.7517482,2.339161,1.3671328,3.9475524,0.36363634,2.125874,1.8706293,0.6433566,0.05944056,0.13986014,0.21678321,3.3846154,2.090909,1.0734266,0.37762237,9.716783,3.653846,2.5419579,2.3006995,1.048951,2.1853147,1.3321677,0.03146853,1.3006994,0.37762237,1.965035,0.066433564,0.6433566,0.13986014,6.7272725,1.4545454,2.1993008,0.37062937,4.2202797,1.9580419,0.3881119,0.2027972,0.42657343,0.1013986,0.024475524,0.15734266,0.44405594,0.01048951,2.6013987,1.0734266,0.32517484,0.7832168,0.2062937,11.024475,3.8776224,3.1398602,2.7272727,0.2832168,24.097902,14.702797,0.8496503,0.18881118,1.1678323,1.7587413,2.8846154,0.67832166,1.0559441,0.6433566,0.027972028,0.42307693,0.02097902,0.4055944,0.520979,2.423077,0.43356642,0.986014,0.33566433,0.6433566,1.2832168,2.2167833,0.6678322,schizophrenia
GSM317408,2.4506667,0.89599997,7.2479997,1.9413334,1.6826667,2.536,10.077333,1.5546666,0.21333334,2.1253333,1.3653334,0.35466668,2.28,2.5253334,0.616,5.4506664,1.7253333,1.1520001,1.8773334,6.266667,4.5466666,0.34133336,1.176,1.7733334,2.3893332,2.3706667,0.848,4.5360003,0.010666668,2.5733335,2.1573334,0.55200005,0.064,0.08,0.35733333,3.1226666,2.1200001,0.96266663,0.8906667,8.589334,3.1013334,3.336,4.3333335,0.6986667,0.22133334,0.8586667,0.024,0.784,0.088,3.5413334,0.11466668,1.2186667,0.368,7.4560003,1.488,2.5653334,0.6026667,3.7333333,2.5333333,0.029333334,1,0.38133335,0.064,0.013333334,0.050666668,0.037333332,0.25066665,1.7493334,0.6613333,0.24533333,0.70933336,0.29066667,13.626667,4.408,3.432,2.072,1.1866667,19.837334,9.714666,1.6906668,0.78933334,1.8826667,1.3866667,2.8880002,0.65866673,1.3893334,1.0293334,0.08,0.24266668,0.032,0.33066666,0.9946667,1.6746666,0.184,0.91466665,1.2453334,1.168,0.9386667,1.8373334,1.016,schizophrenia
GSM317409,2.9357543,1.1201117,7.480447,2.0614526,2.7960894,3.5558662,12.231844,1.5391061,0.57262576,0.5837989,1.6759777,0.6675978,1.4581007,3.1620111,0.2905028,4.2625704,1.9832404,0.9636872,1.3966482,4.6508384,4.1005588,0.91340786,1.0363128,1.3491621,1.4189944,2.1731846,1.1005588,4.6536317,0.083798885,2.8212292,2.3296092,0.6061453,0.09776537,0.18156426,0.05027933,2.8715086,1.8519555,0.6815643,0.37150842,6.6620116,2.6648047,2.6508381,3.2681565,1.2318436,0.8324022,1.2178771,0.03631285,0.74860334,0.053072628,1.3463688,0.17318437,1.6452515,0.39106148,6.1340785,1.8184358,2.2318437,0.8072626,3.703911,2.405028,0.23463687,0.53351957,0.3072626,0.12569833,0.033519555,0.41899443,0.055865925,0.005586593,1.4385476,0.9608939,0.4469274,0.301676,0.56983244,10.078213,5.977654,1.7374303,2.3128493,1.6089386,16.469275,9.617318,0.75418997,0.5111732,1.0167599,1.5474862,2.5810058,0.18156426,1.2234638,0.5055866,0.32960895,0.37709498,0.05027933,0.49441347,1.5223465,1.7625699,0.12569833,1.1033521,0.5363129,0.7988827,1.1675978,2.5586593,1.2569833,schizophrenia
GSM317414,3.47541,1.6775957,4.956284,1.5519127,2.1229508,3.428962,12.374317,1.3087432,0.18579237,0.9180328,1.0819672,0.31147543,1.6775957,3.1065574,0.42076504,2.4153008,2.5601094,0.9234973,2.2677598,6.620219,3.2732244,0.63387984,1.1830602,1.2841531,2.363388,3.1721313,0.63114756,4.2896175,0.065573774,2.5382516,2.554645,0.8415301,0.046448093,0.101092905,0.035519127,5.3251367,2.1612022,0.7814208,0.43169403,14.374317,3.65847,1.7868854,2.9344265,1.0300547,0.98360664,1.1229508,0.024590164,0.9617487,0.15846996,2.2322404,0.07923498,1.5983608,0.027322406,10.480875,1.3633881,3.2704918,0.521858,4.166667,2.6065576,0.41530058,0.19945356,0.34699455,0.04371585,0.010928962,0.010928962,0.010928962,0.23224045,3.1120222,0.58196723,0.36065575,0.39890712,0.27322406,17.139345,4.4098363,3.9207652,3.0491805,0.74590164,24.939892,12.710383,1.680328,0.61202186,1.6256832,1.7103826,2.6174865,0.77595633,0.9945356,1.0136613,0.024590164,0.32513663,0.019125683,1.6502733,0.874317,1.8333334,0.092896186,1.1502732,1.6612023,0.5874317,1.1721313,3.169399,0.9180328,schizophrenia
GSM317420,3.7533937,1.1493213,8.006787,1.6877828,2.4932127,3.7669685,13.66742,2.6900454,0.35746607,0.40497738,1.3031675,0.59049773,1.780543,3.2330315,0.6085973,4.662896,2.2285068,1.2850679,1.9592761,5.5316744,2.5972853,0.42081448,0.77375567,0.9298642,1.1764706,2.459276,1.7533937,4.484163,0.056561086,2.1085973,2.5701358,0.7081448,0.03846154,0.10859729,0.036199097,4.361991,1.8665159,0.35746607,0.260181,10.7171955,3.2375567,2.8981903,1.7714933,0.39819005,1.1176472,1.2171946,0.020361992,1.341629,0.11312217,2.045249,0.15158372,0.58371043,0.06787331,7.4615383,1.9162896,2.3868778,0.35520363,4.20362,2.1402714,0.17420815,0.8552036,0.42986426,0.056561086,0.018099548,0.3484163,0.011312217,0.024886878,1.9004525,1.1470588,0.24886878,0.37556562,0.2963801,9.705883,5.4615383,3.0633483,2.7285068,0.42307696,22.355204,11.61086,0.7692308,0.64705884,1.6085973,1.5950227,2.5723982,0.699095,1.1357466,0.9162896,0.04751131,0.3529412,0.15837105,0.16515838,0.47963804,2.3076923,0.3122172,1.5226245,0.3280543,0.5972851,1.2692307,1.9389141,0.7556562,schizophrenia
GSM317422,4.85755,1.0370371,9,2.6980057,3.0313392,2.4957266,11.900286,2.5213675,0.2991453,0.8860399,1.2336183,0.960114,1.846154,3.042735,0.74358976,6.4871798,1.9601141,1.014245,1.8148149,7.019943,3.2450144,0.12535614,1.0968661,1.1111112,2.4529915,2.2250712,1.4586896,4.17094,0.025641026,2.3874645,2.4273505,0.49002853,0.04558405,0.12250713,0.06267807,3.643875,1.7863249,0.3903134,0.8860399,7.045584,2.6039886,3.735043,3.1396012,1.2991453,0.85470086,0.98005706,0.06552707,1.792023,0.054131053,3.1880343,0.042735044,1.3504274,0.03988604,6.350427,1.6153847,2.3219373,0.41310543,3.860399,2.0883193,0.051282052,0.55270654,0.25925928,0.022792025,0.011396012,0.025641026,0.037037037,0.022792025,1.7407408,0.951567,0.5099715,0.4615385,0.1823362,13.549858,6.2079773,2.891738,2.7378917,0.64387465,18.985756,12.185185,1.1851852,0.3133903,1.0085471,1.6809118,2.4444447,0.16239317,1.1025641,1.3675214,0.011396012,0.47008547,0.11111112,0.10541311,0.41025642,2.3333335,0.44159546,0.8689459,0.17094018,0.68091166,1.019943,1.6581197,0.9287749,schizophrenia
GSM317423,4.1836734,1.2789116,6.704082,2.2278912,2.4115648,3.0204084,10.836736,2.261905,0.098639466,1.2244898,1.3537415,0.19387755,2.5680273,2.3231294,0.30952382,5.1530614,1.4115647,1.4319727,1.829932,4.6972795,3.0850341,0.27551022,1.0918367,1.122449,1.5680273,3.1054423,1.0068028,3.8163266,0.05102041,1.7142859,2.6394558,0.6938776,0.08163266,0.16666667,0.057823133,3.1190476,1.9557824,0.57823133,0.8061225,9.469388,3.1360545,3.8741498,3.5408163,0.1122449,1.3367348,1.0408164,0.034013607,1.2721089,0.4591837,3.0204084,0.09183674,0.48299322,0.24149661,6.5442176,1.8537415,2.5884354,0.70408165,3.6768708,2.4013605,0.04081633,0.20068029,0.4727891,0.06462585,0.020408165,0.3877551,0.07142857,0.013605443,2.612245,0.7721089,0.28231293,0.27891156,0.3537415,14.993197,6.241497,2.0816329,2.2006803,1.5408163,19.29592,11.8707485,0.81292516,0.49659866,1.1904762,1.2551022,3.22449,0.207483,0.94217694,0.7755102,0.08163266,0.5850341,0.034013607,1.112245,0.4931973,2.5238094,0.48299322,1.4319727,0.4931973,0.8605442,1.1326531,1.9217688,1.0476191,schizophrenia
GSM317424,4.0602736,0.63835615,5.3232875,2.079452,2.3205478,3.8356164,12.112329,1.9397261,0.101369865,1.210959,1.7863013,0.14520548,1.7205479,2.980822,0.43013698,5.4301367,1.9315069,1.3178082,1.5616438,6.5150685,4.0986304,0.6356165,0.9561644,1.079452,1,1.5369862,0.8328767,2.827397,0.01369863,2.1616437,1.5945206,0.46849316,0.101369865,0.043835618,0.07945206,3.1643836,2.7424657,0.69315064,0.9616438,6.9890413,2.9068491,3.3452053,2.3123288,0.10958904,0.34794518,0.7780822,0.049315065,1.1452055,0.13150686,2.4438355,0.05479452,1.9917808,0.24931508,6.452055,1.6356164,3.3945205,0.7205479,2.528767,3.2547946,0.37260276,0.6082192,0.28493148,0.13150686,0.024657533,0.021917809,0.09589041,0.008219179,2.0630138,0.539726,0.24657534,0.539726,0.30958906,14.052055,6.5643835,2.2684932,1.5178082,1.090411,14.912329,10.29589,0.9808219,0.4219178,1.230137,1.4082192,3.1068494,0.11232876,1.2657534,0.6356165,0.043835618,0.13972603,0.36712328,0.1780822,1.1808219,1.6876712,0.55342466,0.8383562,0.6821918,0.6109589,1.3178082,1.6054794,0.6739726,schizophrenia
GSM317427,4.3210163,1.5681294,7.422633,3.2263281,2.9676676,3.0508087,11.413396,3,0.1039261,1.1778291,1.1016167,0.5935335,1.9491918,3.5034642,0.59815246,4.678984,1.7043881,1.8706698,1.8498846,4.431871,2.3325636,0.6466513,0.8706698,1.2124712,1.4711317,2.4503465,1.8591225,4.579677,0.09468822,2.556582,2.787529,0.67667437,0.06466513,0.09237876,0.15011548,4.030023,2.166282,0.6443418,0.57736725,9.212472,2.3163974,3.2332566,3.9815242,0.5450347,0.92147815,1.2771363,0.030023096,2.0230947,0.12702079,2.909931,0.090069294,0.45958433,0.24018477,6.249423,2.1847575,1.5381063,0.6859123,3.4711318,2.2286375,0.15242495,0.2817552,0.42956123,0.09468822,0.02078522,0.036951505,0.3117783,0.011547345,2.7551966,0.9607391,0.32101616,0.2309469,0.24249424,14.025405,5.861432,2.5196307,2.5242496,0.5011548,19.383373,13.127022,1.2794459,0.6004619,1.1362587,1.1616628,3.4133952,0.26097,1.364896,1.0877599,0.039260972,0.1709007,0.1039261,0.17321017,0.6905312,3.8429563,0.1039261,0.77598155,0.51732105,1.004619,0.97921485,1.4665128,1.0069284,schizophrenia
GSM317428,4.5229006,1.2538167,6.032443,1.7652671,3.2442749,2.683206,14.85687,1.7270992,0.6946565,0.28816795,1.019084,0.70610684,2.110687,3.7290075,0.73282444,6.5553436,2.5610685,1.3053435,2.3683205,6.431298,2.9866412,1.4694656,1.0572519,1.1068702,0.5896946,1.8187023,0.6087786,4.5400763,0.15076336,1.648855,2.139313,0.8301527,0.08778626,0.19656488,0.1793893,3.6564887,1.5,0.6240458,0.6087786,9.961832,2.0973282,4.35687,1.2557253,0.7614504,0.16793893,1.0801526,0.047709923,1.6660305,0.22328244,4.221374,0.16603053,0.769084,0.026717557,8.23855,2.0229008,2.4541986,0.4980916,3.788168,4.4942746,0.28435114,0.7958015,0.27290076,0.091603056,0.017175572,0.03816794,0.22137405,0.030534351,2.1183207,0.8454198,0.055343512,0.3053435,0.28053436,7.9465647,4.832061,3.4580152,2.5305345,1.3053435,19.862597,12.790076,0.86259544,0.7251908,1.0858779,1.2328244,2.7385497,0.35687023,1.0458015,0.81870234,0.04389313,0.11832061,0.27862597,0.21183206,0.5744275,1.9770992,0.08396947,1.1774809,1.4770993,0.97709924,1.0133587,2.591603,1.1125954,schizophrenia
GSM317430,3.4193547,0.95698917,5.9327955,1.8575268,2.5510752,2.75,11.564516,1.5672042,0.10483871,0.4677419,1.6317204,0.06451613,1.846774,2.317204,0.20430106,2.6935482,1.6989247,1.4193548,2.4301074,5.983871,3.2419353,0.42741933,1.0510752,1.2661289,1.3010752,2.8494623,0.83870965,3.755376,0.24999999,1.5940859,1.8575268,0.81182796,0.0672043,0.12365591,0.059139784,3.8629029,1.5376344,1.1290323,0.6989247,11.8682785,2.973118,1.8091397,2.8091397,0.6935483,1.4892473,2.5887096,0.06451613,1.3817204,0.14784946,1.8010752,0.09677418,1.0725806,0.07526881,6.9489245,1.4623655,2.7123654,0.5268817,4.064516,2.9354837,0.3548387,0.7768817,0.13978493,0.10215053,0.021505376,0.037634406,0.01344086,0.01344086,1.8118279,0.5618279,0.17473118,0.3548387,0.34677416,8.862903,5.44086,2.0483868,2.5403225,1.0645161,16.327957,13.048387,1.0806451,0.4301075,1.6532257,1.155914,3.4919353,0.47580644,1.048387,1.0107526,0.06451613,0.6182795,0.24193548,0.33602148,1.1048386,2.69086,0.09946236,0.87903225,2.174731,0.59677416,1.0564516,1.9596773,1.422043,schizophrenia
GSM317437,2.0848897,1.4091681,7.3565364,1.5993208,2.9439728,9.056027,9.166384,1.0186757,0.06960951,0.77249575,0.69439733,0.05942275,1.8421053,3.222411,0.26994905,4.129032,2.4516127,0.9694397,1.7334465,7.162988,3.9949067,1.229202,0.9932088,0.80475384,0.73344654,2.3225806,0.39898133,3.9864178,0.06451613,2.4448218,3.3837013,1.0916809,0.052631576,0.07640068,0.16298813,4.3378606,1.9847199,0.6095077,0.5331069,9.575552,3.9134126,2.728353,0.66213924,0.6519525,0.49915108,1.5908319,0.02886248,0.8556876,1.0458404,3.113752,0.17147708,1.6315789,0.24617997,12.200339,2.4957554,3.0628183,0.3599321,3.9949067,3.9626484,0.21731749,0.7792869,0.34125638,0.08658744,0.015280135,0.22920203,0.23429541,0.020373516,1.9049236,0.44312394,0.2393888,0.237691,0.20203735,9,4.726655,3.312394,3.4634974,1.6774194,20.040747,10.212224,0.99830216,0.5874363,1.556876,1.6943973,3.2071307,0.13242784,1.0220714,0.43293718,0.027164686,0.27164686,0.21222411,0.21901527,1.0509338,1.8336163,0.08998302,2.0509338,1.7062818,0.58404076,1.5925298,4.2003393,0.93887943,schizophrenia
GSM317448,4.2664833,1.304945,7.9560437,2.4093404,2.546703,3.4752746,11.810439,2.4230766,0.079670325,1.0357143,1.304945,0.11813187,2.4835165,2.8681316,0.2307692,7.2280216,2.0494504,1.1236264,1.576923,4.483516,2.5961537,0.68131864,0.8461538,1.1428571,1.381868,2.6153843,1.4285713,5.1181316,0.2664835,2.3406591,2.2170327,1.0467032,0.10714285,0.25274724,0.06593406,3.3928568,1.9670328,0.6263736,0.7307692,9.192307,1.8928571,3.9313185,3.3434062,0.68131864,0.36263734,1.6785713,0.030219778,1.7994504,0.11813187,3.826923,0.15934065,0.49725273,0.038461536,7.5164833,1.653846,2.8489008,0.48901093,2.5274725,2.1263735,0.07142857,0.36263734,0.4285714,0.1565934,0.019230768,0.0576923,0.25274724,0.101648346,2.8131866,1.0604395,0.22802196,0.45329666,0.14560439,11.1620865,5.607143,2.304945,2.6620877,0.5054945,17.26923,14.296703,1.3928571,0.3763736,1.1043955,1.4010988,2.3461537,0.35714284,1.1181319,0.9560439,0.07692307,0.13461538,0.13736263,0.18131867,0.91208786,2.7280219,0.45604393,1.4697801,0.59340656,0.5384615,1.1016482,1.5412086,0.70879114,schizophrenia
GSM317450,4.765281,1.0684596,8.6577015,2.4303179,2.806846,2.6894865,13.523227,2.572127,0.08557457,1.4400978,1.2249389,0.04400978,2.0929096,2.6992664,0.4816626,8.190709,2.2542787,1.6650366,1.6063569,5.2958436,3.3814182,0.2176039,0.71149147,1.2860636,1.7163813,3.0880196,1.9046454,4.875305,0.19804402,1.96088,2.8288507,0.55256724,0.10024449,0.31295845,0.080684595,3.2933984,1.6797065,0.6259169,0.2836186,7.745721,2.9242053,5.6797066,3.1246943,0.35207823,1.3349633,1.2738385,0.019559903,2.1344743,0.24205378,5.94621,0.16381417,0.9657702,0.2591687,11.0489,2.1882641,2.0611248,0.68215156,3.1369193,1.5427872,0.20782396,0.3178484,0.19315404,0.06601467,0.012224939,0.056234717,0.034229826,0.007334963,2.6063569,1.0880195,0.23716381,0.36674815,0.25183374,12.061124,5.3300734,2.374083,2.1198044,1.4229829,15.86797,12.699267,1.2982885,0.75061125,1.396088,1.2420537,3.1540341,0.24694377,1.2469437,0.804401,0.058679707,0.3007335,0.112469435,1.2469437,0.8117359,3.7652812,0.3789731,1.2689487,0.8484108,0.7555012,1.0293398,2.1051345,1.0195599,schizophrenia
GSM317455,2.8900635,1.4587739,6.0147996,1.577167,2.1818182,2.780127,9.118394,1.8985202,0.95137423,0.28752646,1.2325581,0.33403808,1.5581396,3.3805497,0.640592,4.145878,2.6194506,1.0570825,2.2071884,5.894292,3.4778016,0.11205075,0.7970402,1.2917548,0.871036,2.727273,1.1057082,3.7949262,0.07610994,1.8118393,3.3403807,0.8731501,0.06342495,0.09725159,0.061310787,4.1479917,1.6469346,0.84989434,0.42706135,11.471458,3.1057084,2.906977,1.7188163,0.78224105,1.5877379,1.1649048,0.025369981,1.2304441,0.11627907,2.7441862,0.12262157,0.64482033,0.38689217,9.53277,1.4228331,3.1670194,0.5327696,4.145878,2.17759,0.25158563,0.8012686,0.11627907,0.09725159,0.010570825,0.35306558,0.3509514,0.048625793,2.4143765,0.845666,0.21353067,0.39534888,0.31501058,9.509514,5.8541226,2.8245246,3.2579284,1.6152221,20.794926,13.881607,1.1585624,0.71458775,1.8583511,1.139535,2.8350954,0.14164905,0.9492601,0.35940805,0.32980976,0.03382664,0.061310787,0.48837212,0.8308668,2.3530657,0.45877382,1.382664,2.729387,0.9682876,1.1860466,2.7843552,0.9238901,schizophrenia
GSM317457,4.363889,1.5694444,6.4722223,2,2.5194445,3.113889,13.991667,1.3527778,0.08055556,1.8083333,0.92222226,0.4027778,2.2361112,4.1694446,0.55,9.455556,1.9527779,1.325,2.7305558,7.8166666,3.4333334,0.82500005,0.9277778,1.4555556,1.7222222,2.7055557,0.9472222,3.3777778,0.06111111,2.325,2.7805555,0.8833333,0.03611111,0.06944445,0.044444446,3.7944446,2.2444446,1.0611111,0.21111111,8.191667,3.8277779,5.4722223,4.802778,0.70277774,0.22222222,1.625,0.025,1.4888889,0.15277778,6.616667,0.11388889,1.2361112,0.019444445,15.347222,1.8000001,3.538889,0.6,3.8444443,2.6777778,0.2388889,0.7388889,0.28888887,0.15833333,0.022222223,0.28611112,0.31666666,0.005555556,3.1361113,0.9166667,0.41944447,0.4,0.18888889,18.858334,4.6194444,4.1916666,2.6111112,0.81388885,23.227777,12.294445,1.138889,0.47222224,1.1861111,2.375,2.9972222,0.3,1.1861111,0.95000005,0.07777778,0.11944445,0.2,0.20277779,0.6611111,1.9722222,0.1388889,1.6333333,0.39166668,0.89444447,1.2138889,2.2583334,0.68888885,schizophrenia
GSM317460,5.1715817,0.95174265,8.340483,2.6997318,3.75067,2.0107238,16.951742,2.3431635,0.12600535,0.7587131,1.300268,0.8659517,1.6541555,2.8284183,0.5067024,5.8069706,1.61126,1.6246648,1.7640752,5.573726,4,1.3726542,0.53887403,1.0777481,2.0643432,2.455764,1.0402144,4.6675606,0.06970509,2.0563002,3.6273458,0.9490617,0.053619303,0.3163539,0.04825737,3.300268,1.9597855,0.39410186,0.6300268,10.24933,1.9731903,3.6085792,3.1126006,0.7426274,0.2680965,0.96514744,0.06702413,1.7292225,0.15281501,3.3753352,0.14209116,1.4209116,0.018766755,6.761394,1.8873996,2.2815013,0.58176947,3.7238605,2.3967829,0.24664879,0.7104558,0.37533513,0.11260053,0.042895444,0.04557641,0.034852546,0.024128685,1.3994638,1.1930295,0.28150135,0.38605896,0.23056301,12.504022,5.1045575,1.9758712,2.2412868,1.233244,16.64343,11.367292,0.72922254,0.9436998,1.5174263,1.1742628,2.2868633,0.18230563,1.4772117,0.86863273,0.056300264,0.6809651,0.053619303,1.1447722,0.33243966,2.5201073,0.86058974,1.5147454,0.6193029,0.53351206,1.0107238,1.5254692,0.6756032,schizophrenia
GSM317463,2.2938597,1.5307019,3.6973686,0.75,2.0921054,3.7938597,10.921053,0.97807014,0.12280702,0.7631579,0.92543864,0.3377193,1.872807,2.0394738,0.04385965,4.7807016,2.5263157,1.004386,1.6754386,7.017544,2.381579,0.50438595,0.6929825,1.4692982,0.82017547,1.6666666,0.89912283,3.263158,0.5964913,1.6666666,2.25,0.79385966,0.06140351,0.13596492,0.07456141,5.381579,1.7982457,1.0263158,0.95614034,10.513158,2.885965,2.0438595,3.3289475,0.6885965,2.377193,1.5833333,0.039473683,0.96929824,0.33333334,1.8947369,0.20614034,1.1096491,0.07017544,10.105263,1.9342104,3.2017543,0.6973684,2.4342105,2.4780703,0.039473683,0.25438598,0.50438595,0.078947365,0.01754386,0.27192983,0.057017542,0.030701755,2.2894738,0.82456136,0.20614034,0.7017544,0.28070176,10.359649,6.4517546,2.5964913,2.6973684,1.2938596,16.789473,11.855263,0.754386,0.7763158,1.4649124,1.385965,2.4868422,0.10087719,1.1929826,1.122807,0.105263166,0.55701756,0.039473683,0.44298247,0.53070176,1.7236842,0.118421055,0.7894737,1.3377193,0.85087717,1.7192982,1.9912281,1.0394738,schizophrenia
GSM317464,5.6896553,0.93390805,7.632184,2.4425287,2.7672415,1.862069,11.359195,2.3994253,0.06896552,1.4597701,1.3735632,0.94827586,2.5804598,2.5,0.6034483,6.25,2.1925287,0.88793105,1.4022988,4.586207,2.9367814,0.5603448,0.61206895,1.3678161,2.224138,2.2270114,1.1781609,4.422414,0.08908046,1.4051725,3.1666665,0.5804598,0.04597701,0.17528735,0.09195402,3.0689657,1.9454021,0.48563218,0.7126437,7.5201154,2.2327585,3.6867816,2.913793,0.52586204,1.7068965,1.4281609,0.048850577,1.5718391,0.20689654,2.8563218,0.13793103,0.7586207,0.31896552,6.7471266,1.8017242,1.4885057,0.59195405,2.5890803,1.2758621,0.33333334,1.2528735,0.22988506,0.06896552,0.020114942,0.04597701,0.15804598,0.048850577,1.8390805,0.6293103,0.21551724,0.07183908,0.28448275,14.252873,4.9281607,2.0201151,2.3563218,1.1005747,17.715517,11.20977,0.95689654,0.73275864,1.5057472,1.0172415,2.637931,0.14367816,0.95977014,1.0977012,0.03448276,0.6149425,0.025862068,0.7385058,0.51724136,2.928161,0.79885054,0.72126436,0.4770115,0.9281609,1.4913794,1.387931,1.1321839,schizophrenia
GSM317467,4.6114984,0.81533104,8.998258,2.2891986,2.6602788,2.3397214,12.736934,1.6968641,0.46167248,1.2247387,1.1428572,0.728223,2.28223,3.3344948,0.43379793,7.3501744,1.4651568,1.2700349,1.8728223,6.2439027,4.466899,1.0034844,0.78048784,1.3658537,1.433798,3.0958188,1.271777,5.212544,0.2909408,2.2125435,3.6114984,0.5592334,0.071428575,0.20383276,0.040069688,4.045296,1.9094077,0.78048784,0.66376305,7.4616723,2.2560976,4.334495,2.4703834,0.31358886,0.17247386,1.2108014,0.040069688,1.5627178,0.13763067,3.074913,0.08885018,1.1027875,0.20034844,8.724739,1.8519164,2.7473867,0.5313589,3.423345,4.0034842,0.108013935,1.1062717,0.39198607,0.2804878,0.013937282,0.071428575,0.031358887,0.087108016,2.3432057,1.0243902,0.2996516,0.3205575,0.1585366,13.726481,5.2874565,3.1393728,2.8292682,1.0853659,19.029617,12.270035,0.7735192,0.47735193,1.2073171,1.1933799,2.611498,0.5209059,0.9773519,1.0627178,0.022648083,0.20905924,0.04181185,0.36585367,0.6167248,2.432056,0.2543554,1.087108,1.7526133,0.85888505,1.2630663,2.6567945,0.72648084,schizophrenia
GSM317469,3.3386774,1.3887776,6.322645,2.1963928,2.1242485,4.0881763,10.897796,1.2805611,0.38677353,1.5110221,1.1482966,0.5450902,2.0701404,3.719439,0.49699396,5.1162324,2.0220442,1.5450901,2.9819639,10.098196,3.2164328,0.2785571,0.76352704,1.0661323,0.6132265,2.224449,0.7875751,4.3787575,0.042084165,2.9699397,2.482966,1.0200402,0.03807615,0.09418837,0.042084165,3.9298599,1.7695391,1.1683366,0.6132265,8.867735,4.3607216,3.8537076,3.1763527,0.5150301,0.98998,1.4509019,0.018036071,1.3286574,0.250501,2.5991983,0.21643287,1.1282564,0.3026052,8.705411,1.3126253,3.777555,0.2985972,4.312625,2.6533065,0.13827655,0.71142286,0.35270542,0.036072142,0.014028056,0.18436873,0.024048097,0.26853707,2.5671344,1.1082164,0.34068137,0.39478958,0.33266532,13.146293,3.7795591,4.346693,2.8436873,1.1482966,22.537073,9.170341,0.99198395,0.8076152,1.5531062,1.6452905,2.258517,0.12825651,0.83767533,0.73547095,0.024048097,0.5290581,0.046092182,0.10621243,0.89178354,1.7494991,0.33466935,1.3567133,1.9338677,0.7715431,1.2284569,2.6533065,1.0961924,schizophrenia
GSM317470,4.808696,0.90724635,8.17971,2.4985507,2.0463767,3.368116,9.489855,2.0637681,0.20289856,1.0463768,1.452174,0.47246376,1.6376812,3,0.6173913,6.9391303,1.4202899,1.7304349,1.1884059,4.9768114,3.9101448,0.10144928,0.6753623,1.4173914,2.1855073,1.947826,1.9333333,4.7594204,0.07536232,2.5478263,2.7391305,0.53333336,0.46086955,0.17681159,0.089855075,3.0492754,1.8666668,0.87826085,0.36811593,7.434783,1.5333334,4.794203,3.5594203,0.57391304,0.6724638,1.4666667,0.028985508,1.3478261,0.21159421,3.1217391,0.19130436,1.2144928,0.14202899,5.652174,2.0057971,1.5913044,0.8028986,3.1797101,2.1797101,0.17391305,0.28985506,0.42028987,0.1884058,0.020289855,0.023188407,0.060869563,0.060869563,1.947826,0.91884065,0.34492752,0.3362319,0.4405797,11.397102,5.657971,1.4956522,2.2086957,0.81159425,16.394203,13.371015,1.0463768,0.60289854,1.1797101,0.90434784,2.2115943,0.13333334,1.4666667,0.9942029,0.08695652,0.22608696,0.07536232,0.6,0.657971,3.7536232,0.11884058,0.9913044,1.0521739,1,1.2521739,1.9913043,1.1072464,schizophrenia
GSM317473,5.0294695,1.3575639,8.430256,2.345776,3.4282908,4.1159134,16.420431,2.5442042,0.30058938,1.210216,1.2200392,0.7229862,1.891945,3.2495086,0.42239684,4.9705305,1.9724951,1.2200392,2.237721,6.3261294,2.752456,0.3104126,0.83497053,1.0039293,1.4361492,1.8487229,1.1257367,5.7544203,0.13948919,1.935167,2.361493,0.6561886,0.041257367,0.106090374,0.17288801,4.2082515,1.5186641,1.5638506,0.388998,8.550098,4.129666,2.8722985,3.6188605,0.58939093,0.87033397,0.7229862,0.015717093,1.5795678,0.91159135,2.459725,0.09430256,1.5520629,0.03929273,8.510806,2.005894,3.5540273,0.41650295,4.166994,2.3163066,0.102161095,0.7485265,0.2848723,0.033398822,0.013752456,0.029469548,0.035363458,0.17288801,2.8546169,0.9548133,0.3968566,0.35756385,0.15324165,14.760314,4.4282904,2.8565814,2.5245578,1.0589391,20.29666,9.058939,1.0294696,0.28290766,1.4184675,1.5599214,2.5029469,0.41257367,1.1178782,0.77013755,0.01178782,0.21414538,0.09823182,0.4518664,0.8958742,1.5324165,0.106090374,1.7406679,0.7249509,0.37131628,1.1335952,2.021611,1.3143419,schizophrenia
GSM317474,2.890971,1.1652471,8.103918,2.4173763,2.4599657,2.6746166,13.2998295,2.1192505,0.26235092,0.5349233,0.85689944,0.4020443,2.0783646,2.4974446,0.72231686,6.3986373,1.3543441,1.4531517,2.0902896,7.0153317,3.4293015,1.3662691,0.66950595,1.4531517,2.3049405,1.8228279,1.0596253,4.1141396,0.04940375,1.971039,4.826235,0.59625214,0.039182283,0.015332197,0.056218058,2.6286201,2.0221465,0.69335604,0.8858603,9.749574,2.398637,4.126065,2.1311755,0.5383305,0.71550256,0.8415673,0.028960818,1.2010221,0.13287905,2.9284496,0.09028961,2.1788757,0.06473594,5.589438,1.7546848,3.318569,0.6201022,3.197615,2.2316866,0.02725724,0.7086882,0.29812607,0.069846675,0.015332197,0.14650767,0.09369676,0.005110733,2.9693356,1.1175468,0.28279388,0.4770017,0.21635434,9.488927,4.4599657,1.6609881,2.741056,0.88415676,16.834753,12.437819,0.67461663,0.62350935,1.7751276,1.4957411,2.2129471,0.7955707,1.1294719,0.48040888,0.028960818,0.24361159,0.03236797,0.13969335,0.737649,2.0340714,0.94548553,0.923339,1.5059625,1.1056218,1.374787,1.6149915,1.0817717,schizophrenia
GSM317475,3.318072,1.0313252,7.0072284,2.207229,2.4843373,2.2144578,13.306024,2.3855422,0.11566265,0.939759,1.4024096,0.7012048,2.7012048,2.3879516,0.2939759,7.310843,1.4939759,1.7493975,1.2819277,4.657831,3.4409637,0.3566265,0.7590361,1.3783132,1.5518072,2.7084336,0.98072284,3.9879518,0.04337349,1.8433734,3.433735,0.60481924,0.0313253,0.04337349,0.5156626,3.2337348,2.6216867,1.2144579,1.1759036,7.8481927,2.7710843,5.19759,2.7783132,0.513253,1.1084337,1.5807228,0.024096385,1.3445783,0.89638555,3.9253008,0.118072286,1.7879517,0.29879516,8.457831,1.5349398,2.9686744,0.38313252,3.0771081,2.019277,0.06024096,1.626506,0.31084335,0.036144577,0.019277109,0.014457831,0.15180723,0.17108433,2.8819275,0.6963855,0.30602407,0.5686747,0.28915662,14.06506,4.706024,1.5951806,2.9975903,1.4433734,16.081928,12.896385,0.5879518,0.74698794,1.5807228,1.4361445,2.8843372,0.9445783,1.0457832,0.6626506,0.016867468,0.12048192,0.053012047,0.4891566,0.739759,2.313253,0.35421684,1.3108433,2.33253,1.0289156,0.8,2.2674696,0.9927711,schizophrenia
GSM317478,3.843038,1.086076,5.258228,1.8253164,2.278481,2.5240507,13.065823,1.7898734,0.07341772,0.82025325,0.7898735,0.77215195,1.9696203,2.6987343,0.3721519,3.870886,2.678481,0.8759493,1.9569621,5.253165,3.756962,1.7468355,0.8050633,1.5443039,1.2911392,2.8759494,0.8835444,3.2101266,0.1164557,1.7772151,2.4405065,1.0253165,0.025316456,0.16962025,0.35443038,3.729114,2.1240506,0.5113924,0.17468356,13.908862,2.4177215,2.972152,1.5316457,0.47848102,0.2987342,1.1088607,0.027848102,1.5012659,0.18734178,2.4253166,0.08101266,1.121519,0.11392406,10.43038,1.8708862,2.435443,0.4,3.4202535,2.0379748,0.22278482,1.1772152,0.4506329,0.043037977,0.020253165,0.278481,0.24050634,0.010126582,2.227848,0.93670887,0.34430382,0.21518987,0.3164557,11.779747,5.2455697,2.8658228,2.8151898,0.5822785,18.713924,13.232912,1.0278481,0.3873418,0.929114,1.4126582,2.843038,0.43797466,0.9746836,0.5367089,0.24303798,0.24810128,0.06329114,0.2,0.92151904,1.9569621,0.26329115,0.8582279,1.8835444,0.643038,1.521519,2.2405064,0.77721524,schizophrenia
GSM317481,3.8054473,1.2062256,7.8326845,2.241245,2.6887157,2.3463035,13.167315,1.5175097,0.20233461,0.33463034,1.3579767,1.1361867,2.003891,2.3540854,0.31906614,4.85214,2.1400778,0.9766537,2.1789882,5.649805,4.233463,1.5642023,0.8988327,2.3774319,1.4980544,2.245136,0.9610895,4.801556,0.07392996,1.5175097,3.610895,0.38910505,0.058365755,0.08949416,0.06614786,3.700389,2.4941633,1.0700389,0.66536963,6.521401,2.322957,3.2140076,3.4319065,0.78210115,0.6459144,1.0155642,0.031128405,1.1089494,0.105058365,2.7587547,0.058365755,0.922179,0.027237352,3.782101,1.3112841,2.3035018,0.39688712,3.3891048,2.8443577,0.3929961,1.3229572,0.41634238,0.054474704,0.023346303,0.15175097,0.06225681,0.12451362,2.9377432,0.71984434,0.28793773,0.43579763,0.3696498,17.642023,5.8754864,1.3424124,2.8249025,1.7976654,9.474708,14.428015,0.44357973,0.9105058,1.7315174,1.5330739,3.1284046,0.540856,1.6420233,0.80544746,0.038910504,0.22568093,0.13229571,0.6536964,0.7859922,2.5214007,0.79766536,1.6536964,2.1050582,0.5252918,1.1906614,1.4708171,0.84435797,schizophrenia
GSM317482,2.7364457,0.8975903,4.7665663,1.6415662,2.1867468,3.7454817,7.328313,1.566265,0.6701807,0.8524096,1.191265,0.4834337,2.3915663,3.313253,0.3313253,3.9186747,2.1581326,1.2138554,2.5316265,7.4984937,4.067771,0.7665663,1.0888554,1.0271083,0.9698795,2.0271084,0.9262048,4.1581326,0.072289154,2.6204817,2.570783,0.39307228,0.052710842,0.094879515,0.034638554,3.498494,1.9984939,0.8795181,0.0813253,9.85994,3.0210843,2.8584337,2.7515059,0.79066265,0.6129518,1.4759035,0.06325301,1.1144578,0.68674695,2.7469878,0.3207831,1.7665663,0.16114457,9.534637,1.6762048,3.7063253,0.3207831,3.8012047,3.2138553,0.14006025,0.43975905,0.44728914,0.031626504,0.019578312,0.08283132,0.24849397,0.20933734,2.4021084,0.8012048,0.29668674,0.30421686,0.49548194,13.111444,4.871988,1.5391566,2.951807,1.8313252,14.263554,10.971385,0.5391566,0.86295176,1.2936747,1.7183734,2.5346384,0.3072289,0.91867465,0.4578313,0.04066265,0.22289155,0.034638554,0.6370482,0.80722886,1.7846385,0.69578314,1.8599397,2.1069276,0.6340361,1.8945783,2.4578311,1.5602409,schizophrenia
